model_family,split_name,split,split_family,target,n_cases,n_retained,n_abstain,n_failed,retained_cov_pct,abstain_cov_pct,MAPE_all_pct,MAPE_retained_pct,failure_all_pct,failure_retained_pct,false_accept_n,false_accept_pct_all,false_abstain_n,false_abstain_pct_all,bias_pct
ExtraTrees,random80_20,Random 80/20,Random 80/20,DelP_Pa,922,782,140,0,84.81561822125813,15.184381778741866,0.10908894382502864,0.08935585131315389,0.0,0.0,0,0.0,140,15.184381778741866,0.007965579120437336
ExtraTrees,random80_20,Random 80/20,Random 80/20,Nuavg,922,784,138,8,85.03253796095444,14.967462039045554,0.3227842221555548,0.2383513974105333,0.8676789587852495,0.3826530612244898,3,0.32537960954446854,133,14.425162689804772,0.036139321421215224
ExtraTrees,holdout_Re25,Holdout Re=25,Withheld Reynolds,DelP_Pa,1152,0,1152,1152,0.0,100.0,331.3957777532744,,100.0,,0,0.0,0,0.0,331.3957777532744
ExtraTrees,holdout_Re25,Holdout Re=25,Withheld Reynolds,Nuavg,1152,0,1152,1152,0.0,100.0,39.855107653526105,,100.0,,0,0.0,0,0.0,39.855107653526105
ExtraTrees,holdout_Re100,Holdout Re=100,Withheld Reynolds,DelP_Pa,1152,0,1152,1152,0.0,100.0,45.834767111648134,,100.0,,0,0.0,0,0.0,-45.834767111648134
ExtraTrees,holdout_Re100,Holdout Re=100,Withheld Reynolds,Nuavg,1152,0,1152,1024,0.0,100.0,8.709623468082045,,88.88888888888889,,0,0.0,128,11.11111111111111,-8.634588206155708
ExtraTrees,holdout_Re250,Holdout Re=250,Withheld Reynolds,DelP_Pa,1152,0,1152,1152,0.0,100.0,27.7700200200929,,100.0,,0,0.0,0,0.0,-27.770020020092904
ExtraTrees,holdout_Re250,Holdout Re=250,Withheld Reynolds,Nuavg,1152,0,1152,555,0.0,100.0,4.692423549076765,,48.17708333333333,,0,0.0,597,51.822916666666664,-4.086801119700963
ExtraTrees,holdout_Re500,Holdout Re=500,Withheld Reynolds,DelP_Pa,1152,187,965,1152,16.23263888888889,83.76736111111111,58.35959017874128,58.27071764206833,100.0,100.0,187,16.23263888888889,0,0.0,-58.35959017874128
ExtraTrees,holdout_Re500,Holdout Re=500,Withheld Reynolds,Nuavg,1152,186,966,1152,16.145833333333336,83.85416666666666,22.252512358409167,18.45374987546068,100.0,100.0,186,16.145833333333336,0,0.0,-22.252512358409167
ExtraTrees,holdout_G01,Holdout G01,Withheld geometry,DelP_Pa,768,0,768,24,0.0,100.0,4.759309334662875,,3.125,,0,0.0,744,96.875,4.759309334662876
ExtraTrees,holdout_G01,Holdout G01,Withheld geometry,Nuavg,768,0,768,93,0.0,100.0,2.712306549322607,,12.109375,,0,0.0,675,87.890625,-2.712306549322607
ExtraTrees,holdout_G02,Holdout G02,Withheld geometry,DelP_Pa,768,20,748,0,2.604166666666667,97.39583333333334,1.4180217588329105,0.20091020857119185,0.0,0.0,0,0.0,748,97.39583333333334,1.351888789512986
ExtraTrees,holdout_G02,Holdout G02,Withheld geometry,Nuavg,768,304,464,18,39.58333333333333,60.416666666666664,1.10969839586656,0.7090535628654788,2.34375,2.302631578947368,7,0.9114583333333334,453,58.984375,-0.26828790259513374
ExtraTrees,holdout_G03,Holdout G03,Withheld geometry,DelP_Pa,768,426,342,0,55.46875,44.53125,0.3891632346590956,0.4272288663800426,0.0,0.0,0,0.0,342,44.53125,0.35528722167762644
ExtraTrees,holdout_G03,Holdout G03,Withheld geometry,Nuavg,768,369,399,45,48.046875,51.953125,1.1565928660212366,0.6467275390996523,5.859375,0.0,0,0.0,354,46.09375,-1.1222916720521419
ExtraTrees,holdout_G04,Holdout G04,Withheld geometry,DelP_Pa,768,0,768,48,0.0,100.0,3.9477023828496343,,6.25,,0,0.0,720,93.75,3.947702382849634
ExtraTrees,holdout_G04,Holdout G04,Withheld geometry,Nuavg,768,140,628,108,18.229166666666664,81.77083333333334,2.2765711173535057,0.6801566400234221,14.0625,0.0,0,0.0,520,67.70833333333334,1.6991321585115644
ExtraTrees,holdout_G05,Holdout G05,Withheld geometry,DelP_Pa,768,568,200,0,73.95833333333334,26.041666666666668,1.5694741099668388,1.5536904739251371,0.0,0.0,0,0.0,200,26.041666666666668,1.5371502777343105
ExtraTrees,holdout_G05,Holdout G05,Withheld geometry,Nuavg,768,379,389,72,49.34895833333333,50.651041666666664,2.047092550289887,1.8402234706934504,9.375,8.443271767810026,32,4.166666666666666,349,45.44270833333333,-0.4483859135662627
ExtraTrees,holdout_G06,Holdout G06,Withheld geometry,DelP_Pa,768,0,768,592,0.0,100.0,19.17951976121648,,77.08333333333334,,0,0.0,176,22.916666666666664,-19.17951976121648
ExtraTrees,holdout_G06,Holdout G06,Withheld geometry,Nuavg,768,0,768,213,0.0,100.0,4.783887355055115,,27.734375,,0,0.0,555,72.265625,-2.2333346571258255
ExtraTrees,combined_G06_Re500,Combined G06/Re500,Combined G06/Re500,DelP_Pa,192,0,192,192,0.0,100.0,68.17182687887687,,100.0,,0,0.0,0,0.0,-68.17182687887687
ExtraTrees,combined_G06_Re500,Combined G06/Re500,Combined G06/Re500,Nuavg,192,0,192,192,0.0,100.0,29.01401396975886,,100.0,,0,0.0,0,0.0,-29.014013969758853
XGBoost,random80_20,Random 80/20,Random 80/20,DelP_Pa,922,796,126,0,86.33405639913232,13.665943600867678,0.4313515115793473,0.33840589055613157,0.0,0.0,0,0.0,126,13.665943600867678,0.008957272643959107
XGBoost,random80_20,Random 80/20,Random 80/20,Nuavg,922,789,133,7,85.57483731019524,14.425162689804772,0.5153089631954141,0.42797695205410624,0.7592190889370932,0.25348542458808615,2,0.21691973969631237,128,13.882863340563992,0.0536676724113939
XGBoost,holdout_Re25,Holdout Re=25,Withheld Reynolds,DelP_Pa,1152,0,1152,1152,0.0,100.0,331.44663899580064,,100.0,,0,0.0,0,0.0,331.44663899580064
XGBoost,holdout_Re25,Holdout Re=25,Withheld Reynolds,Nuavg,1152,0,1152,1152,0.0,100.0,39.873113392472774,,100.0,,0,0.0,0,0.0,39.873113392472774
XGBoost,holdout_Re100,Holdout Re=100,Withheld Reynolds,DelP_Pa,1152,188,964,1152,16.319444444444446,83.68055555555556,76.77215299759578,76.66736459996669,100.0,100.0,188,16.319444444444446,0,0.0,-76.77215299759578
XGBoost,holdout_Re100,Holdout Re=100,Withheld Reynolds,Nuavg,1152,189,963,1152,16.40625,83.59375,27.917541459144594,22.56474210178048,100.0,100.0,189,16.40625,0,0.0,-27.917541459144594
XGBoost,holdout_Re250,Holdout Re=250,Withheld Reynolds,DelP_Pa,1152,1105,47,1152,95.92013888888889,4.079861111111112,65.12846587739442,65.13452292771784,100.0,100.0,1105,95.92013888888889,0,0.0,-65.12846587739442
XGBoost,holdout_Re250,Holdout Re=250,Withheld Reynolds,Nuavg,1152,1108,44,1152,96.18055555555556,3.8194444444444446,23.97226201168336,23.851166217956838,100.0,100.0,1108,96.18055555555556,0,0.0,-23.97226201168336
XGBoost,holdout_Re500,Holdout Re=500,Withheld Reynolds,DelP_Pa,1152,187,965,1152,16.23263888888889,83.76736111111111,58.37050169214336,58.26622625115632,100.0,100.0,187,16.23263888888889,0,0.0,-58.37050169214336
XGBoost,holdout_Re500,Holdout Re=500,Withheld Reynolds,Nuavg,1152,186,966,1152,16.145833333333336,83.85416666666666,22.25554962522673,18.484615419195208,100.0,100.0,186,16.145833333333336,0,0.0,-22.25554962522673
XGBoost,holdout_G01,Holdout G01,Withheld geometry,DelP_Pa,768,0,768,27,0.0,100.0,4.77728928559319,,3.515625,,0,0.0,741,96.484375,4.7772892855931905
XGBoost,holdout_G01,Holdout G01,Withheld geometry,Nuavg,768,0,768,107,0.0,100.0,2.7016054748301497,,13.932291666666666,,0,0.0,661,86.06770833333334,-2.7016054748301492
XGBoost,holdout_G02,Holdout G02,Withheld geometry,DelP_Pa,768,653,115,0,85.02604166666666,14.973958333333334,0.49466728313691516,0.4655711325364937,0.0,0.0,0,0.0,115,14.973958333333334,0.23639660872369184
XGBoost,holdout_G02,Holdout G02,Withheld geometry,Nuavg,768,450,318,44,58.59375,41.40625,1.158073394611845,0.8524216068634322,5.729166666666666,1.5555555555555556,7,0.9114583333333334,281,36.58854166666667,0.3814036290883643
XGBoost,holdout_G03,Holdout G03,Withheld geometry,DelP_Pa,768,409,359,0,53.255208333333336,46.74479166666667,0.3818929164182432,0.3301508767646397,0.0,0.0,0,0.0,359,46.74479166666667,0.08870744465544188
XGBoost,holdout_G03,Holdout G03,Withheld geometry,Nuavg,768,360,408,47,46.875,53.125,1.147698023787547,0.8028986704114917,6.119791666666666,2.5,9,1.171875,370,48.17708333333333,-0.7799016256717831
XGBoost,holdout_G04,Holdout G04,Withheld geometry,DelP_Pa,768,651,117,0,84.765625,15.234375,1.522269512427154,1.5814572837985668,0.0,0.0,0,0.0,117,15.234375,-1.3346248805327416
XGBoost,holdout_G04,Holdout G04,Withheld geometry,Nuavg,768,443,325,106,57.682291666666664,42.31770833333333,2.4443992167897064,2.4131554980205325,13.802083333333334,12.18961625282167,54,7.03125,273,35.546875,1.4057798132761865
XGBoost,holdout_G05,Holdout G05,Withheld geometry,DelP_Pa,768,517,251,0,67.31770833333334,32.68229166666667,1.331521861996506,1.2954941111325489,0.0,0.0,0,0.0,251,32.68229166666667,1.1727357238879852
XGBoost,holdout_G05,Holdout G05,Withheld geometry,Nuavg,768,509,259,84,66.27604166666666,33.72395833333333,2.1560472781228377,2.1202295075864153,10.9375,9.823182711198427,50,6.510416666666667,225,29.296875,-0.5787172001821315
XGBoost,holdout_G06,Holdout G06,Withheld geometry,DelP_Pa,768,0,768,592,0.0,100.0,19.17962055856702,,77.08333333333334,,0,0.0,176,22.916666666666664,-19.17962055856702
XGBoost,holdout_G06,Holdout G06,Withheld geometry,Nuavg,768,0,768,212,0.0,100.0,4.773732123461688,,27.604166666666668,,0,0.0,556,72.39583333333334,-2.2469944783939035
XGBoost,combined_G06_Re500,Combined G06/Re500,Combined G06/Re500,DelP_Pa,192,0,192,192,0.0,100.0,68.18438106348701,,100.0,,0,0.0,0,0.0,-68.18438106348701
XGBoost,combined_G06_Re500,Combined G06/Re500,Combined G06/Re500,Nuavg,192,0,192,192,0.0,100.0,29.005076624094272,,100.0,,0,0.0,0,0.0,-29.005076624094272
