split_name,split_family,target,q_predict,q_warn,n_cases,n_predict,n_warn,n_abstain,coverage_predict_or_warn_pct,MAPE_all_pct,MAPE_predict_or_warn_pct,failure_rate_all_pct,failure_rate_predict_or_warn_pct
combined_G06_Re500,combined_shift,DelP_Pa,0.7,0.85,192,0,0,192,0.0,68.18438106348701,,100.0,
combined_G06_Re500,combined_shift,DelP_Pa,0.75,0.9,192,0,0,192,0.0,68.18438106348701,,100.0,
combined_G06_Re500,combined_shift,DelP_Pa,0.8,0.9,192,0,0,192,0.0,68.18438106348701,,100.0,
combined_G06_Re500,combined_shift,DelP_Pa,0.85,0.95,192,0,0,192,0.0,68.18438106348701,,100.0,
combined_G06_Re500,combined_shift,Nuavg,0.7,0.85,192,0,0,192,0.0,29.005076624094272,,100.0,
combined_G06_Re500,combined_shift,Nuavg,0.75,0.9,192,0,0,192,0.0,29.005076624094272,,100.0,
combined_G06_Re500,combined_shift,Nuavg,0.8,0.9,192,0,0,192,0.0,29.005076624094272,,100.0,
combined_G06_Re500,combined_shift,Nuavg,0.85,0.95,192,0,0,192,0.0,29.005076624094272,,100.0,
holdout_G01,withheld_geometry,DelP_Pa,0.7,0.85,768,0,0,768,0.0,4.77728928559319,,3.515625,
holdout_G01,withheld_geometry,DelP_Pa,0.75,0.9,768,0,0,768,0.0,4.77728928559319,,3.515625,
holdout_G01,withheld_geometry,DelP_Pa,0.8,0.9,768,0,0,768,0.0,4.77728928559319,,3.515625,
holdout_G01,withheld_geometry,DelP_Pa,0.85,0.95,768,0,0,768,0.0,4.77728928559319,,3.515625,
holdout_G01,withheld_geometry,Nuavg,0.7,0.85,768,0,0,768,0.0,2.7016054748301497,,13.932291666666666,
holdout_G01,withheld_geometry,Nuavg,0.75,0.9,768,0,0,768,0.0,2.7016054748301497,,13.932291666666666,
holdout_G01,withheld_geometry,Nuavg,0.8,0.9,768,0,0,768,0.0,2.7016054748301497,,13.932291666666666,
holdout_G01,withheld_geometry,Nuavg,0.85,0.95,768,0,0,768,0.0,2.7016054748301497,,13.932291666666666,
holdout_G02,withheld_geometry,DelP_Pa,0.7,0.85,768,500,130,138,82.03125,0.49466728313691516,0.46412736504542224,0.0,0.0
holdout_G02,withheld_geometry,DelP_Pa,0.75,0.9,768,561,92,115,85.02604166666666,0.49466728313691516,0.4655711325364937,0.0,0.0
holdout_G02,withheld_geometry,DelP_Pa,0.8,0.9,768,582,71,115,85.02604166666666,0.49466728313691516,0.4655711325364937,0.0,0.0
holdout_G02,withheld_geometry,DelP_Pa,0.85,0.95,768,630,23,115,85.02604166666666,0.49466728313691516,0.4655711325364937,0.0,0.0
holdout_G02,withheld_geometry,Nuavg,0.7,0.85,768,296,123,349,54.557291666666664,1.158073394611845,0.8608240196517145,5.729166666666666,1.6706443914081146
holdout_G02,withheld_geometry,Nuavg,0.75,0.9,768,328,122,318,58.59375,1.158073394611845,0.8524216068634322,5.729166666666666,1.5555555555555556
holdout_G02,withheld_geometry,Nuavg,0.8,0.9,768,360,90,318,58.59375,1.158073394611845,0.8524216068634322,5.729166666666666,1.5555555555555556
holdout_G02,withheld_geometry,Nuavg,0.85,0.95,768,419,31,318,58.59375,1.158073394611845,0.8524216068634322,5.729166666666666,1.5555555555555556
holdout_G03,withheld_geometry,DelP_Pa,0.7,0.85,768,93,231,444,42.1875,0.3818929164182432,0.33095392142628,0.0,0.0
holdout_G03,withheld_geometry,DelP_Pa,0.75,0.9,768,165,244,359,53.255208333333336,0.3818929164182432,0.3301508767646397,0.0,0.0
holdout_G03,withheld_geometry,DelP_Pa,0.8,0.9,768,221,188,359,53.255208333333336,0.3818929164182432,0.3301508767646397,0.0,0.0
holdout_G03,withheld_geometry,DelP_Pa,0.85,0.95,768,324,85,359,53.255208333333336,0.3818929164182432,0.3301508767646397,0.0,0.0
holdout_G03,withheld_geometry,Nuavg,0.7,0.85,768,117,172,479,37.63020833333333,1.147698023787547,0.8514611874313242,6.119791666666666,3.1141868512110724
holdout_G03,withheld_geometry,Nuavg,0.75,0.9,768,168,192,408,46.875,1.147698023787547,0.8028986704114917,6.119791666666666,2.5
holdout_G03,withheld_geometry,Nuavg,0.8,0.9,768,216,144,408,46.875,1.147698023787547,0.8028986704114917,6.119791666666666,2.5
holdout_G03,withheld_geometry,Nuavg,0.85,0.95,768,289,71,408,46.875,1.147698023787547,0.8028986704114917,6.119791666666666,2.5
holdout_G04,withheld_geometry,DelP_Pa,0.7,0.85,768,485,150,133,82.68229166666666,1.522269512427154,1.584719317683328,0.0,0.0
holdout_G04,withheld_geometry,DelP_Pa,0.75,0.9,768,522,129,117,84.765625,1.522269512427154,1.5814572837985668,0.0,0.0
holdout_G04,withheld_geometry,DelP_Pa,0.8,0.9,768,558,93,117,84.765625,1.522269512427154,1.5814572837985668,0.0,0.0
holdout_G04,withheld_geometry,DelP_Pa,0.85,0.95,768,635,16,117,84.765625,1.522269512427154,1.5814572837985668,0.0,0.0
holdout_G04,withheld_geometry,Nuavg,0.7,0.85,768,319,113,336,56.25,2.4443992167897064,2.3885980434952425,13.802083333333334,11.805555555555555
holdout_G04,withheld_geometry,Nuavg,0.75,0.9,768,343,100,325,57.682291666666664,2.4443992167897064,2.4131554980205325,13.802083333333334,12.18961625282167
holdout_G04,withheld_geometry,Nuavg,0.8,0.9,768,386,57,325,57.682291666666664,2.4443992167897064,2.4131554980205325,13.802083333333334,12.18961625282167
holdout_G04,withheld_geometry,Nuavg,0.85,0.95,768,432,11,325,57.682291666666664,2.4443992167897064,2.4131554980205325,13.802083333333334,12.18961625282167
holdout_G05,withheld_geometry,DelP_Pa,0.7,0.85,768,290,201,277,63.932291666666664,1.331521861996506,1.2942175598453183,0.0,0.0
holdout_G05,withheld_geometry,DelP_Pa,0.75,0.9,768,318,199,251,67.31770833333334,1.331521861996506,1.2954941111325489,0.0,0.0
holdout_G05,withheld_geometry,DelP_Pa,0.8,0.9,768,377,140,251,67.31770833333334,1.331521861996506,1.2954941111325489,0.0,0.0
holdout_G05,withheld_geometry,DelP_Pa,0.85,0.95,768,491,26,251,67.31770833333334,1.331521861996506,1.2954941111325489,0.0,0.0
holdout_G05,withheld_geometry,Nuavg,0.7,0.85,768,264,225,279,63.671875,2.1560472781228377,2.125873035681014,10.9375,9.611451942740286
holdout_G05,withheld_geometry,Nuavg,0.75,0.9,768,336,173,259,66.27604166666666,2.1560472781228377,2.1202295075864153,10.9375,9.823182711198427
holdout_G05,withheld_geometry,Nuavg,0.8,0.9,768,427,82,259,66.27604166666666,2.1560472781228377,2.1202295075864153,10.9375,9.823182711198427
holdout_G05,withheld_geometry,Nuavg,0.85,0.95,768,489,20,259,66.27604166666666,2.1560472781228377,2.1202295075864153,10.9375,9.823182711198427
holdout_G06,withheld_geometry,DelP_Pa,0.7,0.85,768,0,0,768,0.0,19.17962055856702,,77.08333333333334,
holdout_G06,withheld_geometry,DelP_Pa,0.75,0.9,768,0,0,768,0.0,19.17962055856702,,77.08333333333334,
holdout_G06,withheld_geometry,DelP_Pa,0.8,0.9,768,0,0,768,0.0,19.17962055856702,,77.08333333333334,
holdout_G06,withheld_geometry,DelP_Pa,0.85,0.95,768,0,0,768,0.0,19.17962055856702,,77.08333333333334,
holdout_G06,withheld_geometry,Nuavg,0.7,0.85,768,0,0,768,0.0,4.773732123461688,,27.604166666666668,
holdout_G06,withheld_geometry,Nuavg,0.75,0.9,768,0,0,768,0.0,4.773732123461688,,27.604166666666668,
holdout_G06,withheld_geometry,Nuavg,0.8,0.9,768,0,0,768,0.0,4.773732123461688,,27.604166666666668,
holdout_G06,withheld_geometry,Nuavg,0.85,0.95,768,0,0,768,0.0,4.773732123461688,,27.604166666666668,
holdout_Re100,withheld_reynolds,DelP_Pa,0.7,0.85,1152,0,156,996,13.541666666666666,76.77215299759578,76.64724914162325,100.0,100.0
holdout_Re100,withheld_reynolds,DelP_Pa,0.75,0.9,1152,0,188,964,16.319444444444446,76.77215299759578,76.66736459996669,100.0,100.0
holdout_Re100,withheld_reynolds,DelP_Pa,0.8,0.9,1152,0,188,964,16.319444444444446,76.77215299759578,76.66736459996669,100.0,100.0
holdout_Re100,withheld_reynolds,DelP_Pa,0.85,0.95,1152,156,32,964,16.319444444444446,76.77215299759578,76.66736459996669,100.0,100.0
holdout_Re100,withheld_reynolds,Nuavg,0.7,0.85,1152,0,156,996,13.541666666666666,27.917541459144594,22.492203067672374,100.0,100.0
holdout_Re100,withheld_reynolds,Nuavg,0.75,0.9,1152,0,189,963,16.40625,27.917541459144594,22.56474210178048,100.0,100.0
holdout_Re100,withheld_reynolds,Nuavg,0.8,0.9,1152,0,189,963,16.40625,27.917541459144594,22.56474210178048,100.0,100.0
holdout_Re100,withheld_reynolds,Nuavg,0.85,0.95,1152,156,33,963,16.40625,27.917541459144594,22.56474210178048,100.0,100.0
holdout_Re25,withheld_reynolds,DelP_Pa,0.7,0.85,1152,0,0,1152,0.0,331.44663899580064,,100.0,
holdout_Re25,withheld_reynolds,DelP_Pa,0.75,0.9,1152,0,0,1152,0.0,331.44663899580064,,100.0,
holdout_Re25,withheld_reynolds,DelP_Pa,0.8,0.9,1152,0,0,1152,0.0,331.44663899580064,,100.0,
holdout_Re25,withheld_reynolds,DelP_Pa,0.85,0.95,1152,0,0,1152,0.0,331.44663899580064,,100.0,
holdout_Re25,withheld_reynolds,Nuavg,0.7,0.85,1152,0,0,1152,0.0,39.873113392472774,,100.0,
holdout_Re25,withheld_reynolds,Nuavg,0.75,0.9,1152,0,0,1152,0.0,39.873113392472774,,100.0,
holdout_Re25,withheld_reynolds,Nuavg,0.8,0.9,1152,0,0,1152,0.0,39.873113392472774,,100.0,
holdout_Re25,withheld_reynolds,Nuavg,0.85,0.95,1152,0,0,1152,0.0,39.873113392472774,,100.0,
holdout_Re250,withheld_reynolds,DelP_Pa,0.7,0.85,1152,921,175,56,95.13888888888889,65.12846587739442,65.13052227764118,100.0,100.0
holdout_Re250,withheld_reynolds,DelP_Pa,0.75,0.9,1152,984,121,47,95.92013888888889,65.12846587739442,65.13452292771784,100.0,100.0
holdout_Re250,withheld_reynolds,DelP_Pa,0.8,0.9,1152,1009,96,47,95.92013888888889,65.12846587739442,65.13452292771784,100.0,100.0
holdout_Re250,withheld_reynolds,DelP_Pa,0.85,0.95,1152,1096,9,47,95.92013888888889,65.12846587739442,65.13452292771784,100.0,100.0
holdout_Re250,withheld_reynolds,Nuavg,0.7,0.85,1152,917,180,55,95.22569444444444,23.97226201168336,23.805226968330928,100.0,100.0
holdout_Re250,withheld_reynolds,Nuavg,0.75,0.9,1152,984,124,44,96.18055555555556,23.97226201168336,23.851166217956838,100.0,100.0
holdout_Re250,withheld_reynolds,Nuavg,0.8,0.9,1152,1005,103,44,96.18055555555556,23.97226201168336,23.851166217956838,100.0,100.0
holdout_Re250,withheld_reynolds,Nuavg,0.85,0.95,1152,1097,11,44,96.18055555555556,23.97226201168336,23.851166217956838,100.0,100.0
holdout_Re500,withheld_reynolds,DelP_Pa,0.7,0.85,1152,0,171,981,14.84375,58.37050169214336,58.475100934618304,100.0,100.0
holdout_Re500,withheld_reynolds,DelP_Pa,0.75,0.9,1152,0,187,965,16.23263888888889,58.37050169214336,58.26622625115632,100.0,100.0
holdout_Re500,withheld_reynolds,DelP_Pa,0.8,0.9,1152,0,187,965,16.23263888888889,58.37050169214336,58.26622625115632,100.0,100.0
holdout_Re500,withheld_reynolds,DelP_Pa,0.85,0.95,1152,171,16,965,16.23263888888889,58.37050169214336,58.26622625115632,100.0,100.0
holdout_Re500,withheld_reynolds,Nuavg,0.7,0.85,1152,0,170,982,14.756944444444445,22.25554962522673,18.493505735372665,100.0,100.0
holdout_Re500,withheld_reynolds,Nuavg,0.75,0.9,1152,0,186,966,16.145833333333336,22.25554962522673,18.484615419195208,100.0,100.0
holdout_Re500,withheld_reynolds,Nuavg,0.8,0.9,1152,0,186,966,16.145833333333336,22.25554962522673,18.484615419195208,100.0,100.0
holdout_Re500,withheld_reynolds,Nuavg,0.85,0.95,1152,170,16,966,16.145833333333336,22.25554962522673,18.484615419195208,100.0,100.0
random80_20,in_distribution,DelP_Pa,0.7,0.85,922,629,153,140,84.81561822125813,0.4313515115793473,0.3365066668159611,0.0,0.0
random80_20,in_distribution,DelP_Pa,0.75,0.9,922,683,113,126,86.33405639913232,0.4313515115793473,0.33840589055613157,0.0,0.0
random80_20,in_distribution,DelP_Pa,0.8,0.9,922,718,78,126,86.33405639913232,0.4313515115793473,0.33840589055613157,0.0,0.0
random80_20,in_distribution,DelP_Pa,0.85,0.95,922,782,14,126,86.33405639913232,0.4313515115793473,0.33840589055613157,0.0,0.0
random80_20,in_distribution,Nuavg,0.7,0.85,922,620,153,149,83.83947939262472,0.5153089631954141,0.41738092946092,0.7592190889370932,0.129366106080207
random80_20,in_distribution,Nuavg,0.75,0.9,922,674,115,133,85.57483731019524,0.5153089631954141,0.42797695205410624,0.7592190889370932,0.25348542458808615
random80_20,in_distribution,Nuavg,0.8,0.9,922,716,73,133,85.57483731019524,0.5153089631954141,0.42797695205410624,0.7592190889370932,0.25348542458808615
random80_20,in_distribution,Nuavg,0.85,0.95,922,773,16,133,85.57483731019524,0.5153089631954141,0.42797695205410624,0.7592190889370932,0.25348542458808615
