split_name,family,target,score_method,tolerance_pct,failure_rate,failure_AUROC,failure_AUPRC,AURC_MAPE_pct,full_MAE,full_RMSE,full_MAPE_pct,full_R2
random80_20,in_distribution,Nuavg,U_only,5.0,0.007592190889370932,0.92903981264637,0.07708003760001833,0.33852660820298636,0.10686868134041409,0.27484952615171765,0.5153089631954142,0.9991546592648101
random80_20,in_distribution,Nuavg,D_only,5.0,0.007592190889370932,0.7405932864949257,0.01754717963058909,0.38446692129778753,0.10686868134041409,0.27484952615171765,0.5153089631954142,0.9991546592648101
random80_20,in_distribution,Nuavg,V_only,5.0,0.007592190889370932,0.5,0.007592190889370932,0.45890045799507917,0.10686868134041409,0.27484952615171765,0.5153089631954142,0.9991546592648101
random80_20,in_distribution,Nuavg,U_plus_D,5.0,0.007592190889370932,0.9011709601873537,0.06926395423514274,0.3325402805128324,0.10686868134041409,0.27484952615171765,0.5153089631954142,0.9991546592648101
random80_20,in_distribution,Nuavg,U_plus_V,5.0,0.007592190889370932,0.92903981264637,0.07708003760001833,0.33852660820298636,0.10686868134041409,0.27484952615171765,0.5153089631954142,0.9991546592648101
random80_20,in_distribution,Nuavg,D_plus_V,5.0,0.007592190889370932,0.7405932864949257,0.01754717963058909,0.38446692129778753,0.10686868134041409,0.27484952615171765,0.5153089631954142,0.9991546592648101
random80_20,in_distribution,Nuavg,U_plus_D_plus_V,5.0,0.007592190889370932,0.9011709601873537,0.06926395423514274,0.3325402805128324,0.10686868134041409,0.27484952615171765,0.5153089631954142,0.9991546592648101
random80_20,in_distribution,Nuavg,U_2D_plus_V,5.0,0.007592190889370932,0.8800936768149882,0.059375988174981534,0.3429429052377783,0.10686868134041409,0.27484952615171765,0.5153089631954142,0.9991546592648101
random80_20,in_distribution,Nuavg,conservative_U_D_V_max,5.0,0.007592190889370932,0.8321623731459796,0.0347376458911346,0.35743105847928053,0.10686868134041409,0.27484952615171765,0.5153089631954142,0.9991546592648101
random80_20,in_distribution,Nuavg,learned_logistic_gate,5.0,0.007592190889370932,0.9308352849336456,0.09420297708425214,0.3434181256812545,0.10686868134041409,0.27484952615171765,0.5153089631954142,0.9991546592648101
random80_20,in_distribution,Nuavg,oracle_error_rank,5.0,0.007592190889370932,1.0,1.0,0.16692931100235933,0.10686868134041409,0.27484952615171765,0.5153089631954142,0.9991546592648101
random80_20,in_distribution,Nuavg,random_rejection,5.0,0.007592190889370932,0.463856362217018,0.028044935867285903,0.5113296816644218,0.10686868134041409,0.27484952615171765,0.5153089631954142,0.9991546592648101
random80_20,in_distribution,DelP_Pa,U_only,10.0,0.0,,,0.26959369044533765,1.3587995241502202,4.563182946611912,0.4313515115793473,0.9999505136736601
random80_20,in_distribution,DelP_Pa,D_only,10.0,0.0,,,0.3274672813590806,1.3587995241502202,4.563182946611912,0.4313515115793473,0.9999505136736601
random80_20,in_distribution,DelP_Pa,V_only,10.0,0.0,,,0.41803295620648584,1.3587995241502202,4.563182946611912,0.4313515115793473,0.9999505136736601
random80_20,in_distribution,DelP_Pa,U_plus_D,10.0,0.0,,,0.281364820081544,1.3587995241502202,4.563182946611912,0.4313515115793473,0.9999505136736601
random80_20,in_distribution,DelP_Pa,U_plus_V,10.0,0.0,,,0.26959369044533765,1.3587995241502202,4.563182946611912,0.4313515115793473,0.9999505136736601
random80_20,in_distribution,DelP_Pa,D_plus_V,10.0,0.0,,,0.3274672813590806,1.3587995241502202,4.563182946611912,0.4313515115793473,0.9999505136736601
random80_20,in_distribution,DelP_Pa,U_plus_D_plus_V,10.0,0.0,,,0.281364820081544,1.3587995241502202,4.563182946611912,0.4313515115793473,0.9999505136736601
random80_20,in_distribution,DelP_Pa,U_2D_plus_V,10.0,0.0,,,0.2911273928886568,1.3587995241502202,4.563182946611912,0.4313515115793473,0.9999505136736601
random80_20,in_distribution,DelP_Pa,conservative_U_D_V_max,10.0,0.0,,,0.30203492440856905,1.3587995241502202,4.563182946611912,0.4313515115793473,0.9999505136736601
random80_20,in_distribution,DelP_Pa,oracle_error_rank,10.0,0.0,,,0.1487303371834392,1.3587995241502202,4.563182946611912,0.4313515115793473,0.9999505136736601
random80_20,in_distribution,DelP_Pa,random_rejection,10.0,0.0,,,0.436189301362067,1.3587995241502202,4.563182946611912,0.4313515115793473,0.9999505136736601
holdout_Re25,withheld_reynolds,Nuavg,U_only,5.0,1.0,,,42.82465142697575,4.319444935993354,4.8774707159696895,39.873113392472774,-2.576134063158582
holdout_Re25,withheld_reynolds,Nuavg,D_only,5.0,1.0,,,41.18629605037301,4.319444935993354,4.8774707159696895,39.873113392472774,-2.576134063158582
holdout_Re25,withheld_reynolds,Nuavg,V_only,5.0,1.0,,,41.18629605037301,4.319444935993354,4.8774707159696895,39.873113392472774,-2.576134063158582
holdout_Re25,withheld_reynolds,Nuavg,U_plus_D,5.0,1.0,,,42.82465142697575,4.319444935993354,4.8774707159696895,39.873113392472774,-2.576134063158582
holdout_Re25,withheld_reynolds,Nuavg,U_plus_V,5.0,1.0,,,42.82465142697575,4.319444935993354,4.8774707159696895,39.873113392472774,-2.576134063158582
holdout_Re25,withheld_reynolds,Nuavg,D_plus_V,5.0,1.0,,,41.18629605037301,4.319444935993354,4.8774707159696895,39.873113392472774,-2.576134063158582
holdout_Re25,withheld_reynolds,Nuavg,U_plus_D_plus_V,5.0,1.0,,,42.82465142697575,4.319444935993354,4.8774707159696895,39.873113392472774,-2.576134063158582
holdout_Re25,withheld_reynolds,Nuavg,U_2D_plus_V,5.0,1.0,,,42.82465142697575,4.319444935993354,4.8774707159696895,39.873113392472774,-2.576134063158582
holdout_Re25,withheld_reynolds,Nuavg,conservative_U_D_V_max,5.0,1.0,,,41.18629605037301,4.319444935993354,4.8774707159696895,39.873113392472774,-2.576134063158582
holdout_Re25,withheld_reynolds,Nuavg,learned_logistic_gate,5.0,1.0,,,42.82465142697575,4.319444935993354,4.8774707159696895,39.873113392472774,-2.576134063158582
holdout_Re25,withheld_reynolds,Nuavg,oracle_error_rank,5.0,1.0,,,29.809042600975214,4.319444935993354,4.8774707159696895,39.873113392472774,-2.576134063158582
holdout_Re25,withheld_reynolds,Nuavg,random_rejection,5.0,1.0,,,39.9193458561526,4.319444935993354,4.8774707159696895,39.873113392472774,-2.576134063158582
holdout_Re25,withheld_reynolds,DelP_Pa,U_only,10.0,1.0,,,331.8355100941378,98.0114980031301,174.23036014637032,331.44663899580064,-12.727892142455685
holdout_Re25,withheld_reynolds,DelP_Pa,D_only,10.0,1.0,,,327.9247208634288,98.0114980031301,174.23036014637032,331.44663899580064,-12.727892142455685
holdout_Re25,withheld_reynolds,DelP_Pa,V_only,10.0,1.0,,,327.9247208634288,98.0114980031301,174.23036014637032,331.44663899580064,-12.727892142455685
holdout_Re25,withheld_reynolds,DelP_Pa,U_plus_D,10.0,1.0,,,331.8355100941378,98.0114980031301,174.23036014637032,331.44663899580064,-12.727892142455685
holdout_Re25,withheld_reynolds,DelP_Pa,U_plus_V,10.0,1.0,,,331.8355100941378,98.0114980031301,174.23036014637032,331.44663899580064,-12.727892142455685
holdout_Re25,withheld_reynolds,DelP_Pa,D_plus_V,10.0,1.0,,,327.9247208634288,98.0114980031301,174.23036014637032,331.44663899580064,-12.727892142455685
holdout_Re25,withheld_reynolds,DelP_Pa,U_plus_D_plus_V,10.0,1.0,,,331.8355100941378,98.0114980031301,174.23036014637032,331.44663899580064,-12.727892142455685
holdout_Re25,withheld_reynolds,DelP_Pa,U_2D_plus_V,10.0,1.0,,,331.8355100941378,98.0114980031301,174.23036014637032,331.44663899580064,-12.727892142455685
holdout_Re25,withheld_reynolds,DelP_Pa,conservative_U_D_V_max,10.0,1.0,,,327.9247208634288,98.0114980031301,174.23036014637032,331.44663899580064,-12.727892142455685
holdout_Re25,withheld_reynolds,DelP_Pa,oracle_error_rank,10.0,1.0,,,318.2502010311603,98.0114980031301,174.23036014637032,331.44663899580064,-12.727892142455685
holdout_Re25,withheld_reynolds,DelP_Pa,random_rejection,10.0,1.0,,,331.1173749664212,98.0114980031301,174.23036014637032,331.44663899580064,-12.727892142455685
holdout_Re100,withheld_reynolds,Nuavg,U_only,5.0,1.0,,,28.33033624021353,4.315516132965353,4.873609333454954,27.917541459144594,-0.03638542266490763
holdout_Re100,withheld_reynolds,Nuavg,D_only,5.0,1.0,,,26.515449035611287,4.315516132965353,4.873609333454954,27.917541459144594,-0.03638542266490763
holdout_Re100,withheld_reynolds,Nuavg,V_only,5.0,1.0,,,28.59225545363405,4.315516132965353,4.873609333454954,27.917541459144594,-0.03638542266490763
holdout_Re100,withheld_reynolds,Nuavg,U_plus_D,5.0,1.0,,,27.64216374466765,4.315516132965353,4.873609333454954,27.917541459144594,-0.03638542266490763
holdout_Re100,withheld_reynolds,Nuavg,U_plus_V,5.0,1.0,,,28.33033624021353,4.315516132965353,4.873609333454954,27.917541459144594,-0.03638542266490763
holdout_Re100,withheld_reynolds,Nuavg,D_plus_V,5.0,1.0,,,26.515449035611287,4.315516132965353,4.873609333454954,27.917541459144594,-0.03638542266490763
holdout_Re100,withheld_reynolds,Nuavg,U_plus_D_plus_V,5.0,1.0,,,27.64216374466765,4.315516132965353,4.873609333454954,27.917541459144594,-0.03638542266490763
holdout_Re100,withheld_reynolds,Nuavg,U_2D_plus_V,5.0,1.0,,,27.199481893584746,4.315516132965353,4.873609333454954,27.917541459144594,-0.03638542266490763
holdout_Re100,withheld_reynolds,Nuavg,conservative_U_D_V_max,5.0,1.0,,,26.51504326882872,4.315516132965353,4.873609333454954,27.917541459144594,-0.03638542266490763
holdout_Re100,withheld_reynolds,Nuavg,oracle_error_rank,5.0,1.0,,,22.57123475698024,4.315516132965353,4.873609333454954,27.917541459144594,-0.03638542266490763
holdout_Re100,withheld_reynolds,Nuavg,random_rejection,5.0,1.0,,,27.935812308168966,4.315516132965353,4.873609333454954,27.917541459144594,-0.03638542266490763
holdout_Re100,withheld_reynolds,DelP_Pa,U_only,10.0,1.0,,,76.91957049563263,98.0938898530083,174.5437409995131,76.77215299759578,0.16771525082759808
holdout_Re100,withheld_reynolds,DelP_Pa,D_only,10.0,1.0,,,76.6788570050654,98.0938898530083,174.5437409995131,76.77215299759578,0.16771525082759808
holdout_Re100,withheld_reynolds,DelP_Pa,V_only,10.0,1.0,,,76.6005588748669,98.0938898530083,174.5437409995131,76.77215299759578,0.16771525082759808
holdout_Re100,withheld_reynolds,DelP_Pa,U_plus_D,10.0,1.0,,,76.9065025216669,98.0938898530083,174.5437409995131,76.77215299759578,0.16771525082759808
holdout_Re100,withheld_reynolds,DelP_Pa,U_plus_V,10.0,1.0,,,76.91957049563263,98.0938898530083,174.5437409995131,76.77215299759578,0.16771525082759808
holdout_Re100,withheld_reynolds,DelP_Pa,D_plus_V,10.0,1.0,,,76.6788570050654,98.0938898530083,174.5437409995131,76.77215299759578,0.16771525082759808
holdout_Re100,withheld_reynolds,DelP_Pa,U_plus_D_plus_V,10.0,1.0,,,76.9065025216669,98.0938898530083,174.5437409995131,76.77215299759578,0.16771525082759808
holdout_Re100,withheld_reynolds,DelP_Pa,U_2D_plus_V,10.0,1.0,,,76.88846270098728,98.0938898530083,174.5437409995131,76.77215299759578,0.16771525082759808
holdout_Re100,withheld_reynolds,DelP_Pa,conservative_U_D_V_max,10.0,1.0,,,76.68276004195953,98.0938898530083,174.5437409995131,76.77215299759578,0.16771525082759808
holdout_Re100,withheld_reynolds,DelP_Pa,oracle_error_rank,10.0,1.0,,,76.06049643634465,98.0938898530083,174.5437409995131,76.77215299759578,0.16771525082759808
holdout_Re100,withheld_reynolds,DelP_Pa,random_rejection,10.0,1.0,,,76.75295446202097,98.0938898530083,174.5437409995131,76.77215299759578,0.16771525082759808
holdout_Re250,withheld_reynolds,Nuavg,U_only,5.0,1.0,,,24.127159523148826,4.9031903234203655,5.594216813626036,23.97226201168336,0.4132994085915007
holdout_Re250,withheld_reynolds,Nuavg,D_only,5.0,1.0,,,22.783693915632565,4.9031903234203655,5.594216813626036,23.97226201168336,0.4132994085915007
holdout_Re250,withheld_reynolds,Nuavg,V_only,5.0,1.0,,,25.601204057737014,4.9031903234203655,5.594216813626036,23.97226201168336,0.4132994085915007
holdout_Re250,withheld_reynolds,Nuavg,U_plus_D,5.0,1.0,,,23.0067503492671,4.9031903234203655,5.594216813626036,23.97226201168336,0.4132994085915007
holdout_Re250,withheld_reynolds,Nuavg,U_plus_V,5.0,1.0,,,24.127159523148826,4.9031903234203655,5.594216813626036,23.97226201168336,0.4132994085915007
holdout_Re250,withheld_reynolds,Nuavg,D_plus_V,5.0,1.0,,,22.783693915632565,4.9031903234203655,5.594216813626036,23.97226201168336,0.4132994085915007
holdout_Re250,withheld_reynolds,Nuavg,U_plus_D_plus_V,5.0,1.0,,,23.0067503492671,4.9031903234203655,5.594216813626036,23.97226201168336,0.4132994085915007
holdout_Re250,withheld_reynolds,Nuavg,U_2D_plus_V,5.0,1.0,,,22.89931941137769,4.9031903234203655,5.594216813626036,23.97226201168336,0.4132994085915007
holdout_Re250,withheld_reynolds,Nuavg,conservative_U_D_V_max,5.0,1.0,,,22.845229948380357,4.9031903234203655,5.594216813626036,23.97226201168336,0.4132994085915007
holdout_Re250,withheld_reynolds,Nuavg,oracle_error_rank,5.0,1.0,,,20.633333275393355,4.9031903234203655,5.594216813626036,23.97226201168336,0.4132994085915007
holdout_Re250,withheld_reynolds,Nuavg,random_rejection,5.0,1.0,,,23.838252269163974,4.9031903234203655,5.594216813626036,23.97226201168336,0.4132994085915007
holdout_Re250,withheld_reynolds,DelP_Pa,U_only,10.0,1.0,,,65.00074612083418,220.69404506273747,376.7988248871872,65.12846587739442,0.42394110843474575
holdout_Re250,withheld_reynolds,DelP_Pa,D_only,10.0,1.0,,,65.33107058248119,220.69404506273747,376.7988248871872,65.12846587739442,0.42394110843474575
holdout_Re250,withheld_reynolds,DelP_Pa,V_only,10.0,1.0,,,64.68065801289306,220.69404506273747,376.7988248871872,65.12846587739442,0.42394110843474575
holdout_Re250,withheld_reynolds,DelP_Pa,U_plus_D,10.0,1.0,,,65.26067682340036,220.69404506273747,376.7988248871872,65.12846587739442,0.42394110843474575
holdout_Re250,withheld_reynolds,DelP_Pa,U_plus_V,10.0,1.0,,,65.00074612083418,220.69404506273747,376.7988248871872,65.12846587739442,0.42394110843474575
holdout_Re250,withheld_reynolds,DelP_Pa,D_plus_V,10.0,1.0,,,65.33107058248119,220.69404506273747,376.7988248871872,65.12846587739442,0.42394110843474575
holdout_Re250,withheld_reynolds,DelP_Pa,U_plus_D_plus_V,10.0,1.0,,,65.26067682340036,220.69404506273747,376.7988248871872,65.12846587739442,0.42394110843474575
holdout_Re250,withheld_reynolds,DelP_Pa,U_2D_plus_V,10.0,1.0,,,65.28636247591216,220.69404506273747,376.7988248871872,65.12846587739442,0.42394110843474575
holdout_Re250,withheld_reynolds,DelP_Pa,conservative_U_D_V_max,10.0,1.0,,,65.3370208786029,220.69404506273747,376.7988248871872,65.12846587739442,0.42394110843474575
holdout_Re250,withheld_reynolds,DelP_Pa,oracle_error_rank,10.0,1.0,,,63.30175910072839,220.69404506273747,376.7988248871872,65.12846587739442,0.42394110843474575
holdout_Re250,withheld_reynolds,DelP_Pa,random_rejection,10.0,1.0,,,65.06766443932358,220.69404506273747,376.7988248871872,65.12846587739442,0.42394110843474575
holdout_Re500,withheld_reynolds,Nuavg,U_only,5.0,1.0,,,22.67217423321213,6.0250817918645,7.101897912188331,22.25554962522673,0.5601832208670838
holdout_Re500,withheld_reynolds,Nuavg,D_only,5.0,1.0,,,20.89961586502062,6.0250817918645,7.101897912188331,22.25554962522673,0.5601832208670838
holdout_Re500,withheld_reynolds,Nuavg,V_only,5.0,1.0,,,22.473237782283608,6.0250817918645,7.101897912188331,22.25554962522673,0.5601832208670838
holdout_Re500,withheld_reynolds,Nuavg,U_plus_D,5.0,1.0,,,22.278976935564845,6.0250817918645,7.101897912188331,22.25554962522673,0.5601832208670838
holdout_Re500,withheld_reynolds,Nuavg,U_plus_V,5.0,1.0,,,22.67217423321213,6.0250817918645,7.101897912188331,22.25554962522673,0.5601832208670838
holdout_Re500,withheld_reynolds,Nuavg,D_plus_V,5.0,1.0,,,20.89961586502062,6.0250817918645,7.101897912188331,22.25554962522673,0.5601832208670838
holdout_Re500,withheld_reynolds,Nuavg,U_plus_D_plus_V,5.0,1.0,,,22.278976935564845,6.0250817918645,7.101897912188331,22.25554962522673,0.5601832208670838
holdout_Re500,withheld_reynolds,Nuavg,U_2D_plus_V,5.0,1.0,,,21.854214342820146,6.0250817918645,7.101897912188331,22.25554962522673,0.5601832208670838
holdout_Re500,withheld_reynolds,Nuavg,conservative_U_D_V_max,5.0,1.0,,,20.904954795864512,6.0250817918645,7.101897912188331,22.25554962522673,0.5601832208670838
holdout_Re500,withheld_reynolds,Nuavg,oracle_error_rank,5.0,1.0,,,19.021567998466075,6.0250817918645,7.101897912188331,22.25554962522673,0.5601832208670838
holdout_Re500,withheld_reynolds,Nuavg,random_rejection,5.0,1.0,,,22.167342406843606,6.0250817918645,7.101897912188331,22.25554962522673,0.5601832208670838
holdout_Re500,withheld_reynolds,DelP_Pa,U_only,10.0,1.0,,,58.51151953160072,437.98014182528306,710.6955645928156,58.37050169214336,0.5468272799034257
holdout_Re500,withheld_reynolds,DelP_Pa,D_only,10.0,1.0,,,58.19950489414171,437.98014182528306,710.6955645928156,58.37050169214336,0.5468272799034257
holdout_Re500,withheld_reynolds,DelP_Pa,V_only,10.0,1.0,,,57.913412916099105,437.98014182528306,710.6955645928156,58.37050169214336,0.5468272799034257
holdout_Re500,withheld_reynolds,DelP_Pa,U_plus_D,10.0,1.0,,,58.46466470387617,437.98014182528306,710.6955645928156,58.37050169214336,0.5468272799034257
holdout_Re500,withheld_reynolds,DelP_Pa,U_plus_V,10.0,1.0,,,58.51151953160072,437.98014182528306,710.6955645928156,58.37050169214336,0.5468272799034257
holdout_Re500,withheld_reynolds,DelP_Pa,D_plus_V,10.0,1.0,,,58.19950489414171,437.98014182528306,710.6955645928156,58.37050169214336,0.5468272799034257
holdout_Re500,withheld_reynolds,DelP_Pa,U_plus_D_plus_V,10.0,1.0,,,58.46466470387617,437.98014182528306,710.6955645928156,58.37050169214336,0.5468272799034257
holdout_Re500,withheld_reynolds,DelP_Pa,U_2D_plus_V,10.0,1.0,,,58.43826309021482,437.98014182528306,710.6955645928156,58.37050169214336,0.5468272799034257
holdout_Re500,withheld_reynolds,DelP_Pa,conservative_U_D_V_max,10.0,1.0,,,58.19950489414171,437.98014182528306,710.6955645928156,58.37050169214336,0.5468272799034257
holdout_Re500,withheld_reynolds,DelP_Pa,oracle_error_rank,10.0,1.0,,,55.94046707850155,437.98014182528306,710.6955645928156,58.37050169214336,0.5468272799034257
holdout_Re500,withheld_reynolds,DelP_Pa,random_rejection,10.0,1.0,,,58.299118019946796,437.98014182528306,710.6955645928156,58.37050169214336,0.5468272799034257
holdout_G01,withheld_geometry,Nuavg,U_only,5.0,0.13932291666666666,0.34854440312751844,0.10632601546065976,2.9840254627158265,0.6094776435434818,0.8886139207473358,2.7016054748301497,0.9905574351802086
holdout_G01,withheld_geometry,Nuavg,D_only,5.0,0.13932291666666666,0.5,0.13932291666666666,2.125112204716242,0.6094776435434818,0.8886139207473358,2.7016054748301497,0.9905574351802086
holdout_G01,withheld_geometry,Nuavg,V_only,5.0,0.13932291666666666,0.5,0.13932291666666666,2.125112204716242,0.6094776435434818,0.8886139207473358,2.7016054748301497,0.9905574351802086
holdout_G01,withheld_geometry,Nuavg,U_plus_D,5.0,0.13932291666666666,0.34854440312751844,0.10632601546065976,2.9840254627158265,0.6094776435434818,0.8886139207473358,2.7016054748301497,0.9905574351802086
holdout_G01,withheld_geometry,Nuavg,U_plus_V,5.0,0.13932291666666666,0.34854440312751844,0.10632601546065976,2.9840254627158265,0.6094776435434818,0.8886139207473358,2.7016054748301497,0.9905574351802086
holdout_G01,withheld_geometry,Nuavg,D_plus_V,5.0,0.13932291666666666,0.5,0.13932291666666666,2.125112204716242,0.6094776435434818,0.8886139207473358,2.7016054748301497,0.9905574351802086
holdout_G01,withheld_geometry,Nuavg,U_plus_D_plus_V,5.0,0.13932291666666666,0.34854440312751844,0.10632601546065976,2.9840254627158265,0.6094776435434818,0.8886139207473358,2.7016054748301497,0.9905574351802086
holdout_G01,withheld_geometry,Nuavg,U_2D_plus_V,5.0,0.13932291666666666,0.34854440312751844,0.10632601546065976,2.9840254627158265,0.6094776435434818,0.8886139207473358,2.7016054748301497,0.9905574351802086
holdout_G01,withheld_geometry,Nuavg,conservative_U_D_V_max,5.0,0.13932291666666666,0.5,0.13932291666666666,2.125112204716242,0.6094776435434818,0.8886139207473358,2.7016054748301497,0.9905574351802086
holdout_G01,withheld_geometry,Nuavg,learned_logistic_gate,5.0,0.13932291666666666,0.34854440312751844,0.10632601546065976,2.9840254627158265,0.6094776435434818,0.8886139207473358,2.7016054748301497,0.9905574351802086
holdout_G01,withheld_geometry,Nuavg,oracle_error_rank,5.0,0.13932291666666666,1.0,1.0,1.3844591274529914,0.6094776435434818,0.8886139207473358,2.7016054748301497,0.9905574351802086
holdout_G01,withheld_geometry,Nuavg,random_rejection,5.0,0.13932291666666666,0.49370113252364717,0.1418309015701995,2.7415943930628552,0.6094776435434818,0.8886139207473358,2.7016054748301497,0.9905574351802086
holdout_G01,withheld_geometry,DelP_Pa,U_only,10.0,0.03515625,0.3162393162393162,0.024445202008252516,4.883563061916417,7.829282330205874,12.54896022373591,4.77728928559319,0.9996102299779321
holdout_G01,withheld_geometry,DelP_Pa,D_only,10.0,0.03515625,0.5,0.03515625,4.080324043960607,7.829282330205874,12.54896022373591,4.77728928559319,0.9996102299779321
holdout_G01,withheld_geometry,DelP_Pa,V_only,10.0,0.03515625,0.5,0.03515625,4.080324043960607,7.829282330205874,12.54896022373591,4.77728928559319,0.9996102299779321
holdout_G01,withheld_geometry,DelP_Pa,U_plus_D,10.0,0.03515625,0.3162393162393162,0.024445202008252516,4.883563061916417,7.829282330205874,12.54896022373591,4.77728928559319,0.9996102299779321
holdout_G01,withheld_geometry,DelP_Pa,U_plus_V,10.0,0.03515625,0.3162393162393162,0.024445202008252516,4.883563061916417,7.829282330205874,12.54896022373591,4.77728928559319,0.9996102299779321
holdout_G01,withheld_geometry,DelP_Pa,D_plus_V,10.0,0.03515625,0.5,0.03515625,4.080324043960607,7.829282330205874,12.54896022373591,4.77728928559319,0.9996102299779321
holdout_G01,withheld_geometry,DelP_Pa,U_plus_D_plus_V,10.0,0.03515625,0.3162393162393162,0.024445202008252516,4.883563061916417,7.829282330205874,12.54896022373591,4.77728928559319,0.9996102299779321
holdout_G01,withheld_geometry,DelP_Pa,U_2D_plus_V,10.0,0.03515625,0.3162393162393162,0.024445202008252516,4.883563061916417,7.829282330205874,12.54896022373591,4.77728928559319,0.9996102299779321
holdout_G01,withheld_geometry,DelP_Pa,conservative_U_D_V_max,10.0,0.03515625,0.5,0.03515625,4.080324043960607,7.829282330205874,12.54896022373591,4.77728928559319,0.9996102299779321
holdout_G01,withheld_geometry,DelP_Pa,oracle_error_rank,10.0,0.03515625,1.0,1.0,2.4518731292242313,7.829282330205874,12.54896022373591,4.77728928559319,0.9996102299779321
holdout_G01,withheld_geometry,DelP_Pa,random_rejection,10.0,0.03515625,0.42675063727695306,0.03149578400891856,4.796102949929666,7.829282330205874,12.54896022373591,4.77728928559319,0.9996102299779321
holdout_G02,withheld_geometry,Nuavg,U_only,5.0,0.057291666666666664,0.7883130336514313,0.1346947510610011,0.8163107235679194,0.3236633429209391,0.8359598435741799,1.158073394611845,0.9904506930793816
holdout_G02,withheld_geometry,Nuavg,D_only,5.0,0.057291666666666664,0.5231039678553491,0.06630163286874247,1.142805117192202,0.3236633429209391,0.8359598435741799,1.158073394611845,0.9904506930793816
holdout_G02,withheld_geometry,Nuavg,V_only,5.0,0.057291666666666664,0.5,0.057291666666666664,1.5873103267812487,0.3236633429209391,0.8359598435741799,1.158073394611845,0.9904506930793816
holdout_G02,withheld_geometry,Nuavg,U_plus_D,5.0,0.057291666666666664,0.7701688849824209,0.15253776753229265,0.8364690655305366,0.3236633429209391,0.8359598435741799,1.158073394611845,0.9904506930793816
holdout_G02,withheld_geometry,Nuavg,U_plus_V,5.0,0.057291666666666664,0.7883130336514313,0.1346947510610011,0.8163107235679194,0.3236633429209391,0.8359598435741799,1.158073394611845,0.9904506930793816
holdout_G02,withheld_geometry,Nuavg,D_plus_V,5.0,0.057291666666666664,0.5231039678553491,0.06630163286874247,1.142805117192202,0.3236633429209391,0.8359598435741799,1.158073394611845,0.9904506930793816
holdout_G02,withheld_geometry,Nuavg,U_plus_D_plus_V,5.0,0.057291666666666664,0.7701688849824209,0.15253776753229265,0.8364690655305366,0.3236633429209391,0.8359598435741799,1.158073394611845,0.9904506930793816
holdout_G02,withheld_geometry,Nuavg,U_2D_plus_V,5.0,0.057291666666666664,0.7057540180813662,0.13108722789622396,0.9111338153702085,0.3236633429209391,0.8359598435741799,1.158073394611845,0.9904506930793816
holdout_G02,withheld_geometry,Nuavg,conservative_U_D_V_max,5.0,0.057291666666666664,0.7318872425916624,0.11106865967155959,0.9899912126630803,0.3236633429209391,0.8359598435741799,1.158073394611845,0.9904506930793816
holdout_G02,withheld_geometry,Nuavg,learned_logistic_gate,5.0,0.057291666666666664,0.737365017579106,0.10955197347734612,0.7821049803483016,0.3236633429209391,0.8359598435741799,1.158073394611845,0.9904506930793816
holdout_G02,withheld_geometry,Nuavg,oracle_error_rank,5.0,0.057291666666666664,1.0,1.0,0.3069144551123527,0.3236633429209391,0.8359598435741799,1.158073394611845,0.9904506930793816
holdout_G02,withheld_geometry,Nuavg,random_rejection,5.0,0.057291666666666664,0.4237820190858865,0.05440264155605443,1.2632081056645736,0.3236633429209391,0.8359598435741799,1.158073394611845,0.9904506930793816
holdout_G02,withheld_geometry,DelP_Pa,U_only,10.0,0.0,,,0.4193896808729663,1.3984563767921314,3.1416457295331557,0.4946672831369152,0.9999760463819192
holdout_G02,withheld_geometry,DelP_Pa,D_only,10.0,0.0,,,0.5051607262542713,1.3984563767921314,3.1416457295331557,0.4946672831369152,0.9999760463819192
holdout_G02,withheld_geometry,DelP_Pa,V_only,10.0,0.0,,,0.44628533356541766,1.3984563767921314,3.1416457295331557,0.4946672831369152,0.9999760463819192
holdout_G02,withheld_geometry,DelP_Pa,U_plus_D,10.0,0.0,,,0.4411031822943296,1.3984563767921314,3.1416457295331557,0.4946672831369152,0.9999760463819192
holdout_G02,withheld_geometry,DelP_Pa,U_plus_V,10.0,0.0,,,0.4193896808729663,1.3984563767921314,3.1416457295331557,0.4946672831369152,0.9999760463819192
holdout_G02,withheld_geometry,DelP_Pa,D_plus_V,10.0,0.0,,,0.5051607262542713,1.3984563767921314,3.1416457295331557,0.4946672831369152,0.9999760463819192
holdout_G02,withheld_geometry,DelP_Pa,U_plus_D_plus_V,10.0,0.0,,,0.4411031822943296,1.3984563767921314,3.1416457295331557,0.4946672831369152,0.9999760463819192
holdout_G02,withheld_geometry,DelP_Pa,U_2D_plus_V,10.0,0.0,,,0.46438545976729667,1.3984563767921314,3.1416457295331557,0.4946672831369152,0.9999760463819192
holdout_G02,withheld_geometry,DelP_Pa,conservative_U_D_V_max,10.0,0.0,,,0.49500412115515974,1.3984563767921314,3.1416457295331557,0.4946672831369152,0.9999760463819192
holdout_G02,withheld_geometry,DelP_Pa,oracle_error_rank,10.0,0.0,,,0.22892671687300062,1.3984563767921314,3.1416457295331557,0.4946672831369152,0.9999760463819192
holdout_G02,withheld_geometry,DelP_Pa,random_rejection,10.0,0.0,,,0.5047019067352971,1.3984563767921314,3.1416457295331557,0.4946672831369152,0.9999760463819192
holdout_G03,withheld_geometry,Nuavg,U_only,5.0,0.061197916666666664,0.78419452887538,0.1708285697495016,0.6416421048861651,0.3094155786375204,0.7183737514461866,1.147698023787547,0.9932457131580142
holdout_G03,withheld_geometry,Nuavg,D_only,5.0,0.061197916666666664,0.5543718830229882,0.06999213595291105,1.0791427268824536,0.3094155786375204,0.7183737514461866,1.147698023787547,0.9932457131580142
holdout_G03,withheld_geometry,Nuavg,V_only,5.0,0.061197916666666664,0.5,0.061197916666666664,1.2502612265052973,0.3094155786375204,0.7183737514461866,1.147698023787547,0.9932457131580142
holdout_G03,withheld_geometry,Nuavg,U_plus_D,5.0,0.061197916666666664,0.771313483046596,0.16615165165428636,0.6652520565143938,0.3094155786375204,0.7183737514461866,1.147698023787547,0.9932457131580142
holdout_G03,withheld_geometry,Nuavg,U_plus_V,5.0,0.061197916666666664,0.78419452887538,0.1708285697495016,0.6416421048861651,0.3094155786375204,0.7183737514461866,1.147698023787547,0.9932457131580142
holdout_G03,withheld_geometry,Nuavg,D_plus_V,5.0,0.061197916666666664,0.5543718830229882,0.06999213595291105,1.0791427268824536,0.3094155786375204,0.7183737514461866,1.147698023787547,0.9932457131580142
holdout_G03,withheld_geometry,Nuavg,U_plus_D_plus_V,5.0,0.061197916666666664,0.771313483046596,0.16615165165428636,0.6652520565143938,0.3094155786375204,0.7183737514461866,1.147698023787547,0.9932457131580142
holdout_G03,withheld_geometry,Nuavg,U_2D_plus_V,5.0,0.061197916666666664,0.7495647298374007,0.15750374234218903,0.7116071931476132,0.3094155786375204,0.7183737514461866,1.147698023787547,0.9932457131580142
holdout_G03,withheld_geometry,Nuavg,conservative_U_D_V_max,5.0,0.061197916666666664,0.6444359193791128,0.08930224881281534,0.9207164827401578,0.3094155786375204,0.7183737514461866,1.147698023787547,0.9932457131580142
holdout_G03,withheld_geometry,Nuavg,learned_logistic_gate,5.0,0.061197916666666664,0.7831174196594565,0.17336308697339206,0.6265823198691093,0.3094155786375204,0.7183737514461866,1.147698023787547,0.9932457131580142
holdout_G03,withheld_geometry,Nuavg,oracle_error_rank,5.0,0.061197916666666664,1.0,1.0,0.2775598608479935,0.3094155786375204,0.7183737514461866,1.147698023787547,0.9932457131580142
holdout_G03,withheld_geometry,Nuavg,random_rejection,5.0,0.061197916666666664,0.4133148404993065,0.0500210091844404,1.203074139400268,0.3094155786375204,0.7183737514461866,1.147698023787547,0.9932457131580142
holdout_G03,withheld_geometry,DelP_Pa,U_only,10.0,0.0,,,0.31466257249714513,1.3021240777582224,4.124244250715865,0.3818929164182432,0.999958629063855
holdout_G03,withheld_geometry,DelP_Pa,D_only,10.0,0.0,,,0.36473159325239546,1.3021240777582224,4.124244250715865,0.3818929164182432,0.999958629063855
holdout_G03,withheld_geometry,DelP_Pa,V_only,10.0,0.0,,,0.3777091198977644,1.3021240777582224,4.124244250715865,0.3818929164182432,0.999958629063855
holdout_G03,withheld_geometry,DelP_Pa,U_plus_D,10.0,0.0,,,0.3219314307030288,1.3021240777582224,4.124244250715865,0.3818929164182432,0.999958629063855
holdout_G03,withheld_geometry,DelP_Pa,U_plus_V,10.0,0.0,,,0.31466257249714513,1.3021240777582224,4.124244250715865,0.3818929164182432,0.999958629063855
holdout_G03,withheld_geometry,DelP_Pa,D_plus_V,10.0,0.0,,,0.36473159325239546,1.3021240777582224,4.124244250715865,0.3818929164182432,0.999958629063855
holdout_G03,withheld_geometry,DelP_Pa,U_plus_D_plus_V,10.0,0.0,,,0.3219314307030288,1.3021240777582224,4.124244250715865,0.3818929164182432,0.999958629063855
holdout_G03,withheld_geometry,DelP_Pa,U_2D_plus_V,10.0,0.0,,,0.3284855687484077,1.3021240777582224,4.124244250715865,0.3818929164182432,0.999958629063855
holdout_G03,withheld_geometry,DelP_Pa,conservative_U_D_V_max,10.0,0.0,,,0.3554776283956852,1.3021240777582224,4.124244250715865,0.3818929164182432,0.999958629063855
holdout_G03,withheld_geometry,DelP_Pa,oracle_error_rank,10.0,0.0,,,0.16855064775639117,1.3021240777582224,4.124244250715865,0.3818929164182432,0.999958629063855
holdout_G03,withheld_geometry,DelP_Pa,random_rejection,10.0,0.0,,,0.3824072769199472,1.3021240777582224,4.124244250715865,0.3818929164182432,0.999958629063855
holdout_G04,withheld_geometry,Nuavg,U_only,5.0,0.13802083333333334,0.6602491022060082,0.19241915115316097,2.0557238436747896,0.5749417610128721,1.1177553511632108,2.4443992167897064,0.9829325558581054
holdout_G04,withheld_geometry,Nuavg,D_only,5.0,0.13802083333333334,0.40525423245739045,0.11368566953521791,2.895303630258386,0.5749417610128721,1.1177553511632108,2.4443992167897064,0.9829325558581054
holdout_G04,withheld_geometry,Nuavg,V_only,5.0,0.13802083333333334,0.5,0.13802083333333334,2.1863799220920823,0.5749417610128721,1.1177553511632108,2.4443992167897064,0.9829325558581054
holdout_G04,withheld_geometry,Nuavg,U_plus_D,5.0,0.13802083333333334,0.6202117653765034,0.17371024613427866,2.2168480163552164,0.5749417610128721,1.1177553511632108,2.4443992167897064,0.9829325558581054
holdout_G04,withheld_geometry,Nuavg,U_plus_V,5.0,0.13802083333333334,0.6602491022060082,0.19241915115316097,2.0557238436747896,0.5749417610128721,1.1177553511632108,2.4443992167897064,0.9829325558581054
holdout_G04,withheld_geometry,Nuavg,D_plus_V,5.0,0.13802083333333334,0.40525423245739045,0.11368566953521791,2.895303630258386,0.5749417610128721,1.1177553511632108,2.4443992167897064,0.9829325558581054
holdout_G04,withheld_geometry,Nuavg,U_plus_D_plus_V,5.0,0.13802083333333334,0.6202117653765034,0.17371024613427866,2.2168480163552164,0.5749417610128721,1.1177553511632108,2.4443992167897064,0.9829325558581054
holdout_G04,withheld_geometry,Nuavg,U_2D_plus_V,5.0,0.13802083333333334,0.5695220315795474,0.1554425497716892,2.3719707216724846,0.5749417610128721,1.1177553511632108,2.4443992167897064,0.9829325558581054
holdout_G04,withheld_geometry,Nuavg,conservative_U_D_V_max,5.0,0.13802083333333334,0.5929145528130878,0.16446818714876107,2.318246003854355,0.5749417610128721,1.1177553511632108,2.4443992167897064,0.9829325558581054
holdout_G04,withheld_geometry,Nuavg,oracle_error_rank,5.0,0.13802083333333334,1.0,1.0,0.8343124735371661,0.5749417610128721,1.1177553511632108,2.4443992167897064,0.9829325558581054
holdout_G04,withheld_geometry,Nuavg,random_rejection,5.0,0.13802083333333334,0.4345750441771647,0.12531504209084,2.67098801138143,0.5749417610128721,1.1177553511632108,2.4443992167897064,0.9829325558581054
holdout_G04,withheld_geometry,DelP_Pa,U_only,10.0,0.0,,,1.4928090208563747,4.215109855505038,9.961960662557145,1.522269512427154,0.999773855943368
holdout_G04,withheld_geometry,DelP_Pa,D_only,10.0,0.0,,,1.6730094526625465,4.215109855505038,9.961960662557145,1.522269512427154,0.999773855943368
holdout_G04,withheld_geometry,DelP_Pa,V_only,10.0,0.0,,,1.3263904335152845,4.215109855505038,9.961960662557145,1.522269512427154,0.999773855943368
holdout_G04,withheld_geometry,DelP_Pa,U_plus_D,10.0,0.0,,,1.5879875232931855,4.215109855505038,9.961960662557145,1.522269512427154,0.999773855943368
holdout_G04,withheld_geometry,DelP_Pa,U_plus_V,10.0,0.0,,,1.4928090208563747,4.215109855505038,9.961960662557145,1.522269512427154,0.999773855943368
holdout_G04,withheld_geometry,DelP_Pa,D_plus_V,10.0,0.0,,,1.6730094526625465,4.215109855505038,9.961960662557145,1.522269512427154,0.999773855943368
holdout_G04,withheld_geometry,DelP_Pa,U_plus_D_plus_V,10.0,0.0,,,1.5879875232931855,4.215109855505038,9.961960662557145,1.522269512427154,0.999773855943368
holdout_G04,withheld_geometry,DelP_Pa,U_2D_plus_V,10.0,0.0,,,1.6318508476787965,4.215109855505038,9.961960662557145,1.522269512427154,0.999773855943368
holdout_G04,withheld_geometry,DelP_Pa,conservative_U_D_V_max,10.0,0.0,,,1.6959108051003333,4.215109855505038,9.961960662557145,1.522269512427154,0.999773855943368
holdout_G04,withheld_geometry,DelP_Pa,oracle_error_rank,10.0,0.0,,,0.7314424637075476,4.215109855505038,9.961960662557145,1.522269512427154,0.999773855943368
holdout_G04,withheld_geometry,DelP_Pa,random_rejection,10.0,0.0,,,1.5067077117438825,4.215109855505038,9.961960662557145,1.522269512427154,0.999773855943368
holdout_G05,withheld_geometry,Nuavg,U_only,5.0,0.109375,0.6134607351712614,0.15445031722104186,1.8990511876136462,0.5232046709199747,1.0164680542349187,2.1560472781228377,0.9845359077369474
holdout_G05,withheld_geometry,Nuavg,D_only,5.0,0.109375,0.45599241158451687,0.10125255813324405,2.468764343570912,0.5232046709199747,1.0164680542349187,2.1560472781228377,0.9845359077369474
holdout_G05,withheld_geometry,Nuavg,V_only,5.0,0.109375,0.5,0.109375,2.2258353764705823,0.5232046709199747,1.0164680542349187,2.1560472781228377,0.9845359077369474
holdout_G05,withheld_geometry,Nuavg,U_plus_D,5.0,0.109375,0.5942025201893623,0.14034272601403078,2.066730791316566,0.5232046709199747,1.0164680542349187,2.1560472781228377,0.9845359077369474
holdout_G05,withheld_geometry,Nuavg,U_plus_V,5.0,0.109375,0.6134607351712614,0.15445031722104186,1.8990511876136462,0.5232046709199747,1.0164680542349187,2.1560472781228377,0.9845359077369474
holdout_G05,withheld_geometry,Nuavg,D_plus_V,5.0,0.109375,0.45599241158451687,0.10125255813324405,2.468764343570912,0.5232046709199747,1.0164680542349187,2.1560472781228377,0.9845359077369474
holdout_G05,withheld_geometry,Nuavg,U_plus_D_plus_V,5.0,0.109375,0.5942025201893623,0.14034272601403078,2.066730791316566,0.5232046709199747,1.0164680542349187,2.1560472781228377,0.9845359077369474
holdout_G05,withheld_geometry,Nuavg,U_2D_plus_V,5.0,0.109375,0.5642317599554441,0.12641018091229594,2.2136876907274603,0.5232046709199747,1.0164680542349187,2.1560472781228377,0.9845359077369474
holdout_G05,withheld_geometry,Nuavg,conservative_U_D_V_max,5.0,0.109375,0.5178832497911444,0.11981133766076928,2.3377842143815646,0.5232046709199747,1.0164680542349187,2.1560472781228377,0.9845359077369474
holdout_G05,withheld_geometry,Nuavg,oracle_error_rank,5.0,0.109375,1.0,1.0,0.7236153604049812,0.5232046709199747,1.0164680542349187,2.1560472781228377,0.9845359077369474
holdout_G05,withheld_geometry,Nuavg,random_rejection,5.0,0.109375,0.4533208020050125,0.10078268022213338,2.2706095231305596,0.5232046709199747,1.0164680542349187,2.1560472781228377,0.9845359077369474
holdout_G05,withheld_geometry,DelP_Pa,U_only,10.0,0.0,,,1.0980031925675726,3.2733597517645965,6.275888538775742,1.331521861996506,0.9999093385289833
holdout_G05,withheld_geometry,DelP_Pa,D_only,10.0,0.0,,,1.353338163855532,3.2733597517645965,6.275888538775742,1.331521861996506,0.9999093385289833
holdout_G05,withheld_geometry,DelP_Pa,V_only,10.0,0.0,,,1.1807957221983962,3.2733597517645965,6.275888538775742,1.331521861996506,0.9999093385289833
holdout_G05,withheld_geometry,DelP_Pa,U_plus_D,10.0,0.0,,,1.1466964941634334,3.2733597517645965,6.275888538775742,1.331521861996506,0.9999093385289833
holdout_G05,withheld_geometry,DelP_Pa,U_plus_V,10.0,0.0,,,1.0980031925675726,3.2733597517645965,6.275888538775742,1.331521861996506,0.9999093385289833
holdout_G05,withheld_geometry,DelP_Pa,D_plus_V,10.0,0.0,,,1.353338163855532,3.2733597517645965,6.275888538775742,1.331521861996506,0.9999093385289833
holdout_G05,withheld_geometry,DelP_Pa,U_plus_D_plus_V,10.0,0.0,,,1.1466964941634334,3.2733597517645965,6.275888538775742,1.331521861996506,0.9999093385289833
holdout_G05,withheld_geometry,DelP_Pa,U_2D_plus_V,10.0,0.0,,,1.2047127658931618,3.2733597517645965,6.275888538775742,1.331521861996506,0.9999093385289833
holdout_G05,withheld_geometry,DelP_Pa,conservative_U_D_V_max,10.0,0.0,,,1.345962283829934,3.2733597517645965,6.275888538775742,1.331521861996506,0.9999093385289833
holdout_G05,withheld_geometry,DelP_Pa,oracle_error_rank,10.0,0.0,,,0.6389213113270283,3.2733597517645965,6.275888538775742,1.331521861996506,0.9999093385289833
holdout_G05,withheld_geometry,DelP_Pa,random_rejection,10.0,0.0,,,1.3041704866210166,3.2733597517645965,6.275888538775742,1.331521861996506,0.9999093385289833
holdout_G06,withheld_geometry,Nuavg,U_only,5.0,0.2760416666666667,0.394873252341523,0.23541245189391874,5.050133112422613,1.3559894743899505,2.7509865406845977,4.773732123461688,0.9344447452756313
holdout_G06,withheld_geometry,Nuavg,D_only,5.0,0.2760416666666667,0.5,0.2760416666666667,4.2655927385417876,1.3559894743899505,2.7509865406845977,4.773732123461688,0.9344447452756313
holdout_G06,withheld_geometry,Nuavg,V_only,5.0,0.2760416666666667,0.5,0.2760416666666667,4.2655927385417876,1.3559894743899505,2.7509865406845977,4.773732123461688,0.9344447452756313
holdout_G06,withheld_geometry,Nuavg,U_plus_D,5.0,0.2760416666666667,0.394873252341523,0.23541245189391874,5.050133112422613,1.3559894743899505,2.7509865406845977,4.773732123461688,0.9344447452756313
holdout_G06,withheld_geometry,Nuavg,U_plus_V,5.0,0.2760416666666667,0.394873252341523,0.23541245189391874,5.050133112422613,1.3559894743899505,2.7509865406845977,4.773732123461688,0.9344447452756313
holdout_G06,withheld_geometry,Nuavg,D_plus_V,5.0,0.2760416666666667,0.5,0.2760416666666667,4.2655927385417876,1.3559894743899505,2.7509865406845977,4.773732123461688,0.9344447452756313
holdout_G06,withheld_geometry,Nuavg,U_plus_D_plus_V,5.0,0.2760416666666667,0.394873252341523,0.23541245189391874,5.050133112422613,1.3559894743899505,2.7509865406845977,4.773732123461688,0.9344447452756313
holdout_G06,withheld_geometry,Nuavg,U_2D_plus_V,5.0,0.2760416666666667,0.394873252341523,0.23541245189391874,5.050133112422613,1.3559894743899505,2.7509865406845977,4.773732123461688,0.9344447452756313
holdout_G06,withheld_geometry,Nuavg,conservative_U_D_V_max,5.0,0.2760416666666667,0.5,0.2760416666666667,4.2655927385417876,1.3559894743899505,2.7509865406845977,4.773732123461688,0.9344447452756313
holdout_G06,withheld_geometry,Nuavg,oracle_error_rank,5.0,0.2760416666666667,1.0,1.0,1.5990580051988663,1.3559894743899505,2.7509865406845977,4.773732123461688,0.9344447452756313
holdout_G06,withheld_geometry,Nuavg,random_rejection,5.0,0.2760416666666667,0.496504683046016,0.2785616834669121,5.203425916910999,1.3559894743899505,2.7509865406845977,4.773732123461688,0.9344447452756313
holdout_G06,withheld_geometry,DelP_Pa,U_only,10.0,0.7708333333333334,0.4677326474201474,0.7462701369989482,20.446493797385298,51.75998581638351,84.79466474060116,19.17962055856702,0.985725042456641
holdout_G06,withheld_geometry,DelP_Pa,D_only,10.0,0.7708333333333334,0.5,0.7708333333333334,17.7781143390116,51.75998581638351,84.79466474060116,19.17962055856702,0.985725042456641
holdout_G06,withheld_geometry,DelP_Pa,V_only,10.0,0.7708333333333334,0.5,0.7708333333333334,17.7781143390116,51.75998581638351,84.79466474060116,19.17962055856702,0.985725042456641
holdout_G06,withheld_geometry,DelP_Pa,U_plus_D,10.0,0.7708333333333334,0.4677326474201474,0.7462701369989482,20.446493797385298,51.75998581638351,84.79466474060116,19.17962055856702,0.985725042456641
holdout_G06,withheld_geometry,DelP_Pa,U_plus_V,10.0,0.7708333333333334,0.4677326474201474,0.7462701369989482,20.446493797385298,51.75998581638351,84.79466474060116,19.17962055856702,0.985725042456641
holdout_G06,withheld_geometry,DelP_Pa,D_plus_V,10.0,0.7708333333333334,0.5,0.7708333333333334,17.7781143390116,51.75998581638351,84.79466474060116,19.17962055856702,0.985725042456641
holdout_G06,withheld_geometry,DelP_Pa,U_plus_D_plus_V,10.0,0.7708333333333334,0.4677326474201474,0.7462701369989482,20.446493797385298,51.75998581638351,84.79466474060116,19.17962055856702,0.985725042456641
holdout_G06,withheld_geometry,DelP_Pa,U_2D_plus_V,10.0,0.7708333333333334,0.4677326474201474,0.7462701369989482,20.446493797385298,51.75998581638351,84.79466474060116,19.17962055856702,0.985725042456641
holdout_G06,withheld_geometry,DelP_Pa,conservative_U_D_V_max,10.0,0.7708333333333334,0.5,0.7708333333333334,17.7781143390116,51.75998581638351,84.79466474060116,19.17962055856702,0.985725042456641
holdout_G06,withheld_geometry,DelP_Pa,oracle_error_rank,10.0,0.7708333333333334,1.0,1.0,11.460731222850287,51.75998581638351,84.79466474060116,19.17962055856702,0.985725042456641
holdout_G06,withheld_geometry,DelP_Pa,random_rejection,10.0,0.7708333333333334,0.48990325552825553,0.7626472279180248,19.165722795418112,51.75998581638351,84.79466474060116,19.17962055856702,0.985725042456641
combined_G06_Re500,combined_shift,Nuavg,U_only,5.0,1.0,,,33.45868354476876,9.425263732949892,12.13273488641392,29.005076624094272,0.239715921132299
combined_G06_Re500,combined_shift,Nuavg,D_only,5.0,1.0,,,21.352305649657684,9.425263732949892,12.13273488641392,29.005076624094272,0.239715921132299
combined_G06_Re500,combined_shift,Nuavg,V_only,5.0,1.0,,,21.352305649657684,9.425263732949892,12.13273488641392,29.005076624094272,0.239715921132299
combined_G06_Re500,combined_shift,Nuavg,U_plus_D,5.0,1.0,,,33.45868354476876,9.425263732949892,12.13273488641392,29.005076624094272,0.239715921132299
combined_G06_Re500,combined_shift,Nuavg,U_plus_V,5.0,1.0,,,33.45868354476876,9.425263732949892,12.13273488641392,29.005076624094272,0.239715921132299
combined_G06_Re500,combined_shift,Nuavg,D_plus_V,5.0,1.0,,,21.352305649657684,9.425263732949892,12.13273488641392,29.005076624094272,0.239715921132299
combined_G06_Re500,combined_shift,Nuavg,U_plus_D_plus_V,5.0,1.0,,,33.45868354476876,9.425263732949892,12.13273488641392,29.005076624094272,0.239715921132299
combined_G06_Re500,combined_shift,Nuavg,U_2D_plus_V,5.0,1.0,,,33.45868354476876,9.425263732949892,12.13273488641392,29.005076624094272,0.239715921132299
combined_G06_Re500,combined_shift,Nuavg,conservative_U_D_V_max,5.0,1.0,,,21.352305649657684,9.425263732949892,12.13273488641392,29.005076624094272,0.239715921132299
combined_G06_Re500,combined_shift,Nuavg,oracle_error_rank,5.0,1.0,,,21.056269398920954,9.425263732949892,12.13273488641392,29.005076624094272,0.239715921132299
combined_G06_Re500,combined_shift,Nuavg,random_rejection,5.0,1.0,,,28.95372607492409,9.425263732949892,12.13273488641392,29.005076624094272,0.239715921132299
combined_G06_Re500,combined_shift,DelP_Pa,U_only,10.0,1.0,,,68.07907580231704,589.631582689556,847.021574812934,68.18438106348701,0.41002767301838383
combined_G06_Re500,combined_shift,DelP_Pa,D_only,10.0,1.0,,,69.41746696340361,589.631582689556,847.021574812934,68.18438106348701,0.41002767301838383
combined_G06_Re500,combined_shift,DelP_Pa,V_only,10.0,1.0,,,69.41746696340361,589.631582689556,847.021574812934,68.18438106348701,0.41002767301838383
combined_G06_Re500,combined_shift,DelP_Pa,U_plus_D,10.0,1.0,,,68.07907580231704,589.631582689556,847.021574812934,68.18438106348701,0.41002767301838383
combined_G06_Re500,combined_shift,DelP_Pa,U_plus_V,10.0,1.0,,,68.07907580231704,589.631582689556,847.021574812934,68.18438106348701,0.41002767301838383
combined_G06_Re500,combined_shift,DelP_Pa,D_plus_V,10.0,1.0,,,69.41746696340361,589.631582689556,847.021574812934,68.18438106348701,0.41002767301838383
combined_G06_Re500,combined_shift,DelP_Pa,U_plus_D_plus_V,10.0,1.0,,,68.07907580231704,589.631582689556,847.021574812934,68.18438106348701,0.41002767301838383
combined_G06_Re500,combined_shift,DelP_Pa,U_2D_plus_V,10.0,1.0,,,68.07907580231704,589.631582689556,847.021574812934,68.18438106348701,0.41002767301838383
combined_G06_Re500,combined_shift,DelP_Pa,conservative_U_D_V_max,10.0,1.0,,,69.41746696340361,589.631582689556,847.021574812934,68.18438106348701,0.41002767301838383
combined_G06_Re500,combined_shift,DelP_Pa,oracle_error_rank,10.0,1.0,,,62.92168267571733,589.631582689556,847.021574812934,68.18438106348701,0.41002767301838383
combined_G06_Re500,combined_shift,DelP_Pa,random_rejection,10.0,1.0,,,68.18068412575579,589.631582689556,847.021574812934,68.18438106348701,0.41002767301838383
