split_name,target,bin_low,bin_high,count,mean_score,empirical_failure_rate
random80_20,Nuavg,0.0,0.1,2,0.08103658358753281,0.0
random80_20,Nuavg,0.1,0.2,28,0.16017359031685335,0.0
random80_20,Nuavg,0.2,0.30000000000000004,60,0.2601972655888591,0.0
random80_20,Nuavg,0.30000000000000004,0.4,99,0.34910838071230216,0.0
random80_20,Nuavg,0.4,0.5,101,0.4493762028626875,0.0
random80_20,Nuavg,0.5,0.6000000000000001,141,0.5495361431169719,0.0070921985815602835
random80_20,Nuavg,0.6000000000000001,0.7000000000000001,108,0.6455992823801026,0.0
random80_20,Nuavg,0.7000000000000001,0.8,100,0.7430598183019196,0.0
random80_20,Nuavg,0.8,0.9,83,0.8496102242870035,0.0
random80_20,Nuavg,0.9,1.0,200,0.9836931306109129,0.03
random80_20,DelP_Pa,0.0,0.1,6,0.04232758444326162,0.0
random80_20,DelP_Pa,0.1,0.2,38,0.1593205021417336,0.0
random80_20,DelP_Pa,0.2,0.30000000000000004,56,0.255511044403714,0.0
random80_20,DelP_Pa,0.30000000000000004,0.4,106,0.3494820217955598,0.0
random80_20,DelP_Pa,0.4,0.5,106,0.4485586951595886,0.0
random80_20,DelP_Pa,0.5,0.6000000000000001,148,0.5512957154467468,0.0
random80_20,DelP_Pa,0.6000000000000001,0.7000000000000001,98,0.6470630284718396,0.0
random80_20,DelP_Pa,0.7000000000000001,0.8,98,0.7424790856592072,0.0
random80_20,DelP_Pa,0.8,0.9,76,0.8490203102016126,0.0
random80_20,DelP_Pa,0.9,1.0,190,0.9825872678910241,0.0
holdout_Re25,Nuavg,0.9,1.0,1152,1.0,1.0
holdout_Re25,DelP_Pa,0.9,1.0,1152,1.0,1.0
holdout_Re100,Nuavg,0.8,0.9,116,0.8994146055300188,1.0
holdout_Re100,Nuavg,0.9,1.0,1036,0.9946884118162683,1.0
holdout_Re100,DelP_Pa,0.8,0.9,115,0.8994146055300188,1.0
holdout_Re100,DelP_Pa,0.9,1.0,1037,0.9947108490718443,1.0
holdout_Re250,Nuavg,0.0,0.1,24,0.05068279628461139,1.0
holdout_Re250,Nuavg,0.1,0.2,67,0.17155466769986813,1.0
holdout_Re250,Nuavg,0.2,0.30000000000000004,140,0.23396664905845768,1.0
holdout_Re250,Nuavg,0.30000000000000004,0.4,164,0.3668779629156325,1.0
holdout_Re250,Nuavg,0.4,0.5,166,0.4325289451483177,1.0
holdout_Re250,Nuavg,0.5,0.6000000000000001,189,0.5556781861185196,1.0
holdout_Re250,Nuavg,0.6000000000000001,0.7000000000000001,112,0.6511272163775624,1.0
holdout_Re250,Nuavg,0.7000000000000001,0.8,116,0.7354305146621153,1.0
holdout_Re250,Nuavg,0.8,0.9,91,0.8632222459462472,1.0
holdout_Re250,Nuavg,0.9,1.0,83,0.9652582382465597,1.0
holdout_Re250,DelP_Pa,0.0,0.1,21,0.061818909688848546,1.0
holdout_Re250,DelP_Pa,0.1,0.2,56,0.16654838542235176,1.0
holdout_Re250,DelP_Pa,0.2,0.30000000000000004,123,0.2387569686097987,1.0
holdout_Re250,DelP_Pa,0.30000000000000004,0.4,174,0.3642595174508761,1.0
holdout_Re250,DelP_Pa,0.4,0.5,174,0.43415646695266313,1.0
holdout_Re250,DelP_Pa,0.5,0.6000000000000001,199,0.5552858606929328,1.0
holdout_Re250,DelP_Pa,0.6000000000000001,0.7000000000000001,112,0.6505334212431243,1.0
holdout_Re250,DelP_Pa,0.7000000000000001,0.8,119,0.7351274595319811,1.0
holdout_Re250,DelP_Pa,0.8,0.9,88,0.8643369788822675,1.0
holdout_Re250,DelP_Pa,0.9,1.0,86,0.9657214860552014,1.0
holdout_Re500,Nuavg,0.9,1.0,1152,0.9861739589830888,1.0
holdout_Re500,DelP_Pa,0.9,1.0,1152,0.9860927958629703,1.0
holdout_G01,Nuavg,0.9,1.0,768,1.0,0.13932291666666666
holdout_G01,DelP_Pa,0.9,1.0,768,1.0,0.03515625
holdout_G02,Nuavg,0.4,0.5,6,0.44397264797944064,0.0
holdout_G02,Nuavg,0.5,0.6000000000000001,69,0.567837046995677,0.0
holdout_G02,Nuavg,0.6000000000000001,0.7000000000000001,95,0.6506840608648155,0.031578947368421054
holdout_G02,Nuavg,0.7000000000000001,0.8,126,0.7415967904453931,0.007936507936507936
holdout_G02,Nuavg,0.8,0.9,73,0.8429165978467638,0.0136986301369863
holdout_G02,Nuavg,0.9,1.0,399,0.9894087423409168,0.09774436090225563
holdout_G02,DelP_Pa,0.30000000000000004,0.4,15,0.38864382051610563,0.0
holdout_G02,DelP_Pa,0.4,0.5,48,0.44311896745748314,0.0
holdout_G02,DelP_Pa,0.5,0.6000000000000001,178,0.5614489041990596,0.0
holdout_G02,DelP_Pa,0.6000000000000001,0.7000000000000001,141,0.6461843663494372,0.0
holdout_G02,DelP_Pa,0.7000000000000001,0.8,148,0.7382889808295421,0.0
holdout_G02,DelP_Pa,0.8,0.9,67,0.8381312584548688,0.0
holdout_G02,DelP_Pa,0.9,1.0,171,0.9818559450724607,0.0
holdout_G03,Nuavg,0.5,0.6000000000000001,4,0.5682537134018689,0.0
holdout_G03,Nuavg,0.6000000000000001,0.7000000000000001,26,0.65817218080852,0.0
holdout_G03,Nuavg,0.7000000000000001,0.8,133,0.7648734639690757,0.03007518796992481
holdout_G03,Nuavg,0.8,0.9,73,0.8560410429389664,0.0
holdout_G03,Nuavg,0.9,1.0,532,0.9890387380341339,0.08082706766917293
holdout_G03,DelP_Pa,0.5,0.6000000000000001,3,0.5475885536193373,0.0
holdout_G03,DelP_Pa,0.6000000000000001,0.7000000000000001,28,0.6616923473305926,0.0
holdout_G03,DelP_Pa,0.7000000000000001,0.8,129,0.7596596549526863,0.0
holdout_G03,DelP_Pa,0.8,0.9,87,0.8569441333247552,0.0
holdout_G03,DelP_Pa,0.9,1.0,521,0.9844065364184176,0.0
holdout_G04,Nuavg,0.4,0.5,15,0.4444576952465065,0.0
holdout_G04,Nuavg,0.5,0.6000000000000001,96,0.5713938658160506,0.0625
holdout_G04,Nuavg,0.6000000000000001,0.7000000000000001,92,0.6518768761983005,0.09782608695652174
holdout_G04,Nuavg,0.7000000000000001,0.8,116,0.7354003179089653,0.06896551724137931
holdout_G04,Nuavg,0.8,0.9,74,0.8533757639427358,0.22972972972972974
holdout_G04,Nuavg,0.9,1.0,375,0.9933438454068065,0.176
holdout_G04,DelP_Pa,0.4,0.5,40,0.4467054303436743,0.0
holdout_G04,DelP_Pa,0.5,0.6000000000000001,166,0.5642849556890348,0.0
holdout_G04,DelP_Pa,0.6000000000000001,0.7000000000000001,108,0.6537380778326999,0.0
holdout_G04,DelP_Pa,0.7000000000000001,0.8,195,0.7359262146061456,0.0
holdout_G04,DelP_Pa,0.8,0.9,86,0.8547073207436822,0.0
holdout_G04,DelP_Pa,0.9,1.0,173,0.9819536679331533,0.0
holdout_G05,Nuavg,0.5,0.6000000000000001,24,0.570191191796798,0.041666666666666664
holdout_G05,Nuavg,0.6000000000000001,0.7000000000000001,53,0.6653668531162019,0.05660377358490566
holdout_G05,Nuavg,0.7000000000000001,0.8,169,0.7531209813321057,0.13609467455621302
holdout_G05,Nuavg,0.8,0.9,104,0.854126695575524,0.14423076923076922
holdout_G05,Nuavg,0.9,1.0,418,0.9772662948016214,0.10047846889952153
holdout_G05,DelP_Pa,0.5,0.6000000000000001,52,0.5686995055402819,0.0
holdout_G05,DelP_Pa,0.6000000000000001,0.7000000000000001,50,0.6596204747373696,0.0
holdout_G05,DelP_Pa,0.7000000000000001,0.8,176,0.7527797491874643,0.0
holdout_G05,DelP_Pa,0.8,0.9,100,0.8552523576421079,0.0
holdout_G05,DelP_Pa,0.9,1.0,390,0.9792954495625832,0.0
holdout_G06,Nuavg,0.9,1.0,768,1.0,0.2760416666666667
holdout_G06,DelP_Pa,0.9,1.0,768,1.0,0.7708333333333334
combined_G06_Re500,Nuavg,0.9,1.0,192,1.0,1.0
combined_G06_Re500,DelP_Pa,0.9,1.0,192,1.0,1.0
