split_name,target,bin_low,bin_high,count,mean_score,empirical_failure_rate,model_family
random80_20,Nuavg,0.0,0.1,9,0.06064097559659189,0.0,ExtraTrees
random80_20,Nuavg,0.1,0.2,43,0.1513453168770957,0.0,ExtraTrees
random80_20,Nuavg,0.2,0.30000000000000004,58,0.254797548851175,0.0,ExtraTrees
random80_20,Nuavg,0.30000000000000004,0.4,94,0.35315373506096065,0.0,ExtraTrees
random80_20,Nuavg,0.4,0.5,100,0.4467564368410511,0.0,ExtraTrees
random80_20,Nuavg,0.5,0.6000000000000001,124,0.554683583833198,0.016129032258064516,ExtraTrees
random80_20,Nuavg,0.6000000000000001,0.7000000000000001,109,0.6480025129728904,0.0,ExtraTrees
random80_20,Nuavg,0.7000000000000001,0.8,102,0.7443346818746566,0.0,ExtraTrees
random80_20,Nuavg,0.8,0.9,79,0.8496178061368659,0.012658227848101266,ExtraTrees
random80_20,Nuavg,0.9,1.0,204,0.9829544931196711,0.024509803921568627,ExtraTrees
random80_20,DelP_Pa,0.0,0.1,11,0.019289603993173508,0.0,ExtraTrees
random80_20,DelP_Pa,0.1,0.2,42,0.1527793802479785,0.0,ExtraTrees
random80_20,DelP_Pa,0.2,0.30000000000000004,52,0.25386094957491223,0.0,ExtraTrees
random80_20,DelP_Pa,0.30000000000000004,0.4,94,0.3527606354726523,0.0,ExtraTrees
random80_20,DelP_Pa,0.4,0.5,106,0.44699297465539245,0.0,ExtraTrees
random80_20,DelP_Pa,0.5,0.6000000000000001,138,0.5541237476136838,0.0,ExtraTrees
random80_20,DelP_Pa,0.6000000000000001,0.7000000000000001,106,0.6479854465701808,0.0,ExtraTrees
random80_20,DelP_Pa,0.7000000000000001,0.8,95,0.7414473478831877,0.0,ExtraTrees
random80_20,DelP_Pa,0.8,0.9,71,0.8478781205216185,0.0,ExtraTrees
random80_20,DelP_Pa,0.9,1.0,207,0.9838089733054951,0.0,ExtraTrees
holdout_Re25,Nuavg,0.9,1.0,1152,1.0,1.0,ExtraTrees
holdout_Re25,DelP_Pa,0.9,1.0,1152,1.0,1.0,ExtraTrees
holdout_Re100,Nuavg,0.9,1.0,1152,1.0,0.8888888888888888,ExtraTrees
holdout_Re100,DelP_Pa,0.9,1.0,1152,1.0,1.0,ExtraTrees
holdout_Re250,Nuavg,0.9,1.0,1152,1.0,0.4817708333333333,ExtraTrees
holdout_Re250,DelP_Pa,0.9,1.0,1152,1.0,1.0,ExtraTrees
holdout_Re500,Nuavg,0.9,1.0,1152,0.9861739563896551,1.0,ExtraTrees
holdout_Re500,DelP_Pa,0.9,1.0,1152,0.9860927958629703,1.0,ExtraTrees
holdout_G01,Nuavg,0.9,1.0,768,1.0,0.12109375,ExtraTrees
holdout_G01,DelP_Pa,0.9,1.0,768,1.0,0.03125,ExtraTrees
holdout_G02,Nuavg,0.5,0.6000000000000001,51,0.5743437913016112,0.0,ExtraTrees
holdout_G02,Nuavg,0.6000000000000001,0.7000000000000001,60,0.6444684860033555,0.0,ExtraTrees
holdout_G02,Nuavg,0.7000000000000001,0.8,115,0.7406031639715445,0.0,ExtraTrees
holdout_G02,Nuavg,0.8,0.9,36,0.8485918652171367,0.1388888888888889,ExtraTrees
holdout_G02,Nuavg,0.9,1.0,506,0.9955954794339422,0.025691699604743084,ExtraTrees
holdout_G02,DelP_Pa,0.7000000000000001,0.8,12,0.7873538726276842,0.0,ExtraTrees
holdout_G02,DelP_Pa,0.8,0.9,5,0.8208464787707974,0.0,ExtraTrees
holdout_G02,DelP_Pa,0.9,1.0,751,0.9997623788041231,0.0,ExtraTrees
holdout_G03,Nuavg,0.5,0.6000000000000001,5,0.5530514494914409,0.0,ExtraTrees
holdout_G03,Nuavg,0.6000000000000001,0.7000000000000001,31,0.6600427737788368,0.0,ExtraTrees
holdout_G03,Nuavg,0.7000000000000001,0.8,137,0.7641523092763237,0.0,ExtraTrees
holdout_G03,Nuavg,0.8,0.9,79,0.8572802920348968,0.0,ExtraTrees
holdout_G03,Nuavg,0.9,1.0,516,0.9898884696551609,0.0872093023255814,ExtraTrees
holdout_G03,DelP_Pa,0.5,0.6000000000000001,5,0.5530514494914409,0.0,ExtraTrees
holdout_G03,DelP_Pa,0.6000000000000001,0.7000000000000001,31,0.6638277225205793,0.0,ExtraTrees
holdout_G03,DelP_Pa,0.7000000000000001,0.8,152,0.7606351973826958,0.0,ExtraTrees
holdout_G03,DelP_Pa,0.8,0.9,84,0.8569688162256908,0.0,ExtraTrees
holdout_G03,DelP_Pa,0.9,1.0,496,0.9845046749715441,0.0,ExtraTrees
holdout_G04,Nuavg,0.4,0.5,3,0.4494422913100529,0.0,ExtraTrees
holdout_G04,Nuavg,0.5,0.6000000000000001,29,0.5736147168806952,0.0,ExtraTrees
holdout_G04,Nuavg,0.6000000000000001,0.7000000000000001,19,0.6405048361304587,0.0,ExtraTrees
holdout_G04,Nuavg,0.7000000000000001,0.8,51,0.7373197894078226,0.0,ExtraTrees
holdout_G04,Nuavg,0.8,0.9,20,0.8411079438878936,0.0,ExtraTrees
holdout_G04,Nuavg,0.9,1.0,646,0.9985929236313393,0.16718266253869968,ExtraTrees
holdout_G04,DelP_Pa,0.9,1.0,768,1.0,0.0625,ExtraTrees
holdout_G05,Nuavg,0.5,0.6000000000000001,21,0.5390184720913891,0.0,ExtraTrees
holdout_G05,Nuavg,0.6000000000000001,0.7000000000000001,16,0.6493606918311792,0.125,ExtraTrees
holdout_G05,Nuavg,0.7000000000000001,0.8,120,0.7504113429039958,0.11666666666666667,ExtraTrees
holdout_G05,Nuavg,0.8,0.9,80,0.8561780479087844,0.0875,ExtraTrees
holdout_G05,Nuavg,0.9,1.0,531,0.9836362486701027,0.09227871939736347,ExtraTrees
holdout_G05,DelP_Pa,0.5,0.6000000000000001,67,0.5646160732392201,0.0,ExtraTrees
holdout_G05,DelP_Pa,0.6000000000000001,0.7000000000000001,60,0.6571600605500748,0.0,ExtraTrees
holdout_G05,DelP_Pa,0.7000000000000001,0.8,198,0.7497687905278605,0.0,ExtraTrees
holdout_G05,DelP_Pa,0.8,0.9,100,0.8540735222937954,0.0,ExtraTrees
holdout_G05,DelP_Pa,0.9,1.0,343,0.9747231807289333,0.0,ExtraTrees
holdout_G06,Nuavg,0.9,1.0,768,1.0,0.27734375,ExtraTrees
holdout_G06,DelP_Pa,0.9,1.0,768,1.0,0.7708333333333334,ExtraTrees
combined_G06_Re500,Nuavg,0.9,1.0,192,1.0,1.0,ExtraTrees
combined_G06_Re500,DelP_Pa,0.9,1.0,192,1.0,1.0,ExtraTrees
