case_uid,raw_row_id,geometry_id,Re,Pr,Da,epsi,Hp_mm,a_mm,Lw_mm,Nuavg,model_family,split_name,split_family,target,prediction,residual,abs_error,ape_pct,failure_tolerance_pct,is_failure,uncertainty_raw,knn_distance_raw,mahalanobis_raw,physics_violation_raw,U_norm,D_knn_norm,D_maha_norm,D_norm,V_norm,U_D_equal,U_V_equal,D_V_equal,U_D_V_equal,U_D_V_max,U_2D_V_weighted,reliability_score,gate_decision,tau_predict,tau_warn
G06_R0577,577,G06,500,3,0.001,0.85,0.1,0.3,4.0,12.188,ExtraTrees,combined_G06_Re500,combined_shift,Nuavg,10.276311399999944,-1.9116886000000566,1.9116886000000566,15.685006563833742,5.0,True,1.8156774858403508e-05,1.6840091433868203,22.697309633731727,0.0,0.2947824434319787,1.0,1.0,1.0,0.0,0.6473912217159894,0.14739122171598934,0.5,0.4315941478106596,1.0,0.5736956108579947,1.0,abstain,0.8433794959363987,1.0
G06_R0578,578,G06,500,3,0.001,0.85,0.2,0.3,4.0,13.353,ExtraTrees,combined_G06_Re500,combined_shift,Nuavg,11.200471999999985,-2.1525280000000144,2.1525280000000144,16.120182730472663,5.0,True,1.0483503343305122e-05,1.6607264390505008,21.17081228266908,0.0,0.1702038360538734,1.0,1.0,1.0,0.0,0.5851019180269367,0.0851019180269367,0.5,0.39006794535129113,1.0,0.5425509590134684,1.0,abstain,0.8433794959363987,1.0
G06_R0579,579,G06,500,3,0.001,0.85,0.3,0.3,4.0,14.991,ExtraTrees,combined_G06_Re500,combined_shift,Nuavg,12.475000000000083,-2.5159999999999165,2.5159999999999165,16.78340337535799,5.0,True,0.0,1.7726126709927859,22.63737235971792,0.0,0.0,1.0,1.0,1.0,0.0,0.5,0.0,0.5,0.3333333333333333,1.0,0.5,1.0,abstain,0.8433794959363987,1.0
G06_R0580,580,G06,500,3,0.001,0.8,0.1,0.3,4.0,12.204,ExtraTrees,combined_G06_Re500,combined_shift,Nuavg,10.276311399999944,-1.9276886000000566,1.9276886000000566,15.795547361521274,5.0,True,1.8156774858403508e-05,1.6602431419787638,21.07361517669873,0.0,0.2947824434319787,1.0,1.0,1.0,0.0,0.6473912217159894,0.14739122171598934,0.5,0.4315941478106596,1.0,0.5736956108579947,1.0,abstain,0.8433794959363987,1.0
G06_R0581,581,G06,500,3,0.001,0.8,0.2,0.3,4.0,13.376,ExtraTrees,combined_G06_Re500,combined_shift,Nuavg,11.200286133333318,-2.1757138666666815,2.1757138666666815,16.265803429027226,5.0,True,1.0549481526747709e-05,1.6602431419787638,19.53380622428986,0.0,0.17127501803856424,1.0,1.0,1.0,0.0,0.5856375090192821,0.08563750901928212,0.5,0.39042500601285474,1.0,0.542818754509641,1.0,abstain,0.8433794959363987,1.0
G06_R0582,582,G06,500,3,0.001,0.8,0.3,0.3,4.0,15.023,ExtraTrees,combined_G06_Re500,combined_shift,Nuavg,12.475000000000083,-2.5479999999999166,2.5479999999999166,16.960660320840823,5.0,True,0.0,1.6602431419787638,20.987054699992473,0.0,0.0,1.0,1.0,1.0,0.0,0.5,0.0,0.5,0.3333333333333333,1.0,0.5,1.0,abstain,0.8433794959363987,1.0
G06_R0583,583,G06,500,3,0.001,0.75,0.1,0.3,4.0,12.222,ExtraTrees,combined_G06_Re500,combined_shift,Nuavg,10.284188599999933,-1.9378114000000668,1.9378114000000668,15.855108820160913,5.0,True,1.814286763198526e-05,1.6602431419787638,21.078439767001704,0.0,0.2945566540934588,1.0,1.0,1.0,0.0,0.6472783270467294,0.1472783270467294,0.5,0.43151888469781957,1.0,0.5736391635233647,1.0,abstain,0.8433794959363987,1.0
G06_R0584,584,G06,500,3,0.001,0.75,0.2,0.3,4.0,13.399,ExtraTrees,combined_G06_Re500,combined_shift,Nuavg,11.209677533333293,-2.189322466666706,2.189322466666706,16.33944672488026,5.0,True,1.3656030297319376e-05,1.6602431419787638,19.52531921324662,0.0,0.2217110698358296,1.0,1.0,1.0,0.0,0.6108555349179148,0.1108555349179148,0.5,0.40723702327860983,1.0,0.5554277674589574,1.0,abstain,0.8433794959363987,1.0
G06_R0585,585,G06,500,3,0.001,0.75,0.3,0.3,4.0,15.057,ExtraTrees,combined_G06_Re500,combined_shift,Nuavg,12.475000000000083,-2.5819999999999173,2.5819999999999173,17.14817028624505,5.0,True,0.0,1.7100983026708056,20.965256087603024,0.0,0.0,1.0,1.0,1.0,0.0,0.5,0.0,0.5,0.3333333333333333,1.0,0.5,1.0,abstain,0.8433794959363987,1.0
G06_R0586,586,G06,500,3,0.001,0.7,0.1,0.3,4.0,12.241,ExtraTrees,combined_G06_Re500,combined_shift,Nuavg,10.284188599999933,-1.956811400000067,1.956811400000067,15.985715219345371,5.0,True,1.814286763198526e-05,1.6668421876875645,22.711783404640656,0.0,0.2945566540934588,1.0,1.0,1.0,0.0,0.6472783270467294,0.1472783270467294,0.5,0.43151888469781957,1.0,0.5736391635233647,1.0,abstain,0.8433794959363987,1.0
G06_R0587,587,G06,500,3,0.001,0.7,0.2,0.3,4.0,13.423,ExtraTrees,combined_G06_Re500,combined_shift,Nuavg,11.209847533333296,-2.2131524666667044,2.2131524666667044,16.487763291862507,5.0,True,2.1063384572332328e-05,1.6910860299700325,21.145351249539356,0.0,0.3419724053198687,1.0,1.0,1.0,0.0,0.6709862026599344,0.17098620265993436,0.5,0.4473241351066229,1.0,0.5854931013299671,1.0,abstain,0.8433794959363987,1.0
G06_R0588,588,G06,500,3,0.001,0.7,0.3,0.3,4.0,15.09,ExtraTrees,combined_G06_Re500,combined_shift,Nuavg,12.475000000000083,-2.6149999999999167,2.6149999999999167,17.32935719019163,5.0,True,0.0,1.699613732473918,22.571976522549527,0.0,0.0,1.0,1.0,1.0,0.0,0.5,0.0,0.5,0.3333333333333333,1.0,0.5,1.0,abstain,0.8433794959363987,1.0
G06_R0589,589,G06,500,3,0.0001,0.85,0.1,0.3,4.0,12.463,ExtraTrees,combined_G06_Re500,combined_shift,Nuavg,10.458169199999974,-2.0048308000000254,2.0048308000000254,16.086261734735018,5.0,True,1.73840446617625e-05,1.6901248920238836,21.23876732620084,0.0,0.2822368621128336,1.0,1.0,1.0,0.0,0.6411184310564169,0.1411184310564168,0.5,0.42741228737094455,1.0,0.5705592155282084,1.0,abstain,0.8433794959363987,1.0
G06_R0590,590,G06,500,3,0.0001,0.85,0.2,0.3,4.0,13.74,ExtraTrees,combined_G06_Re500,combined_shift,Nuavg,11.274364066666596,-2.465635933333404,2.465635933333404,17.944948568656507,5.0,True,3.672881206805839e-05,1.7328977099353875,19.718166934241506,0.0,0.596306835889697,1.0,1.0,1.0,0.0,0.7981534179448485,0.2981534179448485,0.5,0.532102278629899,1.0,0.6490767089724243,1.0,abstain,0.8433794959363987,1.0
G06_R0591,591,G06,500,3,0.0001,0.85,0.3,0.3,4.0,15.601,ExtraTrees,combined_G06_Re500,combined_shift,Nuavg,12.421000000000047,-3.1799999999999535,3.1799999999999535,20.38330876225853,5.0,True,0.0,1.749447898250739,21.19062397039365,0.0,0.0,1.0,1.0,1.0,0.0,0.5,0.0,0.5,0.3333333333333333,1.0,0.5,1.0,abstain,0.8433794959363987,1.0
G06_R0592,592,G06,500,3,0.0001,0.8,0.1,0.3,4.0,12.469,ExtraTrees,combined_G06_Re500,combined_shift,Nuavg,10.458169199999974,-2.0108308000000257,2.0108308000000257,16.126640468361742,5.0,True,1.73840446617625e-05,1.6602431419787638,19.621828784039806,0.0,0.2822368621128336,1.0,1.0,1.0,0.0,0.6411184310564169,0.1411184310564168,0.5,0.42741228737094455,1.0,0.5705592155282084,1.0,abstain,0.8433794959363987,1.0
G06_R0593,593,G06,500,3,0.0001,0.8,0.2,0.3,4.0,13.75,ExtraTrees,combined_G06_Re500,combined_shift,Nuavg,11.276277399999927,-2.473722600000073,2.473722600000073,17.99070981818235,5.0,True,4.858069337643326e-06,1.6602431419787638,18.087916790734255,0.0,0.07887268311033038,1.0,1.0,1.0,0.0,0.5394363415551652,0.03943634155516519,0.5,0.35962422770344343,1.0,0.5197181707775826,1.0,abstain,0.8433794959363987,1.0
G06_R0594,594,G06,500,3,0.0001,0.8,0.3,0.3,4.0,15.615,ExtraTrees,combined_G06_Re500,combined_shift,Nuavg,12.421000000000047,-3.193999999999953,3.193999999999953,20.454691002241134,5.0,True,0.0,1.6602431419787638,19.547062225540174,0.0,0.0,1.0,1.0,1.0,0.0,0.5,0.0,0.5,0.3333333333333333,1.0,0.5,1.0,abstain,0.8433794959363987,1.0
G06_R0595,595,G06,500,3,0.0001,0.75,0.1,0.3,4.0,12.476,ExtraTrees,combined_G06_Re500,combined_shift,Nuavg,10.461330800000002,-2.0146691999999984,2.0146691999999984,16.14835844822057,5.0,True,1.7378790894639986e-05,1.6602431419787638,19.633409289214747,0.0,0.28215156511919487,1.0,1.0,1.0,0.0,0.6410757825595974,0.14107578255959743,0.5,0.4273838550397316,1.0,0.5705378912797987,1.0,abstain,0.8433794959363987,1.0
G06_R0596,596,G06,500,3,0.0001,0.75,0.2,0.3,4.0,13.76,ExtraTrees,combined_G06_Re500,combined_shift,Nuavg,11.27631699999993,-2.4836830000000703,2.4836830000000703,18.050021802326093,5.0,True,1.5831837586418795e-06,1.6901248920238838,18.08618569456297,0.0,0.025703616441456103,1.0,1.0,1.0,0.0,0.5128518082207281,0.012851808220728051,0.5,0.34190120548048536,1.0,0.506425904110364,1.0,abstain,0.8433794959363987,1.0
G06_R0597,597,G06,500,3,0.0001,0.75,0.3,0.3,4.0,15.628,ExtraTrees,combined_G06_Re500,combined_shift,Nuavg,12.421000000000047,-3.2069999999999528,3.2069999999999528,20.52085999488068,5.0,True,0.0,1.7096150055990684,19.532019528022666,0.0,0.0,1.0,1.0,1.0,0.0,0.5,0.0,0.5,0.3333333333333333,1.0,0.5,1.0,abstain,0.8433794959363987,1.0
G06_R0598,598,G06,500,3,0.0001,0.7,0.1,0.3,4.0,12.484,ExtraTrees,combined_G06_Re500,combined_shift,Nuavg,10.461330800000002,-2.0226691999999975,2.0226691999999975,16.202092278115966,5.0,True,1.7378790894639986e-05,1.6840091433868207,21.273508841725658,0.0,0.28215156511919487,1.0,1.0,1.0,0.0,0.6410757825595974,0.14107578255959743,0.5,0.4273838550397316,1.0,0.5705378912797987,1.0,abstain,0.8433794959363987,1.0
G06_R0599,599,G06,500,3,0.0001,0.7,0.2,0.3,4.0,13.772,ExtraTrees,combined_G06_Re500,combined_shift,Nuavg,11.276275599999929,-2.4957244000000713,2.4957244000000713,18.12172814406093,5.0,True,4.713793261334085e-06,1.6602431419787638,19.71297364572767,0.0,0.0765303037706685,1.0,1.0,1.0,0.0,0.5382651518853343,0.03826515188533425,0.5,0.3588434345902229,1.0,0.5191325759426672,1.0,abstain,0.8433794959363987,1.0
G06_R0600,600,G06,500,3,0.0001,0.7,0.3,0.3,4.0,15.642,ExtraTrees,combined_G06_Re500,combined_shift,Nuavg,12.421000000000047,-3.220999999999952,3.220999999999952,20.5919959084513,5.0,True,0.0,1.6602431419787638,21.14549587784115,0.0,0.0,1.0,1.0,1.0,0.0,0.5,0.0,0.5,0.3333333333333333,1.0,0.5,1.0,abstain,0.8433794959363987,1.0
G06_R0601,601,G06,500,3,1e-05,0.85,0.1,0.3,4.0,12.526,ExtraTrees,combined_G06_Re500,combined_shift,Nuavg,10.502000000000058,-2.0239999999999423,2.0239999999999423,16.158390547660407,5.0,True,0.0,1.6602431419787638,21.391171045270145,0.0,0.0,1.0,1.0,1.0,0.0,0.5,0.0,0.5,0.3333333333333333,1.0,0.5,1.0,abstain,0.8433794959363987,1.0
G06_R0602,602,G06,500,3,1e-05,0.85,0.2,0.3,4.0,13.749,ExtraTrees,combined_G06_Re500,combined_shift,Nuavg,11.255721999999922,-2.4932780000000783,2.4932780000000783,18.13424976361974,5.0,True,2.4246876773059575e-05,1.700097029545655,19.876467612414118,0.0,0.3936576642326149,1.0,1.0,1.0,0.0,0.6968288321163074,0.19682883211630745,0.5,0.4645525547442049,1.0,0.5984144160581537,1.0,abstain,0.8433794959363987,1.0
G06_R0603,603,G06,500,3,1e-05,0.85,0.3,0.3,4.0,15.649,ExtraTrees,combined_G06_Re500,combined_shift,Nuavg,12.353879799999914,-3.2951202000000848,3.2951202000000848,21.056426608729534,5.0,True,7.089180091541096e-06,1.691086029970032,21.354821607669564,0.0,0.11509565138142445,1.0,1.0,1.0,0.0,0.5575478256907123,0.05754782569071223,0.5,0.37169855046047484,1.0,0.5287739128453561,1.0,abstain,0.8433794959363987,1.0
G06_R0604,604,G06,500,3,1e-05,0.8,0.1,0.3,4.0,12.528,ExtraTrees,combined_G06_Re500,combined_shift,Nuavg,10.502000000000058,-2.025999999999943,2.025999999999943,16.171775223498905,5.0,True,0.0,1.709131708527331,19.780988417981074,0.0,0.0,1.0,1.0,1.0,0.0,0.5,0.0,0.5,0.3333333333333333,1.0,0.5,1.0,abstain,0.8433794959363987,1.0
G06_R0605,605,G06,500,3,1e-05,0.8,0.2,0.3,4.0,13.755,ExtraTrees,combined_G06_Re500,combined_shift,Nuavg,11.257050399999923,-2.4979496000000783,2.4979496000000783,18.160302435478574,5.0,True,9.411291353519725e-07,1.6602431419787638,18.25297338377882,0.0,0.015279604900518856,1.0,1.0,1.0,0.0,0.5076398024502594,0.007639802450259428,0.5,0.3384265349668396,1.0,0.5038199012251298,1.0,abstain,0.8433794959363987,1.0
G06_R0606,606,G06,500,3,1e-05,0.8,0.3,0.3,4.0,15.655,ExtraTrees,combined_G06_Re500,combined_shift,Nuavg,12.353879799999914,-3.301120200000085,3.301120200000085,21.086682848930597,5.0,True,7.089180091541096e-06,1.6835258463150833,19.71801577768805,0.0,0.11509565138142445,1.0,1.0,1.0,0.0,0.5575478256907123,0.05754782569071223,0.5,0.37169855046047484,1.0,0.5287739128453561,1.0,abstain,0.8433794959363987,1.0
G06_R0607,607,G06,500,3,1e-05,0.75,0.1,0.3,4.0,12.53,ExtraTrees,combined_G06_Re500,combined_shift,Nuavg,10.502000000000058,-2.027999999999942,2.027999999999942,16.185155626495945,5.0,True,0.0,1.690602732898295,19.799324838027967,0.0,0.0,1.0,1.0,1.0,0.0,0.5,0.0,0.5,0.3333333333333333,1.0,0.5,1.0,abstain,0.8433794959363987,1.0
G06_R0608,608,G06,500,3,1e-05,0.75,0.2,0.3,4.0,13.76,ExtraTrees,combined_G06_Re500,combined_shift,Nuavg,11.257045599999923,-2.5029544000000765,2.5029544000000765,18.190075581395906,5.0,True,1.030772031604742e-06,1.6602431419787638,18.257998202479502,0.0,0.016734992886534468,1.0,1.0,1.0,0.0,0.5083674964432673,0.008367496443267234,0.5,0.3389116642955115,1.0,0.5041837482216336,1.0,abstain,0.8433794959363987,1.0
G06_R0609,609,G06,500,3,1e-05,0.75,0.3,0.3,4.0,15.662,ExtraTrees,combined_G06_Re500,combined_shift,Nuavg,12.356620199999892,-3.305379800000109,3.305379800000109,21.104455369685283,5.0,True,7.087607882600241e-06,1.6668421876875645,19.709728995042507,0.0,0.11507012594550396,1.0,1.0,1.0,0.0,0.557535062972752,0.05753506297275198,0.5,0.3716900419818347,1.0,0.528767531486376,1.0,abstain,0.8433794959363987,1.0
G06_R0610,610,G06,500,3,1e-05,0.7,0.1,0.3,4.0,12.533,ExtraTrees,combined_G06_Re500,combined_shift,Nuavg,10.502000000000058,-2.030999999999942,2.030999999999942,16.205218223888473,5.0,True,0.0,1.709131708527331,21.44618030541084,0.0,0.0,1.0,1.0,1.0,0.0,0.5,0.0,0.5,0.3333333333333333,1.0,0.5,1.0,abstain,0.8433794959363987,1.0
G06_R0611,611,G06,500,3,1e-05,0.7,0.2,0.3,4.0,13.766,ExtraTrees,combined_G06_Re500,combined_shift,Nuavg,11.257042999999923,-2.508957000000077,2.508957000000077,18.225751852390506,5.0,True,9.07665700425514e-07,1.7096150055990684,19.891542068516156,0.0,0.014736312758044398,1.0,1.0,1.0,0.0,0.5073681563790222,0.007368156379022199,0.5,0.33824543758601483,1.0,0.5036840781895111,1.0,abstain,0.8433794959363987,1.0
G06_R0612,612,G06,500,3,1e-05,0.7,0.3,0.3,4.0,15.668,ExtraTrees,combined_G06_Re500,combined_shift,Nuavg,12.356620199999892,-3.3113798000001076,3.3113798000001076,21.134668113352742,5.0,True,7.087607882600241e-06,1.6602431419787638,21.329961259732947,0.0,0.11507012594550396,1.0,1.0,1.0,0.0,0.557535062972752,0.05753506297275198,0.5,0.3716900419818347,1.0,0.528767531486376,1.0,abstain,0.8433794959363987,1.0
G06_R0613,613,G06,500,3,1e-06,0.85,0.1,0.3,4.0,12.551,ExtraTrees,combined_G06_Re500,combined_shift,Nuavg,10.522164799999974,-2.0288352000000263,2.0288352000000263,16.164729503625416,5.0,True,3.1174610508491725e-07,1.7062127781827183,23.15452079093964,0.0,0.005061321699696102,1.0,1.0,1.0,0.0,0.5025306608498481,0.002530660849848051,0.5,0.3350204405665654,1.0,0.501265330424924,1.0,abstain,0.8433794959363987,1.0
G06_R0614,614,G06,500,3,1e-06,0.85,0.2,0.3,4.0,13.702,ExtraTrees,combined_G06_Re500,combined_shift,Nuavg,11.249450800000075,-2.4525491999999254,2.4525491999999254,17.89920595533444,5.0,True,2.034108611500371e-05,1.709615005599068,21.6457143171869,0.0,0.33024560329699004,1.0,1.0,1.0,0.0,0.665122801648495,0.16512280164849502,0.5,0.4434152010989967,1.0,0.5825614008242475,1.0,abstain,0.8433794959363987,1.0
G06_R0615,615,G06,500,3,1e-06,0.85,0.3,0.3,4.0,15.627,ExtraTrees,combined_G06_Re500,combined_shift,Nuavg,12.332998400000006,-3.2940015999999943,3.2940015999999943,21.078912139246142,5.0,True,3.059150952992325e-06,1.691086029970032,23.129965271545654,0.0,0.049666529424027675,1.0,1.0,1.0,0.0,0.5248332647120139,0.024833264712013838,0.5,0.34988884314134255,1.0,0.5124166323560069,1.0,abstain,0.8433794959363987,1.0
G06_R0616,616,G06,500,3,1e-06,0.8,0.1,0.3,4.0,12.551,ExtraTrees,combined_G06_Re500,combined_shift,Nuavg,10.522164799999974,-2.0288352000000263,2.0288352000000263,16.164729503625416,5.0,True,3.1174610508491725e-07,1.6673254847593015,21.55109407852252,0.0,0.005061321699696102,1.0,1.0,1.0,0.0,0.5025306608498481,0.002530660849848051,0.5,0.3350204405665654,1.0,0.501265330424924,1.0,abstain,0.8433794959363987,1.0
G06_R0617,617,G06,500,3,1e-06,0.8,0.2,0.3,4.0,13.704,ExtraTrees,combined_G06_Re500,combined_shift,Nuavg,11.250516800000081,-2.453483199999919,2.453483199999919,17.903409223583765,5.0,True,1.9910196481186263e-06,1.6602431419787638,20.028976003423576,0.0,0.03232499391387472,1.0,1.0,1.0,0.0,0.5161624969569374,0.01616249695693736,0.5,0.3441083313046249,1.0,0.5080812484784687,1.0,abstain,0.8433794959363987,1.0
G06_R0618,618,G06,500,3,1e-06,0.8,0.3,0.3,4.0,15.629,ExtraTrees,combined_G06_Re500,combined_shift,Nuavg,12.332998400000006,-3.296001599999993,3.296001599999993,21.08901145306797,5.0,True,3.059150952992325e-06,1.7370556661739869,21.4999153564361,0.0,0.049666529424027675,1.0,1.0,1.0,0.0,0.5248332647120139,0.024833264712013838,0.5,0.34988884314134255,1.0,0.5124166323560069,1.0,abstain,0.8433794959363987,1.0
G06_R0619,619,G06,500,3,1e-06,0.75,0.1,0.3,4.0,12.551,ExtraTrees,combined_G06_Re500,combined_shift,Nuavg,10.522335200000002,-2.028664799999998,2.028664799999998,16.16337184288103,5.0,True,3.1174105659177965e-07,1.6602431419787638,21.576186413441377,0.0,0.00506123973540705,1.0,1.0,1.0,0.0,0.5025306198677035,0.002530619867703525,0.5,0.3350204132451357,1.0,0.5012653099338518,1.0,abstain,0.8433794959363987,1.0
G06_R0620,620,G06,500,3,1e-06,0.75,0.2,0.3,4.0,13.707,ExtraTrees,combined_G06_Re500,combined_shift,Nuavg,11.25051200000008,-2.4564879999999203,2.4564879999999203,17.921412417012622,5.0,True,1.4221574982557138e-06,1.7132896647659304,20.04075673699621,0.0,0.023089291217757112,1.0,1.0,1.0,0.0,0.5115446456088786,0.011544645608878556,0.5,0.34102976373925237,1.0,0.5057723228044393,1.0,abstain,0.8433794959363987,1.0
G06_R0621,621,G06,500,3,1e-06,0.75,0.3,0.3,4.0,15.632,ExtraTrees,combined_G06_Re500,combined_shift,Nuavg,12.334001599999986,-3.2979984000000133,3.2979984000000133,21.097737973388007,5.0,True,3.0589021341363337e-06,1.6602431419787638,21.49838448866253,0.0,0.049662489751183064,1.0,1.0,1.0,0.0,0.5248312448755915,0.024831244875591532,0.5,0.3498874965837277,1.0,0.5124156224377958,1.0,abstain,0.8433794959363987,1.0
G06_R0622,622,G06,500,3,1e-06,0.7,0.1,0.3,4.0,12.552,ExtraTrees,combined_G06_Re500,combined_shift,Nuavg,10.522335200000002,-2.0296647999999973,2.0296647999999973,16.170050987890356,5.0,True,3.1174105659177965e-07,1.6829300738463988,23.229797795696214,0.0,0.00506123973540705,1.0,1.0,1.0,0.0,0.5025306198677035,0.002530619867703525,0.5,0.3350204132451357,1.0,0.5012653099338518,1.0,abstain,0.8433794959363987,1.0
G06_R0623,623,G06,500,3,1e-06,0.7,0.2,0.3,4.0,13.709,ExtraTrees,combined_G06_Re500,combined_shift,Nuavg,11.25052760000008,-2.45847239999992,2.45847239999992,17.933273032313952,5.0,True,1.2640394809057026e-06,1.7712773326874292,21.68105651790483,0.0,0.02052218247358036,1.0,1.0,1.0,0.0,0.5102610912367902,0.01026109123679018,0.5,0.3401740608245268,1.0,0.5051305456183951,1.0,abstain,0.8433794959363987,1.0
G06_R0624,624,G06,500,3,1e-06,0.7,0.3,0.3,4.0,15.635,ExtraTrees,combined_G06_Re500,combined_shift,Nuavg,12.334001599999986,-3.3009984000000134,3.3009984000000134,21.112877518388316,5.0,True,3.0589021341363337e-06,1.6602431419787638,23.125372668224927,0.0,0.049662489751183064,1.0,1.0,1.0,0.0,0.5248312448755915,0.024831244875591532,0.5,0.3498874965837277,1.0,0.5124156224377958,1.0,abstain,0.8433794959363987,1.0
G06_R0625,625,G06,500,6,0.001,0.85,0.1,0.3,4.0,15.29,ExtraTrees,combined_G06_Re500,combined_shift,Nuavg,12.52300000000008,-2.7669999999999195,2.7669999999999195,18.09679529103937,5.0,True,0.0,1.7261651939144198,21.53352700470693,0.0,0.0,1.0,1.0,1.0,0.0,0.5,0.0,0.5,0.3333333333333333,1.0,0.5,1.0,abstain,0.8433794959363987,1.0
G06_R0626,626,G06,500,6,0.001,0.85,0.2,0.3,4.0,16.818,ExtraTrees,combined_G06_Re500,combined_shift,Nuavg,13.627617600000116,-3.1903823999998853,3.1903823999998853,18.97004637887909,5.0,True,9.838623062256912e-06,1.6607264390505008,20.001812929910276,0.0,0.15973394883816514,1.0,1.0,1.0,0.0,0.5798669744190825,0.07986697441908257,0.5,0.386577982946055,1.0,0.5399334872095413,1.0,abstain,0.8433794959363987,1.0
G06_R0627,627,G06,500,6,0.001,0.85,0.3,0.3,4.0,19.001,ExtraTrees,combined_G06_Re500,combined_shift,Nuavg,15.195333333333172,-3.805666666666829,3.805666666666829,20.028770415593012,5.0,True,0.0,1.7227629664980697,21.463156283225107,0.0,0.0,1.0,1.0,1.0,0.0,0.5,0.0,0.5,0.3333333333333333,1.0,0.5,1.0,abstain,0.8433794959363987,1.0
G06_R0628,628,G06,500,6,0.001,0.8,0.1,0.3,4.0,15.313,ExtraTrees,combined_G06_Re500,combined_shift,Nuavg,12.52300000000008,-2.789999999999921,2.789999999999921,18.21981323058787,5.0,True,0.0,1.6602431419787638,19.914970453874773,0.0,0.0,1.0,1.0,1.0,0.0,0.5,0.0,0.5,0.3333333333333333,1.0,0.5,1.0,abstain,0.8433794959363987,1.0
G06_R0629,629,G06,500,6,0.001,0.8,0.2,0.3,4.0,16.849,ExtraTrees,combined_G06_Re500,combined_shift,Nuavg,13.650510133333341,-3.198489866666659,3.198489866666659,18.983262310325,5.0,True,7.67785339458908e-06,1.6602431419787638,18.369944777731906,0.0,0.12465299600947348,1.0,1.0,1.0,0.0,0.5623264980047368,0.06232649800473674,0.5,0.37488433200315785,1.0,0.5311632490023683,1.0,abstain,0.8433794959363987,1.0
G06_R0630,630,G06,500,6,0.001,0.8,0.3,0.3,4.0,19.053,ExtraTrees,combined_G06_Re500,combined_shift,Nuavg,15.195333333333172,-3.8576666666668284,3.8576666666668284,20.247030213965402,5.0,True,0.0,1.6602431419787638,19.817976529700513,0.0,0.0,1.0,1.0,1.0,0.0,0.5,0.0,0.5,0.3333333333333333,1.0,0.5,1.0,abstain,0.8433794959363987,1.0
G06_R0631,631,G06,500,6,0.001,0.75,0.1,0.3,4.0,15.337,ExtraTrees,combined_G06_Re500,combined_shift,Nuavg,12.52300000000008,-2.81399999999992,2.81399999999992,18.34778639890409,5.0,True,0.0,1.6602431419787638,19.924932950378594,0.0,0.0,1.0,1.0,1.0,0.0,0.5,0.0,0.5,0.3333333333333333,1.0,0.5,1.0,abstain,0.8433794959363987,1.0
G06_R0632,632,G06,500,6,0.001,0.75,0.2,0.3,4.0,16.881,ExtraTrees,combined_G06_Re500,combined_shift,Nuavg,13.650734199999928,-3.2302658000000726,3.2302658000000726,19.13551211421167,5.0,True,2.9828562850856105e-05,1.6607264390505012,18.366595672889506,0.0,0.4842785522105029,1.0,1.0,1.0,0.0,0.7421392761052514,0.24213927610525146,0.5,0.49475951740350094,1.0,0.6210696380526257,1.0,abstain,0.8433794959363987,1.0
G06_R0633,633,G06,500,6,0.001,0.75,0.3,0.3,4.0,19.106,ExtraTrees,combined_G06_Re500,combined_shift,Nuavg,15.195333333333172,-3.9106666666668293,3.9106666666668293,20.468264768485444,5.0,True,0.0,1.6840091433868207,19.801315823511896,0.0,0.0,1.0,1.0,1.0,0.0,0.5,0.0,0.5,0.3333333333333333,1.0,0.5,1.0,abstain,0.8433794959363987,1.0
G06_R0634,634,G06,500,6,0.001,0.7,0.1,0.3,4.0,15.363,ExtraTrees,combined_G06_Re500,combined_shift,Nuavg,12.52300000000008,-2.83999999999992,2.83999999999992,18.485972791771918,5.0,True,0.0,1.7071739161288673,21.56341449421838,0.0,0.0,1.0,1.0,1.0,0.0,0.5,0.0,0.5,0.3333333333333333,1.0,0.5,1.0,abstain,0.8433794959363987,1.0
G06_R0635,635,G06,500,6,0.001,0.7,0.2,0.3,4.0,16.914,ExtraTrees,combined_G06_Re500,combined_shift,Nuavg,13.67562946666655,-3.238370533333452,3.238370533333452,19.146095148004324,5.0,True,1.7094421087117553e-05,1.6668421876875645,19.991765615383077,0.0,0.2775347084718291,1.0,1.0,1.0,0.0,0.6387673542359146,0.13876735423591455,0.5,0.42584490282394305,1.0,0.5693836771179572,1.0,abstain,0.8433794959363987,1.0
G06_R0636,636,G06,500,6,0.001,0.7,0.3,0.3,4.0,19.161,ExtraTrees,combined_G06_Re500,combined_shift,Nuavg,15.195333333333172,-3.965666666666829,3.965666666666829,20.696553763722296,5.0,True,0.0,1.7096150055990684,21.413174164659242,0.0,0.0,1.0,1.0,1.0,0.0,0.5,0.0,0.5,0.3333333333333333,1.0,0.5,1.0,abstain,0.8433794959363987,1.0
G06_R0637,637,G06,500,6,0.0001,0.85,0.1,0.3,4.0,15.67,ExtraTrees,combined_G06_Re500,combined_shift,Nuavg,12.716000000000074,-2.953999999999926,2.953999999999926,18.851308232290528,5.0,True,0.0,1.7560624826774345,20.067439947896847,0.0,0.0,1.0,1.0,1.0,0.0,0.5,0.0,0.5,0.3333333333333333,1.0,0.5,1.0,abstain,0.8433794959363987,1.0
G06_R0638,638,G06,500,6,0.0001,0.85,0.2,0.3,4.0,17.321,ExtraTrees,combined_G06_Re500,combined_shift,Nuavg,13.62996400000012,-3.6910359999998814,3.6910359999998814,21.309601062293638,5.0,True,3.04681959514118e-05,1.7489855960942222,18.541622832203508,0.0,0.4946632493691237,1.0,1.0,1.0,0.0,0.7473316246845618,0.24733162468456185,0.5,0.4982210831230412,1.0,0.6236658123422809,1.0,abstain,0.8433794959363987,1.0
G06_R0639,639,G06,500,6,0.0001,0.85,0.3,0.3,4.0,19.821,ExtraTrees,combined_G06_Re500,combined_shift,Nuavg,15.039333333333222,-4.78166666666678,4.78166666666678,24.124245329028707,5.0,True,1.181140679595902e-16,1.7328977099353875,20.008863144621646,0.0,1.917628754464837e-12,1.0,1.0,1.0,0.0,0.5000000000009588,9.588143772324184e-13,0.5,0.3333333333339725,1.0,0.5000000000004794,1.0,abstain,0.8433794959363987,1.0
G06_R0640,640,G06,500,6,0.0001,0.8,0.1,0.3,4.0,15.679,ExtraTrees,combined_G06_Re500,combined_shift,Nuavg,12.716000000000074,-2.9629999999999264,2.9629999999999264,18.897888895975036,5.0,True,0.0,1.6602431419787638,18.455639311936658,0.0,0.0,1.0,1.0,1.0,0.0,0.5,0.0,0.5,0.3333333333333333,1.0,0.5,1.0,abstain,0.8433794959363987,1.0
G06_R0641,641,G06,500,6,0.0001,0.8,0.2,0.3,4.0,17.335,ExtraTrees,combined_G06_Re500,combined_shift,Nuavg,13.65366440000002,-3.681335599999981,3.681335599999981,21.236432650706554,5.0,True,2.244243330669081e-05,1.6602431419787638,16.916510594897098,0.0,0.3643618086525769,1.0,1.0,1.0,0.0,0.6821809043262884,0.18218090432628845,0.5,0.45478726955085896,1.0,0.5910904521631443,1.0,abstain,0.8433794959363987,1.0
G06_R0642,642,G06,500,6,0.0001,0.8,0.3,0.3,4.0,19.84,ExtraTrees,combined_G06_Re500,combined_shift,Nuavg,15.039333333333222,-4.800666666666778,4.800666666666778,24.1969086021511,5.0,True,1.181140679595902e-16,1.6602431419787638,18.370439305969004,0.0,1.917628754464837e-12,1.0,1.0,1.0,0.0,0.5000000000009588,9.588143772324184e-13,0.5,0.3333333333339725,1.0,0.5000000000004794,1.0,abstain,0.8433794959363987,1.0
G06_R0643,643,G06,500,6,0.0001,0.75,0.1,0.3,4.0,15.689,ExtraTrees,combined_G06_Re500,combined_shift,Nuavg,12.716000000000074,-2.972999999999926,2.972999999999926,18.94958251003841,5.0,True,0.0,1.6602431419787638,18.472357723312438,0.0,0.0,1.0,1.0,1.0,0.0,0.5,0.0,0.5,0.3333333333333333,1.0,0.5,1.0,abstain,0.8433794959363987,1.0
G06_R0644,644,G06,500,6,0.0001,0.75,0.2,0.3,4.0,17.35,ExtraTrees,combined_G06_Re500,combined_shift,Nuavg,13.650541599999997,-3.6994584000000046,3.6994584000000046,21.322526801152762,5.0,True,3.204443500335701e-05,1.7399745965186,16.91991740492665,0.0,0.5202541157420832,1.0,1.0,1.0,0.0,0.7601270578710416,0.2601270578710416,0.5,0.5067513719140277,1.0,0.6300635289355208,1.0,abstain,0.8433794959363987,1.0
G06_R0645,645,G06,500,6,0.0001,0.75,0.3,0.3,4.0,19.86,ExtraTrees,combined_G06_Re500,combined_shift,Nuavg,15.039333333333222,-4.820666666666778,4.820666666666778,24.27324605572396,5.0,True,1.181140679595902e-16,1.6835258463150833,18.360534514652347,0.0,1.917628754464837e-12,1.0,1.0,1.0,0.0,0.5000000000009588,9.588143772324184e-13,0.5,0.3333333333339725,1.0,0.5000000000004794,1.0,abstain,0.8433794959363987,1.0
G06_R0646,646,G06,500,6,0.0001,0.7,0.1,0.3,4.0,15.699,ExtraTrees,combined_G06_Re500,combined_shift,Nuavg,12.716000000000074,-2.982999999999926,2.982999999999926,19.001210268169473,5.0,True,0.0,1.709131708527331,20.117595182024193,0.0,0.0,1.0,1.0,1.0,0.0,0.5,0.0,0.5,0.3333333333333333,1.0,0.5,1.0,abstain,0.8433794959363987,1.0
G06_R0647,647,G06,500,6,0.0001,0.7,0.2,0.3,4.0,17.365,ExtraTrees,combined_G06_Re500,combined_shift,Nuavg,13.677709666666555,-3.6872903333334435,3.6872903333334435,21.23403589595994,5.0,True,1.089677116388836e-05,1.6602431419787638,18.551843262292184,0.0,0.1769134030828963,1.0,1.0,1.0,0.0,0.5884567015414481,0.08845670154144815,0.5,0.3923044676942988,1.0,0.5442283507707241,1.0,abstain,0.8433794959363987,1.0
G06_R0648,648,G06,500,6,0.0001,0.7,0.3,0.3,4.0,19.881,ExtraTrees,combined_G06_Re500,combined_shift,Nuavg,15.039333333333222,-4.841666666666779,4.841666666666779,24.353235082072224,5.0,True,1.181140679595902e-16,1.6602431419787638,19.97914877067166,0.0,1.917628754464837e-12,1.0,1.0,1.0,0.0,0.5000000000009588,9.588143772324184e-13,0.5,0.3333333333339725,1.0,0.5000000000004794,1.0,abstain,0.8433794959363987,1.0
G06_R0649,649,G06,500,6,1e-05,0.85,0.1,0.3,4.0,15.76,ExtraTrees,combined_G06_Re500,combined_shift,Nuavg,12.759335200000056,-3.000664799999944,3.000664799999944,19.039751269035175,5.0,True,9.793926788521795e-07,1.6607264390505008,20.212298917686947,0.0,0.015900828710106184,1.0,1.0,1.0,0.0,0.5079504143550531,0.007950414355053092,0.5,0.33863360957003535,1.0,0.5039752071775265,1.0,abstain,0.8433794959363987,1.0
G06_R0650,650,G06,500,6,1e-05,0.85,0.2,0.3,4.0,17.333,ExtraTrees,combined_G06_Re500,combined_shift,Nuavg,13.628024200000118,-3.7049757999998807,3.7049757999998807,21.37527144752715,5.0,True,1.3616324364906828e-05,1.709615005599068,18.692378761096904,0.0,0.22106642826999015,1.0,1.0,1.0,0.0,0.6105332141349951,0.11053321413499508,0.5,0.4070221427566634,1.0,0.5552666070674975,1.0,abstain,0.8433794959363987,1.0
G06_R0651,651,G06,500,6,1e-05,0.85,0.3,0.3,4.0,19.86,ExtraTrees,combined_G06_Re500,combined_shift,Nuavg,14.929666666666828,-4.930333333333172,4.930333333333172,24.825444780126745,5.0,True,0.0,1.6824467767746618,20.165516032618353,0.0,0.0,1.0,1.0,1.0,0.0,0.5,0.0,0.5,0.3333333333333333,1.0,0.5,1.0,abstain,0.8433794959363987,1.0
G06_R0652,652,G06,500,6,1e-05,0.8,0.1,0.3,4.0,15.763,ExtraTrees,combined_G06_Re500,combined_shift,Nuavg,12.759335200000056,-3.003664799999944,3.003664799999944,19.055159550846565,5.0,True,9.793926788521795e-07,1.6835258463150833,18.60725419659872,0.0,0.015900828710106184,1.0,1.0,1.0,0.0,0.5079504143550531,0.007950414355053092,0.5,0.33863360957003535,1.0,0.5039752071775265,1.0,abstain,0.8433794959363987,1.0
G06_R0653,653,G06,500,6,1e-05,0.8,0.2,0.3,4.0,17.34,ExtraTrees,combined_G06_Re500,combined_shift,Nuavg,13.64950580000002,-3.6904941999999803,3.6904941999999803,21.28312687427901,5.0,True,2.9807757265162845e-06,1.6602431419787638,17.07402243866246,0.0,0.048394076527226514,1.0,1.0,1.0,0.0,0.5241970382636133,0.024197038263613257,0.5,0.3494646921757422,1.0,0.5120985191318066,1.0,abstain,0.8433794959363987,1.0
G06_R0654,654,G06,500,6,1e-05,0.8,0.3,0.3,4.0,19.869,ExtraTrees,combined_G06_Re500,combined_shift,Nuavg,14.929666666666828,-4.939333333333172,4.939333333333172,24.859496367875444,5.0,True,0.0,1.709615005599068,18.533848108837685,0.0,0.0,1.0,1.0,1.0,0.0,0.5,0.0,0.5,0.3333333333333333,1.0,0.5,1.0,abstain,0.8433794959363987,1.0
G06_R0655,655,G06,500,6,1e-05,0.75,0.1,0.3,4.0,15.766,ExtraTrees,combined_G06_Re500,combined_shift,Nuavg,12.760664800000077,-3.005335199999923,3.005335199999923,19.062128631231275,5.0,True,9.79290630395714e-07,1.666358890615827,18.630728522846457,0.0,0.015899171912928275,1.0,1.0,1.0,0.0,0.5079495859564641,0.007949585956464137,0.5,0.3386330573043094,1.0,0.5039747929782321,1.0,abstain,0.8433794959363987,1.0
G06_R0656,656,G06,500,6,1e-05,0.75,0.2,0.3,4.0,17.348,ExtraTrees,combined_G06_Re500,combined_shift,Nuavg,13.646189399999992,-3.701810600000007,3.701810600000007,21.338543924371727,5.0,True,7.90608139987454e-06,1.6602431419787638,17.084185163563983,0.0,0.12835836822355456,1.0,1.0,1.0,0.0,0.5641791841117773,0.06417918411177728,0.5,0.3761194560745182,1.0,0.5320895920558887,1.0,abstain,0.8433794959363987,1.0
G06_R0657,657,G06,500,6,1e-05,0.75,0.3,0.3,4.0,19.878,ExtraTrees,combined_G06_Re500,combined_shift,Nuavg,14.929666666666828,-4.9483333333331725,4.9483333333331725,24.893517121104598,5.0,True,0.0,1.690602732898295,18.530699232392983,0.0,0.0,1.0,1.0,1.0,0.0,0.5,0.0,0.5,0.3333333333333333,1.0,0.5,1.0,abstain,0.8433794959363987,1.0
G06_R0658,658,G06,500,6,1e-05,0.7,0.1,0.3,4.0,15.77,ExtraTrees,combined_G06_Re500,combined_shift,Nuavg,12.760664800000077,-3.0093351999999225,3.0093351999999225,19.082658211794055,5.0,True,9.79290630395714e-07,1.6840091433868207,20.282721896430175,0.0,0.015899171912928275,1.0,1.0,1.0,0.0,0.5079495859564641,0.007949585956464137,0.5,0.3386330573043094,1.0,0.5039747929782321,1.0,abstain,0.8433794959363987,1.0
G06_R0659,659,G06,500,6,1e-05,0.7,0.2,0.3,4.0,17.356,ExtraTrees,combined_G06_Re500,combined_shift,Nuavg,13.673078266666542,-3.68292173333346,3.68292173333346,21.219876315588035,5.0,True,3.828596845822706e-05,1.6840091433868207,18.722866935801473,0.0,0.6215878876777678,1.0,1.0,1.0,0.0,0.8107939438388839,0.3107939438388839,0.5,0.5405292958925892,1.0,0.6553969719194419,1.0,abstain,0.8433794959363987,1.0
G06_R0660,660,G06,500,6,1e-05,0.7,0.3,0.3,4.0,19.887,ExtraTrees,combined_G06_Re500,combined_shift,Nuavg,14.929666666666828,-4.957333333333173,4.957333333333173,24.92750708167734,5.0,True,0.0,1.6602431419787638,20.156069403284256,0.0,0.0,1.0,1.0,1.0,0.0,0.5,0.0,0.5,0.3333333333333333,1.0,0.5,1.0,abstain,0.8433794959363987,1.0
G06_R0661,661,G06,500,6,1e-06,0.85,0.1,0.3,4.0,15.795,ExtraTrees,combined_G06_Re500,combined_shift,Nuavg,12.782000000000094,-3.0129999999999058,3.0129999999999058,19.075656853434033,5.0,True,0.0,1.7560624826774345,21.968103914077233,0.0,0.0,1.0,1.0,1.0,0.0,0.5,0.0,0.5,0.3333333333333333,1.0,0.5,1.0,abstain,0.8433794959363987,1.0
G06_R0662,662,G06,500,6,1e-06,0.85,0.2,0.3,4.0,17.274,ExtraTrees,combined_G06_Re500,combined_shift,Nuavg,13.626241200000118,-3.647758799999883,3.647758799999883,21.11704758596667,5.0,True,1.6801802123003674e-06,1.700097029545655,20.454080716590497,0.0,0.02727839234943913,1.0,1.0,1.0,0.0,0.5136391961747195,0.013639196174719564,0.5,0.3424261307831464,1.0,0.5068195980873598,1.0,abstain,0.8433794959363987,1.0
G06_R0663,663,G06,500,6,1e-06,0.85,0.3,0.3,4.0,19.843,ExtraTrees,combined_G06_Re500,combined_shift,Nuavg,14.896666666666585,-4.946333333333415,4.946333333333415,24.927346335399964,5.0,True,1.1924525661671023e-16,1.6824467767746618,21.933114947215245,0.0,1.9359940511063848e-12,1.0,1.0,1.0,0.0,0.500000000000968,9.679970255531924e-13,0.5,0.3333333333339787,1.0,0.500000000000484,1.0,abstain,0.8433794959363987,1.0
G06_R0664,664,G06,500,6,1e-06,0.8,0.1,0.3,4.0,15.796,ExtraTrees,combined_G06_Re500,combined_shift,Nuavg,12.782000000000094,-3.013999999999905,3.013999999999905,19.080779944289095,5.0,True,0.0,1.6910860299700325,20.369815107860955,0.0,0.0,1.0,1.0,1.0,0.0,0.5,0.0,0.5,0.3333333333333333,1.0,0.5,1.0,abstain,0.8433794959363987,1.0
G06_R0665,665,G06,500,6,1e-06,0.8,0.2,0.3,4.0,17.277,ExtraTrees,combined_G06_Re500,combined_shift,Nuavg,13.645713866666686,-3.6312861333333153,3.6312861333333153,21.018036310316116,5.0,True,1.0220841743343967e-05,1.6602431419787638,18.842480309028005,0.0,0.16593942076888318,1.0,1.0,1.0,0.0,0.5829697103844416,0.08296971038444159,0.5,0.38864647358962773,1.0,0.5414848551922208,1.0,abstain,0.8433794959363987,1.0
G06_R0666,666,G06,500,6,1e-06,0.8,0.3,0.3,4.0,19.847,ExtraTrees,combined_G06_Re500,combined_shift,Nuavg,14.896666666666585,-4.9503333333334165,4.9503333333334165,24.942476612754653,5.0,True,1.1924525661671023e-16,1.779211716701586,20.30820293830654,0.0,1.9359940511063848e-12,1.0,1.0,1.0,0.0,0.500000000000968,9.679970255531924e-13,0.5,0.3333333333339787,1.0,0.500000000000484,1.0,abstain,0.8433794959363987,1.0
G06_R0667,667,G06,500,6,1e-06,0.75,0.1,0.3,4.0,15.796,ExtraTrees,combined_G06_Re500,combined_shift,Nuavg,12.782000000000094,-3.013999999999905,3.013999999999905,19.080779944289095,5.0,True,0.0,1.6602431419787638,20.400045348980665,0.0,0.0,1.0,1.0,1.0,0.0,0.5,0.0,0.5,0.3333333333333333,1.0,0.5,1.0,abstain,0.8433794959363987,1.0
G06_R0668,668,G06,500,6,1e-06,0.75,0.2,0.3,4.0,17.28,ExtraTrees,combined_G06_Re500,combined_shift,Nuavg,13.642405999999998,-3.6375940000000035,3.6375940000000035,21.050891203703724,5.0,True,8.422151432178632e-06,1.7132896647659304,18.85939894880149,0.0,0.13673696994610723,1.0,1.0,1.0,0.0,0.5683684849730536,0.06836848497305362,0.5,0.37891232331536906,1.0,0.5341842424865269,1.0,abstain,0.8433794959363987,1.0
G06_R0669,669,G06,500,6,1e-06,0.75,0.3,0.3,4.0,19.851,ExtraTrees,combined_G06_Re500,combined_shift,Nuavg,14.896666666666585,-4.954333333333414,4.954333333333414,24.957600792571732,5.0,True,1.1924525661671023e-16,1.6602431419787638,20.311809976733798,0.0,1.9359940511063848e-12,1.0,1.0,1.0,0.0,0.500000000000968,9.679970255531924e-13,0.5,0.3333333333339787,1.0,0.500000000000484,1.0,abstain,0.8433794959363987,1.0
G06_R0670,670,G06,500,6,1e-06,0.7,0.1,0.3,4.0,15.797,ExtraTrees,combined_G06_Re500,combined_shift,Nuavg,12.782000000000094,-3.0149999999999064,3.0149999999999064,19.085902386528492,5.0,True,0.0,1.6910860299700325,22.058794637436336,0.0,0.0,1.0,1.0,1.0,0.0,0.5,0.0,0.5,0.3333333333333333,1.0,0.5,1.0,abstain,0.8433794959363987,1.0
G06_R0671,671,G06,500,6,1e-06,0.7,0.2,0.3,4.0,17.284,ExtraTrees,combined_G06_Re500,combined_shift,Nuavg,13.67086559999988,-3.613134400000119,3.613134400000119,20.9045035871333,5.0,True,5.194695942418655e-05,1.7489855960942227,20.504836635910948,0.0,0.843379495937089,1.0,1.0,1.0,0.0,0.9216897479685445,0.4216897479685445,0.5,0.6144598319790296,1.0,0.7108448739842723,1.0,abstain,0.8433794959363987,1.0
G06_R0672,672,G06,500,6,1e-06,0.7,0.3,0.3,4.0,19.855,ExtraTrees,combined_G06_Re500,combined_shift,Nuavg,14.896666666666585,-4.958333333333416,4.958333333333416,24.972718878536465,5.0,True,1.1924525661671023e-16,1.6602431419787638,21.943936062497034,0.0,1.9359940511063848e-12,1.0,1.0,1.0,0.0,0.500000000000968,9.679970255531924e-13,0.5,0.3333333333339787,1.0,0.500000000000484,1.0,abstain,0.8433794959363987,1.0
G06_R0673,673,G06,500,20,0.001,0.85,0.1,0.3,4.0,26.309,ExtraTrees,combined_G06_Re500,combined_shift,Nuavg,18.22534560000004,-8.083654399999961,8.083654399999961,30.725813980006695,5.0,True,1.3792785399194926e-05,1.726070468233241,21.445947554526487,0.0,0.2239313431716531,1.0,1.0,1.0,0.0,0.6119656715858266,0.11196567158582656,0.5,0.40797711439055107,1.0,0.5559828357929133,1.0,abstain,0.8433794959363987,1.0
G06_R0674,674,G06,500,20,0.001,0.85,0.2,0.3,4.0,29.279,ExtraTrees,combined_G06_Re500,combined_shift,Nuavg,20.043013333333473,-9.235986666666527,9.235986666666527,31.544747657592563,5.0,True,2.2353066848517408e-05,1.6847554845271255,19.905172210089592,0.0,0.36291090874845516,1.0,1.0,1.0,0.0,0.6814554543742276,0.18145545437422758,0.5,0.45430363624948505,1.0,0.5907277271871137,1.0,abstain,0.8433794959363987,1.0
G06_R0675,675,G06,500,20,0.001,0.85,0.3,0.3,4.0,32.477,ExtraTrees,combined_G06_Re500,combined_shift,Nuavg,22.485000000000056,-9.99199999999994,9.99199999999994,30.766388521107064,5.0,True,0.0,1.760204032949374,21.35745429376418,0.0,0.0,1.0,1.0,1.0,0.0,0.5,0.0,0.5,0.3333333333333333,1.0,0.5,1.0,abstain,0.8433794959363987,1.0
G06_R0676,676,G06,500,20,0.001,0.8,0.1,0.3,4.0,26.372,ExtraTrees,combined_G06_Re500,combined_shift,Nuavg,18.22534560000004,-8.14665439999996,8.14665439999996,30.89130289701183,5.0,True,1.3792785399194926e-05,1.6847554845271255,19.836315369991247,0.0,0.2239313431716531,1.0,1.0,1.0,0.0,0.6119656715858266,0.11196567158582656,0.5,0.40797711439055107,1.0,0.5559828357929133,1.0,abstain,0.8433794959363987,1.0
G06_R0677,677,G06,500,20,0.001,0.8,0.2,0.3,4.0,29.318,ExtraTrees,combined_G06_Re500,combined_shift,Nuavg,20.044707733333503,-9.273292266666498,9.273292266666498,31.630030243081034,5.0,True,1.1272737953283218e-05,1.6847554845271255,18.282228424208142,0.0,0.18301737307158605,1.0,1.0,1.0,0.0,0.591508686535793,0.09150868653579303,0.5,0.39433912435719537,1.0,0.5457543432678965,1.0,abstain,0.8433794959363987,1.0
G06_R0678,678,G06,500,20,0.001,0.8,0.3,0.3,4.0,32.597,ExtraTrees,combined_G06_Re500,combined_shift,Nuavg,22.485000000000056,-10.111999999999945,10.111999999999945,31.021259625118706,5.0,True,0.0,1.744599443862277,19.721198906536504,0.0,0.0,1.0,1.0,1.0,0.0,0.5,0.0,0.5,0.3333333333333333,1.0,0.5,1.0,abstain,0.8433794959363987,1.0
G06_R0679,679,G06,500,20,0.001,0.75,0.1,0.3,4.0,26.431,ExtraTrees,combined_G06_Re500,combined_shift,Nuavg,18.239654400000006,-8.191345599999995,8.191345599999995,30.991432787257366,5.0,True,1.3781965116716428e-05,1.6847554845271258,19.855202232791978,0.0,0.22375567159272403,1.0,1.0,1.0,0.0,0.611877835796362,0.11187783579636201,0.5,0.4079185571975747,1.0,0.5559389178981811,1.0,abstain,0.8433794959363987,1.0
G06_R0680,680,G06,500,20,0.001,0.75,0.2,0.3,4.0,29.353,ExtraTrees,combined_G06_Re500,combined_shift,Nuavg,20.046078800000156,-9.306921199999845,9.306921199999845,31.7068824310968,5.0,True,7.972526595583588e-06,1.7555846418030232,18.28780368566265,0.0,0.12943713233767606,1.0,1.0,1.0,0.0,0.5647185661688381,0.06471856616883803,0.5,0.3764790441125587,1.0,0.532359283084419,1.0,abstain,0.8433794959363987,1.0
G06_R0681,681,G06,500,20,0.001,0.75,0.3,0.3,4.0,32.729,ExtraTrees,combined_G06_Re500,combined_shift,Nuavg,22.485000000000056,-10.243999999999943,10.243999999999943,31.299459195208964,5.0,True,0.0,1.6847554845271258,19.7134625666448,0.0,0.0,1.0,1.0,1.0,0.0,0.5,0.0,0.5,0.3333333333333333,1.0,0.5,1.0,abstain,0.8433794959363987,1.0
G06_R0682,682,G06,500,20,0.001,0.7,0.1,0.3,4.0,26.486,ExtraTrees,combined_G06_Re500,combined_shift,Nuavg,18.239654400000006,-8.246345599999994,8.246345599999994,31.1347338216416,5.0,True,1.3781965116716428e-05,1.7640779502041848,21.502608142928693,0.0,0.22375567159272403,1.0,1.0,1.0,0.0,0.611877835796362,0.11187783579636201,0.5,0.4079185571975747,1.0,0.5559389178981811,1.0,abstain,0.8433794959363987,1.0
G06_R0683,683,G06,500,20,0.001,0.7,0.2,0.3,4.0,29.387,ExtraTrees,combined_G06_Re500,combined_shift,Nuavg,20.048108800000154,-9.338891199999846,9.338891199999846,31.778987987885277,5.0,True,1.2608265903959442e-05,1.7416750573203383,19.92189799445314,0.0,0.20470019921456864,1.0,1.0,1.0,0.0,0.6023500996072844,0.10235009960728432,0.5,0.4015667330715229,1.0,0.5511750498036422,1.0,abstain,0.8433794959363987,1.0
G06_R0684,684,G06,500,20,0.001,0.7,0.3,0.3,4.0,32.865,ExtraTrees,combined_G06_Re500,combined_shift,Nuavg,22.485000000000056,-10.379999999999946,10.379999999999946,31.58375171154707,5.0,True,0.0,1.6957108773137093,21.33424527408907,0.0,0.0,1.0,1.0,1.0,0.0,0.5,0.0,0.5,0.3333333333333333,1.0,0.5,1.0,abstain,0.8433794959363987,1.0
G06_R0685,685,G06,500,20,0.0001,0.85,0.1,0.3,4.0,26.876,ExtraTrees,combined_G06_Re500,combined_shift,Nuavg,18.50833333333325,-8.36766666666675,8.36766666666675,31.134345388699025,5.0,True,0.0,1.715115075446657,19.966755527801826,0.0,0.0,1.0,1.0,1.0,0.0,0.5,0.0,0.5,0.3333333333333333,1.0,0.5,1.0,abstain,0.8433794959363987,1.0
G06_R0686,686,G06,500,20,0.0001,0.85,0.2,0.3,4.0,29.893,ExtraTrees,combined_G06_Re500,combined_shift,Nuavg,20.02230769999996,-9.87069230000004,9.87069230000004,33.02007928277536,5.0,True,1.312762343226113e-05,1.7314398757299987,18.431877142468235,0.0,0.2131321747389392,1.0,1.0,1.0,0.0,0.6065660873694696,0.1065660873694696,0.5,0.4043773915796464,1.0,0.5532830436847348,1.0,abstain,0.8433794959363987,1.0
G06_R0687,687,G06,500,20,0.0001,0.85,0.3,0.3,4.0,35.044,ExtraTrees,combined_G06_Re500,combined_shift,Nuavg,21.895000000000266,-13.148999999999731,13.148999999999731,37.52140166647566,5.0,True,0.0,1.6847554845271255,19.890056185246134,0.0,0.0,1.0,1.0,1.0,0.0,0.5,0.0,0.5,0.3333333333333333,1.0,0.5,1.0,abstain,0.8433794959363987,1.0
G06_R0688,688,G06,500,20,0.0001,0.8,0.1,0.3,4.0,26.893,ExtraTrees,combined_G06_Re500,combined_shift,Nuavg,18.50833333333325,-8.38466666666675,8.38466666666675,31.177877762491168,5.0,True,0.0,1.6842721874553885,18.363879258138546,0.0,0.0,1.0,1.0,1.0,0.0,0.5,0.0,0.5,0.3333333333333333,1.0,0.5,1.0,abstain,0.8433794959363987,1.0
G06_R0689,689,G06,500,20,0.0001,0.8,0.2,0.3,4.0,29.922,ExtraTrees,combined_G06_Re500,combined_shift,Nuavg,20.024002099999986,-9.897997900000014,9.897997900000014,33.079332598088406,5.0,True,1.5991565763629925e-05,1.6842721874553885,16.815689271458744,0.0,0.2596294147429056,1.0,1.0,1.0,0.0,0.6298147073714528,0.1298147073714528,0.5,0.4198764715809686,1.0,0.5649073536857264,1.0,abstain,0.8433794959363987,1.0
G06_R0690,690,G06,500,20,0.0001,0.8,0.3,0.3,4.0,35.093,ExtraTrees,combined_G06_Re500,combined_shift,Nuavg,21.895000000000266,-13.197999999999737,13.197999999999737,37.608639899694346,5.0,True,0.0,1.6847554845271255,18.260556712890416,0.0,0.0,1.0,1.0,1.0,0.0,0.5,0.0,0.5,0.3333333333333333,1.0,0.5,1.0,abstain,0.8433794959363987,1.0
G06_R0691,691,G06,500,20,0.0001,0.75,0.1,0.3,4.0,26.913,ExtraTrees,combined_G06_Re500,combined_shift,Nuavg,18.50833333333325,-8.404666666666749,8.404666666666749,31.229021910105708,5.0,True,0.0,1.6842721874553885,18.389522035811233,0.0,0.0,1.0,1.0,1.0,0.0,0.5,0.0,0.5,0.3333333333333333,1.0,0.5,1.0,abstain,0.8433794959363987,1.0
G06_R0692,692,G06,500,20,0.0001,0.75,0.2,0.3,4.0,29.957,ExtraTrees,combined_G06_Re500,combined_shift,Nuavg,20.033900366666593,-9.923099633333408,9.923099633333408,33.12447719509099,5.0,True,1.3845521176456005e-05,1.6852387815988632,16.82802044778521,0.0,0.22478752943813152,1.0,1.0,1.0,0.0,0.6123937647190658,0.11239376471906576,0.5,0.40826250981271056,1.0,0.5561968823595329,1.0,abstain,0.8433794959363987,1.0
G06_R0693,693,G06,500,20,0.0001,0.75,0.3,0.3,4.0,35.128,ExtraTrees,combined_G06_Re500,combined_shift,Nuavg,21.895000000000266,-13.232999999999734,13.232999999999734,37.670803917102404,5.0,True,0.0,1.7151150754466573,18.259576287870676,0.0,0.0,1.0,1.0,1.0,0.0,0.5,0.0,0.5,0.3333333333333333,1.0,0.5,1.0,abstain,0.8433794959363987,1.0
G06_R0694,694,G06,500,20,0.0001,0.7,0.1,0.3,4.0,26.936,ExtraTrees,combined_G06_Re500,combined_shift,Nuavg,18.50833333333325,-8.427666666666749,8.427666666666749,31.28774378774409,5.0,True,0.0,1.7336440510756934,20.043683860819907,0.0,0.0,1.0,1.0,1.0,0.0,0.5,0.0,0.5,0.3333333333333333,1.0,0.5,1.0,abstain,0.8433794959363987,1.0
G06_R0695,695,G06,500,20,0.0001,0.7,0.2,0.3,4.0,29.988,ExtraTrees,combined_G06_Re500,combined_shift,Nuavg,20.035959966666585,-9.952040033333414,9.952040033333414,33.1867414743678,5.0,True,2.1782674891594456e-05,1.6842721874553885,18.468870671447657,0.0,0.3536503690277748,1.0,1.0,1.0,0.0,0.6768251845138874,0.1768251845138874,0.5,0.45121678967592493,1.0,0.5884125922569436,1.0,abstain,0.8433794959363987,1.0
G06_R0696,696,G06,500,20,0.0001,0.7,0.3,0.3,4.0,35.153,ExtraTrees,combined_G06_Re500,combined_shift,Nuavg,21.895000000000266,-13.257999999999733,13.257999999999733,37.71513099877602,5.0,True,0.0,1.7499688513590346,19.8871149101869,0.0,0.0,1.0,1.0,1.0,0.0,0.5,0.0,0.5,0.3333333333333333,1.0,0.5,1.0,abstain,0.8433794959363987,1.0
G06_R0697,697,G06,500,20,1e-05,0.85,0.1,0.3,4.0,27.409,ExtraTrees,combined_G06_Re500,combined_shift,Nuavg,18.57063300000005,-8.838366999999948,8.838366999999948,32.24622204385402,5.0,True,3.4336575527963203e-06,1.6842721874553885,20.098509527677336,0.0,0.05574679265538719,1.0,1.0,1.0,0.0,0.5278733963276936,0.027873396327693596,0.5,0.35191559755179574,1.0,0.5139366981638468,1.0,abstain,0.8433794959363987,1.0
G06_R0698,698,G06,500,20,1e-05,0.85,0.2,0.3,4.0,29.756,ExtraTrees,combined_G06_Re500,combined_shift,Nuavg,19.82899999999987,-9.927000000000131,9.927000000000131,33.361338889636144,5.0,True,0.0,1.6842721874553885,18.569528101447062,0.0,0.0,1.0,1.0,1.0,0.0,0.5,0.0,0.5,0.3333333333333333,1.0,0.5,1.0,abstain,0.8433794959363987,1.0
G06_R0699,699,G06,500,20,1e-05,0.85,0.3,0.3,4.0,35.597,ExtraTrees,combined_G06_Re500,combined_shift,Nuavg,21.722484600000023,-13.874515399999979,13.874515399999979,38.976642413686484,5.0,True,1.2458991035736717e-05,1.6901248920238836,20.03360410332826,0.0,0.20227666250494672,1.0,1.0,1.0,0.0,0.6011383312524734,0.10113833125247336,0.5,0.40075888750164895,1.0,0.5505691656262367,1.0,abstain,0.8433794959363987,1.0
G06_R0700,700,G06,500,20,1e-05,0.8,0.1,0.3,4.0,27.416,ExtraTrees,combined_G06_Re500,combined_shift,Nuavg,18.57063300000005,-8.84536699999995,8.84536699999995,32.26352130142964,5.0,True,3.4336575527963203e-06,1.6842721874553885,18.50238917288602,0.0,0.05574679265538719,1.0,1.0,1.0,0.0,0.5278733963276936,0.027873396327693596,0.5,0.35191559755179574,1.0,0.5139366981638468,1.0,abstain,0.8433794959363987,1.0
G06_R0701,701,G06,500,20,1e-05,0.8,0.2,0.3,4.0,29.77,ExtraTrees,combined_G06_Re500,combined_shift,Nuavg,19.82899999999987,-9.94100000000013,9.94100000000013,33.39267719180427,5.0,True,0.0,1.6847554845271255,16.96009614530952,0.0,0.0,1.0,1.0,1.0,0.0,0.5,0.0,0.5,0.3333333333333333,1.0,0.5,1.0,abstain,0.8433794959363987,1.0
G06_R0702,702,G06,500,20,1e-05,0.8,0.3,0.3,4.0,35.614,ExtraTrees,combined_G06_Re500,combined_shift,Nuavg,21.722484600000023,-13.891515399999975,13.891515399999975,39.00577132588302,5.0,True,1.2458991035736717e-05,1.7209677800151522,18.410860545844503,0.0,0.20227666250494672,1.0,1.0,1.0,0.0,0.6011383312524734,0.10113833125247336,0.5,0.40075888750164895,1.0,0.5505691656262367,1.0,abstain,0.8433794959363987,1.0
G06_R0703,703,G06,500,20,1e-05,0.75,0.1,0.3,4.0,27.423,ExtraTrees,combined_G06_Re500,combined_shift,Nuavg,18.57236699999998,-8.85063300000002,8.85063300000002,32.274488567990446,5.0,True,3.433336971056346e-06,1.6842721874553885,18.53478786543068,0.0,0.05574158788364958,1.0,1.0,1.0,0.0,0.5278707939418248,0.02787079394182479,0.5,0.3519138626278832,1.0,0.5139353969709124,1.0,abstain,0.8433794959363987,1.0
G06_R0704,704,G06,500,20,1e-05,0.75,0.2,0.3,4.0,29.786,ExtraTrees,combined_G06_Re500,combined_shift,Nuavg,19.82899999999987,-9.957000000000132,9.957000000000132,33.42845632176235,5.0,True,0.0,1.7336440510756934,16.979183236507957,0.0,0.0,1.0,1.0,1.0,0.0,0.5,0.0,0.5,0.3333333333333333,1.0,0.5,1.0,abstain,0.8433794959363987,1.0
G06_R0705,705,G06,500,20,1e-05,0.75,0.3,0.3,4.0,35.631,ExtraTrees,combined_G06_Re500,combined_shift,Nuavg,21.728015400000064,-13.902984599999936,13.902984599999936,39.019350004209635,5.0,True,1.245581963805428e-05,1.7209677800151524,18.41663603569672,0.0,0.20222517360533684,1.0,1.0,1.0,0.0,0.6011125868026684,0.10111258680266842,0.5,0.4007417245351123,1.0,0.5505562934013342,1.0,abstain,0.8433794959363987,1.0
G06_R0706,706,G06,500,20,1e-05,0.7,0.1,0.3,4.0,27.431,ExtraTrees,combined_G06_Re500,combined_shift,Nuavg,18.57236699999998,-8.858633000000022,8.858633000000022,32.29424009332515,5.0,True,3.433336971056346e-06,1.6957108773137093,20.195705605311307,0.0,0.05574158788364958,1.0,1.0,1.0,0.0,0.5278707939418248,0.02787079394182479,0.5,0.3519138626278832,1.0,0.5139353969709124,1.0,abstain,0.8433794959363987,1.0
G06_R0707,707,G06,500,20,1e-05,0.7,0.2,0.3,4.0,29.804,ExtraTrees,combined_G06_Re500,combined_shift,Nuavg,19.82899999999987,-9.97500000000013,9.97500000000013,33.46866192457432,5.0,True,0.0,1.6842721874553885,18.626789375042375,0.0,0.0,1.0,1.0,1.0,0.0,0.5,0.0,0.5,0.3333333333333333,1.0,0.5,1.0,abstain,0.8433794959363987,1.0
G06_R0708,708,G06,500,20,1e-05,0.7,0.3,0.3,4.0,35.648,ExtraTrees,combined_G06_Re500,combined_shift,Nuavg,21.728015400000064,-13.919984599999939,13.919984599999939,39.048430767504314,5.0,True,1.245581963805428e-05,1.6847554845271258,20.05093057288491,0.0,0.20222517360533684,1.0,1.0,1.0,0.0,0.6011125868026684,0.10111258680266842,0.5,0.4007417245351123,1.0,0.5505562934013342,1.0,abstain,0.8433794959363987,1.0
G06_R0709,709,G06,500,20,1e-06,0.85,0.1,0.3,4.0,27.487,ExtraTrees,combined_G06_Re500,combined_shift,Nuavg,18.60333333333332,-8.883666666666677,8.883666666666677,32.31952074313922,5.0,True,0.0,1.7010802848104674,21.841209554153032,0.0,0.0,1.0,1.0,1.0,0.0,0.5,0.0,0.5,0.3333333333333333,1.0,0.5,1.0,abstain,0.8433794959363987,1.0
G06_R0710,710,G06,500,20,1e-06,0.85,0.2,0.3,4.0,29.677,ExtraTrees,combined_G06_Re500,combined_shift,Nuavg,19.808666666666603,-9.868333333333396,9.868333333333396,33.25246262537789,5.0,True,0.0,1.7416750573203383,20.318125087026065,0.0,0.0,1.0,1.0,1.0,0.0,0.5,0.0,0.5,0.3333333333333333,1.0,0.5,1.0,abstain,0.8433794959363987,1.0
G06_R0711,711,G06,500,20,1e-06,0.85,0.3,0.3,4.0,36.138,ExtraTrees,combined_G06_Re500,combined_shift,Nuavg,21.67597879999995,-14.462021200000049,14.462021200000049,40.018875421993606,5.0,True,1.6083247739621766e-06,1.6847554845271255,21.788098048010568,0.0,0.026111790799747927,1.0,1.0,1.0,0.0,0.513055895399874,0.013055895399873963,0.5,0.342037263599916,1.0,0.506527947699937,1.0,abstain,0.8433794959363987,1.0
G06_R0712,712,G06,500,20,1e-06,0.8,0.1,0.3,4.0,27.488,ExtraTrees,combined_G06_Re500,combined_shift,Nuavg,18.60333333333332,-8.884666666666678,8.884666666666678,32.32198292588285,5.0,True,0.0,1.7155983725183943,20.251845114233678,0.0,0.0,1.0,1.0,1.0,0.0,0.5,0.0,0.5,0.3333333333333333,1.0,0.5,1.0,abstain,0.8433794959363987,1.0
G06_R0713,713,G06,500,20,1e-06,0.8,0.2,0.3,4.0,29.682,ExtraTrees,combined_G06_Re500,combined_shift,Nuavg,19.808666666666603,-9.873333333333395,9.873333333333395,33.26370639894008,5.0,True,0.0,1.7341273481474304,18.715449045760487,0.0,0.0,1.0,1.0,1.0,0.0,0.5,0.0,0.5,0.3333333333333333,1.0,0.5,1.0,abstain,0.8433794959363987,1.0
G06_R0714,714,G06,500,20,1e-06,0.8,0.3,0.3,4.0,36.145,ExtraTrees,combined_G06_Re500,combined_shift,Nuavg,21.67597879999995,-14.469021200000054,14.469021200000054,40.03049163093112,5.0,True,1.6083247739621766e-06,1.6906081890956208,20.17211040539877,0.0,0.026111790799747927,1.0,1.0,1.0,0.0,0.513055895399874,0.013055895399873963,0.5,0.342037263599916,1.0,0.506527947699937,1.0,abstain,0.8433794959363987,1.0
G06_R0715,715,G06,500,20,1e-06,0.75,0.1,0.3,4.0,27.489,ExtraTrees,combined_G06_Re500,combined_shift,Nuavg,18.60333333333332,-8.88566666666668,8.88566666666668,32.324444929486994,5.0,True,0.0,1.726070468233241,20.29099972165029,0.0,0.0,1.0,1.0,1.0,0.0,0.5,0.0,0.5,0.3333333333333333,1.0,0.5,1.0,abstain,0.8433794959363987,1.0
G06_R0716,716,G06,500,20,1e-06,0.75,0.2,0.3,4.0,29.688,ExtraTrees,combined_G06_Re500,combined_shift,Nuavg,19.808666666666603,-9.879333333333395,9.879333333333395,33.277193927962124,5.0,True,0.0,1.7421583543920753,18.74129205183088,0.0,0.0,1.0,1.0,1.0,0.0,0.5,0.0,0.5,0.3333333333333333,1.0,0.5,1.0,abstain,0.8433794959363987,1.0
G06_R0717,717,G06,500,20,1e-06,0.75,0.3,0.3,4.0,36.153,ExtraTrees,combined_G06_Re500,combined_shift,Nuavg,21.678021199999932,-14.474978800000066,14.474978800000066,40.03811246646217,5.0,True,1.6081732458826799e-06,1.6847554845271258,20.184641810122947,0.0,0.026109330681259323,1.0,1.0,1.0,0.0,0.5130546653406297,0.013054665340629662,0.5,0.3420364435604198,1.0,0.5065273326703148,1.0,abstain,0.8433794959363987,1.0
G06_R0718,718,G06,500,20,1e-06,0.7,0.1,0.3,4.0,27.49,ExtraTrees,combined_G06_Re500,combined_shift,Nuavg,18.60333333333332,-8.886666666666677,8.886666666666677,32.32690675397118,5.0,True,0.0,1.791046920940643,21.95867337640289,0.0,0.0,1.0,1.0,1.0,0.0,0.5,0.0,0.5,0.3333333333333333,1.0,0.5,1.0,abstain,0.8433794959363987,1.0
G06_R0719,719,G06,500,20,1e-06,0.7,0.2,0.3,4.0,29.694,ExtraTrees,combined_G06_Re500,combined_shift,Nuavg,19.808666666666603,-9.885333333333396,9.885333333333396,33.29067600637636,5.0,True,0.0,1.6847554845271258,20.39565410523725,0.0,0.0,1.0,1.0,1.0,0.0,0.5,0.0,0.5,0.3333333333333333,1.0,0.5,1.0,abstain,0.8433794959363987,1.0
G06_R0720,720,G06,500,20,1e-06,0.7,0.3,0.3,4.0,36.162,ExtraTrees,combined_G06_Re500,combined_shift,Nuavg,21.678021199999932,-14.483978800000067,14.483978800000067,40.05303578341924,5.0,True,1.6081732458826799e-06,1.6847554845271258,21.825692262183104,0.0,0.026109330681259323,1.0,1.0,1.0,0.0,0.5130546653406297,0.013054665340629662,0.5,0.3420364435604198,1.0,0.5065273326703148,1.0,abstain,0.8433794959363987,1.0
G06_R0721,721,G06,500,50,0.001,0.85,0.1,0.3,4.0,41.612,ExtraTrees,combined_G06_Re500,combined_shift,Nuavg,24.664333333333502,-16.9476666666665,16.9476666666665,40.72783491941387,5.0,True,0.0,1.6847554845271255,23.024193354592633,0.0,0.0,1.0,1.0,1.0,0.0,0.5,0.0,0.5,0.3333333333333333,1.0,0.5,1.0,abstain,0.8433794959363987,1.0
G06_R0722,722,G06,500,50,0.001,0.85,0.2,0.3,4.0,46.059,ExtraTrees,combined_G06_Re500,combined_shift,Nuavg,27.25699999999974,-18.80200000000026,18.80200000000026,40.82155496211438,5.0,True,0.0,1.6957108773137093,21.476521876488498,0.0,0.0,1.0,1.0,1.0,0.0,0.5,0.0,0.5,0.3333333333333333,1.0,0.5,1.0,abstain,0.8433794959363987,1.0
G06_R0723,723,G06,500,50,0.001,0.85,0.3,0.3,4.0,51.104,ExtraTrees,combined_G06_Re500,combined_shift,Nuavg,30.801646333333547,-20.302353666666452,20.302353666666452,39.72752361198038,5.0,True,4.1421448058794394e-05,1.7010802848104674,22.921907826495836,0.0,0.6724936429781688,1.0,1.0,1.0,0.0,0.8362468214890844,0.3362468214890844,0.5,0.5574978809927229,1.0,0.6681234107445422,1.0,abstain,0.8433794959363987,1.0
G06_R0724,724,G06,500,50,0.001,0.8,0.1,0.3,4.0,41.708,ExtraTrees,combined_G06_Re500,combined_shift,Nuavg,24.664333333333502,-17.043666666666496,17.043666666666496,40.86426265144935,5.0,True,0.0,1.6847554845271255,21.42135311261319,0.0,0.0,1.0,1.0,1.0,0.0,0.5,0.0,0.5,0.3333333333333333,1.0,0.5,1.0,abstain,0.8433794959363987,1.0
G06_R0725,725,G06,500,50,0.001,0.8,0.2,0.3,4.0,46.164,ExtraTrees,combined_G06_Re500,combined_shift,Nuavg,27.25699999999974,-18.907000000000263,18.907000000000263,40.95615631227853,5.0,True,0.0,1.6847554845271255,19.860370033162827,0.0,0.0,1.0,1.0,1.0,0.0,0.5,0.0,0.5,0.3333333333333333,1.0,0.5,1.0,abstain,0.8433794959363987,1.0
G06_R0726,726,G06,500,50,0.001,0.8,0.3,0.3,4.0,51.378,ExtraTrees,combined_G06_Re500,combined_shift,Nuavg,30.802366533333554,-20.575633466666446,20.575633466666446,40.04755628219558,5.0,True,3.497671215639801e-05,1.6906081890956208,21.29244438182395,0.0,0.5678607986873823,1.0,1.0,1.0,0.0,0.7839303993436911,0.28393039934369113,0.5,0.5226202662291274,1.0,0.6419651996718456,1.0,abstain,0.8433794959363987,1.0
G06_R0727,727,G06,500,50,0.001,0.75,0.1,0.3,4.0,41.819,ExtraTrees,combined_G06_Re500,combined_shift,Nuavg,24.664333333333502,-17.1546666666665,17.1546666666665,41.02122639629474,5.0,True,0.0,1.6847554845271258,21.447031917969706,0.0,0.0,1.0,1.0,1.0,0.0,0.5,0.0,0.5,0.3333333333333333,1.0,0.5,1.0,abstain,0.8433794959363987,1.0
G06_R0728,728,G06,500,50,0.001,0.75,0.2,0.3,4.0,46.326,ExtraTrees,combined_G06_Re500,combined_shift,Nuavg,27.25699999999974,-19.069000000000262,19.069000000000262,41.16263005655628,5.0,True,0.0,1.796899625509138,19.872737237173126,0.0,0.0,1.0,1.0,1.0,0.0,0.5,0.0,0.5,0.3333333333333333,1.0,0.5,1.0,abstain,0.8433794959363987,1.0
G06_R0729,729,G06,500,50,0.001,0.75,0.3,0.3,4.0,51.705,ExtraTrees,combined_G06_Re500,combined_shift,Nuavg,30.834172933333473,-20.870827066666525,20.870827066666525,40.36520078651296,5.0,True,3.3823639808389874e-05,1.6847554845271258,21.29149998448803,0.0,0.5491402116420254,1.0,1.0,1.0,0.0,0.7745701058210127,0.2745701058210127,0.5,0.5163800705473418,1.0,0.6372850529105063,1.0,abstain,0.8433794959363987,1.0
G06_R0730,730,G06,500,50,0.001,0.7,0.1,0.3,4.0,41.947,ExtraTrees,combined_G06_Re500,combined_shift,Nuavg,24.664333333333502,-17.2826666666665,17.2826666666665,41.20119833758433,5.0,True,0.0,1.7497319372345277,23.1012297706622,0.0,0.0,1.0,1.0,1.0,0.0,0.5,0.0,0.5,0.3333333333333333,1.0,0.5,1.0,abstain,0.8433794959363987,1.0
G06_R0731,731,G06,500,50,0.001,0.7,0.2,0.3,4.0,46.456,ExtraTrees,combined_G06_Re500,combined_shift,Nuavg,27.25699999999974,-19.199000000000265,19.199000000000265,41.32727742379943,5.0,True,0.0,1.7003600736142233,21.513623488519407,0.0,0.0,1.0,1.0,1.0,0.0,0.5,0.0,0.5,0.3333333333333333,1.0,0.5,1.0,abstain,0.8433794959363987,1.0
G06_R0732,732,G06,500,50,0.001,0.7,0.3,0.3,4.0,51.986,ExtraTrees,combined_G06_Re500,combined_shift,Nuavg,30.833971200000143,-21.152028799999854,21.152028799999854,40.68793290501261,5.0,True,2.9403416205375682e-05,1.6957108773137093,22.919074634488084,0.0,0.47737612774641236,1.0,1.0,1.0,0.0,0.7386880638732062,0.23868806387320618,0.5,0.49245870924880414,1.0,0.619344031936603,1.0,abstain,0.8433794959363987,1.0
G06_R0733,733,G06,500,50,0.0001,0.85,0.1,0.3,4.0,43.308,ExtraTrees,combined_G06_Re500,combined_shift,Nuavg,24.997634299999852,-18.310365700000148,18.310365700000148,42.279407268865214,5.0,True,6.6611600409508705e-06,1.6842721874553885,21.535027711826917,0.0,0.10814657604536777,1.0,1.0,1.0,0.0,0.5540732880226839,0.05407328802268389,0.5,0.36938219201512257,1.0,0.527036644011342,1.0,abstain,0.8433794959363987,1.0
G06_R0734,734,G06,500,50,0.0001,0.85,0.2,0.3,4.0,47.543,ExtraTrees,combined_G06_Re500,combined_shift,Nuavg,27.11033333333354,-20.43266666666646,20.43266666666646,42.977234643725595,5.0,True,0.0,1.733644051075693,19.993253192826074,0.0,0.0,1.0,1.0,1.0,0.0,0.5,0.0,0.5,0.3333333333333333,1.0,0.5,1.0,abstain,0.8433794959363987,1.0
G06_R0735,735,G06,500,50,0.0001,0.85,0.3,0.3,4.0,55.013,ExtraTrees,combined_G06_Re500,combined_shift,Nuavg,29.76393049999985,-25.249069500000147,25.249069500000147,45.89655081526212,5.0,True,2.2211709654333007e-05,1.6847554845271255,21.444536101936734,0.0,0.36061591861814135,1.0,1.0,1.0,0.0,0.6803079593090706,0.18030795930907068,0.5,0.4535386395393804,1.0,0.5901539796545353,1.0,abstain,0.8433794959363987,1.0
G06_R0736,736,G06,500,50,0.0001,0.8,0.1,0.3,4.0,43.34,ExtraTrees,combined_G06_Re500,combined_shift,Nuavg,24.997634299999852,-18.34236570000015,18.34236570000015,42.32202514997727,5.0,True,6.6611600409508705e-06,1.6842721874553885,19.93894338471942,0.0,0.10814657604536777,1.0,1.0,1.0,0.0,0.5540732880226839,0.05407328802268389,0.5,0.36938219201512257,1.0,0.527036644011342,1.0,abstain,0.8433794959363987,1.0
G06_R0737,737,G06,500,50,0.0001,0.8,0.2,0.3,4.0,47.585,ExtraTrees,combined_G06_Re500,combined_shift,Nuavg,27.11033333333354,-20.47466666666646,20.47466666666646,43.02756470876634,5.0,True,0.0,1.7151150754466573,18.38385726437237,0.0,0.0,1.0,1.0,1.0,0.0,0.5,0.0,0.5,0.3333333333333333,1.0,0.5,1.0,abstain,0.8433794959363987,1.0
G06_R0738,738,G06,500,50,0.0001,0.8,0.3,0.3,4.0,55.096,ExtraTrees,combined_G06_Re500,combined_shift,Nuavg,29.763337499999853,-25.332662500000144,25.332662500000144,45.97913187890254,5.0,True,5.422638547490015e-06,1.6847554845271255,19.821828572136795,0.0,0.08803868822208304,1.0,1.0,1.0,0.0,0.5440193441110415,0.04401934411104152,0.5,0.3626795627406943,1.0,0.5220096720555207,1.0,abstain,0.8433794959363987,1.0
G06_R0739,739,G06,500,50,0.0001,0.75,0.1,0.3,4.0,43.377,ExtraTrees,combined_G06_Re500,combined_shift,Nuavg,25.005865699999887,-18.371134300000115,18.371134300000115,42.35224727390118,5.0,True,6.658967328566981e-06,1.6842721874553885,19.97137810494791,0.0,0.10811097648986812,1.0,1.0,1.0,0.0,0.554055488244934,0.05405548824493406,0.5,0.3693703254966227,1.0,0.527027744122467,1.0,abstain,0.8433794959363987,1.0
G06_R0740,740,G06,500,50,0.0001,0.75,0.2,0.3,4.0,47.635,ExtraTrees,combined_G06_Re500,combined_shift,Nuavg,27.11033333333354,-20.52466666666646,20.52466666666646,43.087365732479185,5.0,True,0.0,1.6847554845271258,18.40298038325463,0.0,0.0,1.0,1.0,1.0,0.0,0.5,0.0,0.5,0.3333333333333333,1.0,0.5,1.0,abstain,0.8433794959363987,1.0
G06_R0741,741,G06,500,50,0.0001,0.75,0.3,0.3,4.0,55.17,ExtraTrees,combined_G06_Re500,combined_shift,Nuavg,29.762947499999843,-25.40705250000016,25.40705250000016,46.05229744426347,5.0,True,5.089818136713681e-06,1.6847554845271258,19.827640089672833,0.0,0.08263521680836583,1.0,1.0,1.0,0.0,0.5413176084041829,0.041317608404182915,0.5,0.36087840560278855,1.0,0.5206588042020914,1.0,abstain,0.8433794959363987,1.0
G06_R0742,742,G06,500,50,0.0001,0.7,0.1,0.3,4.0,43.417,ExtraTrees,combined_G06_Re500,combined_shift,Nuavg,25.005865699999887,-18.411134300000114,18.411134300000114,42.40535803947789,5.0,True,6.658967328566981e-06,1.7010802848104674,21.632331872512367,0.0,0.10811097648986812,1.0,1.0,1.0,0.0,0.554055488244934,0.05405548824493406,0.5,0.3693703254966227,1.0,0.527027744122467,1.0,abstain,0.8433794959363987,1.0
G06_R0743,743,G06,500,50,0.0001,0.7,0.2,0.3,4.0,47.69,ExtraTrees,combined_G06_Re500,combined_shift,Nuavg,27.11033333333354,-20.57966666666646,20.57966666666646,43.153002026979365,5.0,True,0.0,1.6842721874553885,20.05062254947287,0.0,0.0,1.0,1.0,1.0,0.0,0.5,0.0,0.5,0.3333333333333333,1.0,0.5,1.0,abstain,0.8433794959363987,1.0
G06_R0744,744,G06,500,50,0.0001,0.7,0.3,0.3,4.0,55.26,ExtraTrees,combined_G06_Re500,combined_shift,Nuavg,29.763157499999842,-25.496842500000156,25.496842500000156,46.139780130293445,5.0,True,1.047223297804287e-05,1.7499688513590346,21.46197065454486,0.0,0.17002085720238205,1.0,1.0,1.0,0.0,0.585010428601191,0.08501042860119103,0.5,0.390006952400794,1.0,0.5425052143005955,1.0,abstain,0.8433794959363987,1.0
G06_R0745,745,G06,500,50,1e-05,0.85,0.1,0.3,4.0,43.652,ExtraTrees,combined_G06_Re500,combined_shift,Nuavg,25.077020000000072,-18.57497999999993,18.57497999999993,42.55241455145224,5.0,True,2.741100634079348e-06,1.726070468233241,21.656808095661372,0.0,0.04450285631166903,1.0,1.0,1.0,0.0,0.5222514281558345,0.022251428155834516,0.5,0.3481676187705563,1.0,0.5111257140779173,1.0,abstain,0.8433794959363987,1.0
G06_R0746,746,G06,500,50,1e-05,0.85,0.2,0.3,4.0,47.149,ExtraTrees,combined_G06_Re500,combined_shift,Nuavg,26.99580239999984,-20.153197600000162,20.153197600000162,42.74363740482335,5.0,True,7.832413429805063e-06,1.6847554845271255,20.120930535763843,0.0,0.1271623395020934,1.0,1.0,1.0,0.0,0.5635811697510467,0.0635811697510467,0.5,0.3757207798340311,1.0,0.5317905848755233,1.0,abstain,0.8433794959363987,1.0
G06_R0747,747,G06,500,50,1e-05,0.85,0.3,0.3,4.0,56.238,ExtraTrees,combined_G06_Re500,combined_shift,Nuavg,29.65505689999991,-26.58294310000009,26.58294310000009,47.268649489669066,5.0,True,3.898645539675026e-05,1.7905636238689056,21.578110403977792,0.0,0.6329605710392341,1.0,1.0,1.0,0.0,0.816480285519617,0.31648028551961704,0.5,0.5443201903464113,1.0,0.6582401427598086,1.0,abstain,0.8433794959363987,1.0
G06_R0748,748,G06,500,50,1e-05,0.8,0.1,0.3,4.0,43.663,ExtraTrees,combined_G06_Re500,combined_shift,Nuavg,25.077020000000072,-18.585979999999925,18.585979999999925,42.56688729587964,5.0,True,2.741100634079348e-06,1.6842721874553885,20.067479683425837,0.0,0.04450285631166903,1.0,1.0,1.0,0.0,0.5222514281558345,0.022251428155834516,0.5,0.3481676187705563,1.0,0.5111257140779173,1.0,abstain,0.8433794959363987,1.0
G06_R0749,749,G06,500,50,1e-05,0.8,0.2,0.3,4.0,47.161,ExtraTrees,combined_G06_Re500,combined_shift,Nuavg,26.99580239999984,-20.165197600000162,20.165197600000162,42.758206144908215,5.0,True,7.832413429805063e-06,1.6842721874553885,18.5182905221821,0.0,0.1271623395020934,1.0,1.0,1.0,0.0,0.5635811697510467,0.0635811697510467,0.5,0.3757207798340311,1.0,0.5317905848755233,1.0,abstain,0.8433794959363987,1.0
G06_R0750,750,G06,500,50,1e-05,0.8,0.3,0.3,4.0,56.258,ExtraTrees,combined_G06_Re500,combined_shift,Nuavg,29.65446389999991,-26.603536100000092,26.603536100000092,47.28844982047014,5.0,True,2.086784424247423e-05,1.8122463055565086,19.96215878904983,0.0,0.3387977304850157,1.0,1.0,1.0,0.0,0.6693988652425078,0.16939886524250786,0.5,0.4462659101616719,1.0,0.5846994326212539,1.0,abstain,0.8433794959363987,1.0
G06_R0751,751,G06,500,50,1e-05,0.75,0.1,0.3,4.0,43.674,ExtraTrees,combined_G06_Re500,combined_shift,Nuavg,25.079480000000103,-18.594519999999896,18.594519999999896,42.57572010807321,5.0,True,2.7408317644710766e-06,1.7151150754466573,20.106670318526277,0.0,0.04449849110690614,1.0,1.0,1.0,0.0,0.5222492455534531,0.02224924555345307,0.5,0.3481661637023021,1.0,0.5111246227767265,1.0,abstain,0.8433794959363987,1.0
G06_R0752,752,G06,500,50,1e-05,0.75,0.2,0.3,4.0,47.187,ExtraTrees,combined_G06_Re500,combined_shift,Nuavg,27.00119759999984,-20.185802400000156,20.185802400000156,42.77831267086307,5.0,True,7.830848409034027e-06,1.6901248920238838,18.544169555936318,0.0,0.12713693076896182,1.0,1.0,1.0,0.0,0.5635684653844809,0.06356846538448091,0.5,0.3757123102563206,1.0,0.5317842326922404,1.0,abstain,0.8433794959363987,1.0
G06_R0753,753,G06,500,50,1e-05,0.75,0.3,0.3,4.0,56.28,ExtraTrees,combined_G06_Re500,combined_shift,Nuavg,29.6540738999999,-26.6259261000001,26.6259261000001,47.30974786780402,5.0,True,2.0459556423442937e-05,1.7336440510756934,19.97472622145783,0.0,0.3321690157569784,1.0,1.0,1.0,0.0,0.6660845078784892,0.1660845078784892,0.5,0.44405633858565946,1.0,0.5830422539392446,1.0,abstain,0.8433794959363987,1.0
G06_R0754,754,G06,500,50,1e-05,0.7,0.1,0.3,4.0,43.685,ExtraTrees,combined_G06_Re500,combined_shift,Nuavg,25.079480000000103,-18.6055199999999,18.6055199999999,42.59017969554744,5.0,True,2.7408317644710766e-06,1.6842721874553885,21.7743800009627,0.0,0.04449849110690614,1.0,1.0,1.0,0.0,0.5222492455534531,0.02224924555345307,0.5,0.3481661637023021,1.0,0.5111246227767265,1.0,abstain,0.8433794959363987,1.0
G06_R0755,755,G06,500,50,1e-05,0.7,0.2,0.3,4.0,47.209,ExtraTrees,combined_G06_Re500,combined_shift,Nuavg,27.00119759999984,-20.207802400000162,20.207802400000162,42.80497871168667,5.0,True,7.830848409034027e-06,1.6842721874553885,20.198567637026514,0.0,0.12713693076896182,1.0,1.0,1.0,0.0,0.5635684653844809,0.06356846538448091,0.5,0.3757123102563206,1.0,0.5317842326922404,1.0,abstain,0.8433794959363987,1.0
G06_R0756,756,G06,500,50,1e-05,0.7,0.3,0.3,4.0,56.306,ExtraTrees,combined_G06_Re500,combined_shift,Nuavg,29.664038699999868,-26.64196130000013,26.64196130000013,47.31638066991108,5.0,True,5.28046884846296e-05,1.695227580241972,21.615812701201808,0.0,0.8573050675329166,1.0,1.0,1.0,0.0,0.9286525337664583,0.4286525337664583,0.5,0.6191016891776389,1.0,0.7143262668832291,1.0,abstain,0.8433794959363987,1.0
G06_R0757,757,G06,500,50,1e-06,0.85,0.1,0.3,4.0,43.668,ExtraTrees,combined_G06_Re500,combined_shift,Nuavg,25.12133333333315,-18.546666666666848,18.546666666666848,42.47198558822673,5.0,True,0.0,1.7445994438622765,23.389534506096005,0.0,0.0,1.0,1.0,1.0,0.0,0.5,0.0,0.5,0.3333333333333333,1.0,0.5,1.0,abstain,0.8433794959363987,1.0
G06_R0758,758,G06,500,50,1e-06,0.85,0.2,0.3,4.0,47.033,ExtraTrees,combined_G06_Re500,combined_shift,Nuavg,26.97049759999996,-20.062502400000042,20.062502400000042,42.656225203580554,5.0,True,2.913701075095792e-06,1.6847554845271255,21.859553905301784,0.0,0.04730509294989644,1.0,1.0,1.0,0.0,0.5236525464749482,0.02365254647494822,0.5,0.34910169764996546,1.0,0.5118262732374741,1.0,abstain,0.8433794959363987,1.0
G06_R0759,759,G06,500,50,1e-06,0.85,0.3,0.3,4.0,57.32,ExtraTrees,combined_G06_Re500,combined_shift,Nuavg,29.643277999999924,-27.676722000000076,27.676722000000076,48.28458129797641,5.0,True,1.834200677487959e-05,1.7117777685573234,23.322630732619043,0.0,0.2977897570857653,1.0,1.0,1.0,0.0,0.6488948785428826,0.14889487854288266,0.5,0.4325965856952551,1.0,0.5744474392714414,1.0,abstain,0.8433794959363987,1.0
G06_R0760,760,G06,500,50,1e-06,0.8,0.1,0.3,4.0,43.675,ExtraTrees,combined_G06_Re500,combined_shift,Nuavg,25.12133333333315,-18.553666666666846,18.553666666666846,42.48120587674149,5.0,True,0.0,1.7312029616054923,21.806962008732445,0.0,0.0,1.0,1.0,1.0,0.0,0.5,0.0,0.5,0.3333333333333333,1.0,0.5,1.0,abstain,0.8433794959363987,1.0
G06_R0761,761,G06,500,50,1e-06,0.8,0.2,0.3,4.0,47.04,ExtraTrees,combined_G06_Re500,combined_shift,Nuavg,26.97049759999996,-20.06950240000004,20.06950240000004,42.664758503401444,5.0,True,2.913701075095792e-06,1.7319231728017361,20.263669806591995,0.0,0.04730509294989644,1.0,1.0,1.0,0.0,0.5236525464749482,0.02365254647494822,0.5,0.34910169764996546,1.0,0.5118262732374741,1.0,abstain,0.8433794959363987,1.0
G06_R0762,762,G06,500,50,1e-06,0.8,0.3,0.3,4.0,57.329,ExtraTrees,combined_G06_Re500,combined_shift,Nuavg,29.643277999999924,-27.685722000000077,27.685722000000077,48.29270002965354,5.0,True,1.834200677487959e-05,1.745082740934014,21.713435032563034,0.0,0.2977897570857653,1.0,1.0,1.0,0.0,0.6488948785428826,0.14889487854288266,0.5,0.4325965856952551,1.0,0.5744474392714414,1.0,abstain,0.8433794959363987,1.0
G06_R0763,763,G06,500,50,1e-06,0.75,0.1,0.3,4.0,43.679,ExtraTrees,combined_G06_Re500,combined_shift,Nuavg,25.12133333333315,-18.55766666666685,18.55766666666685,42.4864732861715,5.0,True,0.0,1.6847554845271258,21.852908558704847,0.0,0.0,1.0,1.0,1.0,0.0,0.5,0.0,0.5,0.3333333333333333,1.0,0.5,1.0,abstain,0.8433794959363987,1.0
G06_R0764,764,G06,500,50,1e-06,0.75,0.2,0.3,4.0,47.049,ExtraTrees,combined_G06_Re500,combined_shift,Nuavg,26.972002400000083,-20.076997599999917,20.076997599999917,42.67252779017603,5.0,True,2.913538515279004e-06,1.6847554845271258,20.296304755218184,0.0,0.04730245372677613,1.0,1.0,1.0,0.0,0.523651226863388,0.023651226863388063,0.5,0.3491008179089254,1.0,0.5118256134316941,1.0,abstain,0.8433794959363987,1.0
G06_R0765,765,G06,500,50,1e-06,0.75,0.3,0.3,4.0,57.338,ExtraTrees,combined_G06_Re500,combined_shift,Nuavg,29.643277999999924,-27.694722000000077,27.694722000000077,48.30081621263399,5.0,True,1.834200677487959e-05,1.6957108773137093,21.732758379842995,0.0,0.2977897570857653,1.0,1.0,1.0,0.0,0.6488948785428826,0.14889487854288266,0.5,0.4325965856952551,1.0,0.5744474392714414,1.0,abstain,0.8433794959363987,1.0
G06_R0766,766,G06,500,50,1e-06,0.7,0.1,0.3,4.0,43.684,ExtraTrees,combined_G06_Re500,combined_shift,Nuavg,25.12133333333315,-18.562666666666846,18.562666666666846,42.493056191435876,5.0,True,0.0,1.7062127781827185,23.527374156013224,0.0,0.0,1.0,1.0,1.0,0.0,0.5,0.0,0.5,0.3333333333333333,1.0,0.5,1.0,abstain,0.8433794959363987,1.0
G06_R0767,767,G06,500,50,1e-06,0.7,0.2,0.3,4.0,47.061,ExtraTrees,combined_G06_Re500,combined_shift,Nuavg,26.972002400000083,-20.088997599999917,20.088997599999917,42.68714561951492,5.0,True,2.913538515279004e-06,1.726070468233241,21.957458751180347,0.0,0.04730245372677613,1.0,1.0,1.0,0.0,0.523651226863388,0.023651226863388063,0.5,0.3491008179089254,1.0,0.5118256134316941,1.0,abstain,0.8433794959363987,1.0
G06_R0768,768,G06,500,50,1e-06,0.7,0.3,0.3,4.0,57.349,ExtraTrees,combined_G06_Re500,combined_shift,Nuavg,29.653032799999902,-27.695967200000094,27.695967200000094,48.29372299429824,5.0,True,1.2277331205234669e-05,1.6847554845271258,23.38060077445894,0.0,0.19932734308415495,1.0,1.0,1.0,0.0,0.5996636715420774,0.09966367154207748,0.5,0.3997757810280516,1.0,0.5498318357710388,1.0,abstain,0.8433794959363987,1.0
