case_uid,raw_row_id,geometry_id,Re,Pr,Da,epsi,Hp_mm,a_mm,Lw_mm,DelP_Pa,model_family,split_name,split_family,target,prediction,residual,abs_error,ape_pct,failure_tolerance_pct,is_failure,uncertainty_raw,knn_distance_raw,mahalanobis_raw,physics_violation_raw,U_norm,D_knn_norm,D_maha_norm,D_norm,V_norm,U_D_equal,U_V_equal,D_V_equal,U_D_V_equal,U_D_V_max,U_2D_V_weighted,reliability_score,gate_decision,tau_predict,tau_warn
G06_R0577,577,G06,500,3,0.001,0.85,0.1,0.3,4.0,201.475135,ExtraTrees,combined_G06_Re500,combined_shift,DelP_Pa,55.44657000000167,-146.0285649999983,146.0285649999983,72.47969581953541,10.0,True,1.2814908762797748e-16,1.6840091433868203,22.697309633731727,0.0,2.8240250915138802e-12,1.0,1.0,1.0,0.0,0.500000000001412,1.4120125457569401e-12,0.5,0.3333333333342747,1.0,0.500000000000706,1.0,abstain,0.8508771824529785,1.0
G06_R0578,578,G06,500,3,0.001,0.85,0.2,0.3,4.0,300.34013000000004,ExtraTrees,combined_G06_Re500,combined_shift,DelP_Pa,81.62595700000156,-218.71417299999848,218.71417299999848,72.8221609946025,10.0,True,0.0,1.6607264390505008,21.17081228266908,0.0,0.0,1.0,1.0,1.0,0.0,0.5,0.0,0.5,0.3333333333333333,1.0,0.5,1.0,abstain,0.8508771824529785,1.0
G06_R0579,579,G06,500,3,0.001,0.85,0.3,0.3,4.0,468.33554,ExtraTrees,combined_G06_Re500,combined_shift,DelP_Pa,123.02614200000366,-345.30939799999635,345.30939799999635,73.73119665443207,10.0,True,1.1551085390616882e-16,1.7726126709927859,22.63737235971792,0.0,2.5455159752693995e-12,1.0,1.0,1.0,0.0,0.5000000000012728,1.2727579876346997e-12,0.5,0.33333333333418186,1.0,0.5000000000006364,1.0,abstain,0.8508771824529785,1.0
G06_R0580,580,G06,500,3,0.001,0.8,0.1,0.3,4.0,202.95989,ExtraTrees,combined_G06_Re500,combined_shift,DelP_Pa,55.781193999999644,-147.17869600000034,147.17869600000034,72.51614888045138,10.0,True,0.0,1.6602431419787638,21.07361517669873,0.0,0.0,1.0,1.0,1.0,0.0,0.5,0.0,0.5,0.3333333333333333,1.0,0.5,1.0,abstain,0.8508771824529785,1.0
G06_R0581,581,G06,500,3,0.001,0.8,0.2,0.3,4.0,303.21632,ExtraTrees,combined_G06_Re500,combined_shift,DelP_Pa,82.27782900000162,-220.93849099999838,220.93849099999838,72.86497342887031,10.0,True,0.0,1.6602431419787638,19.53380622428986,0.0,0.0,1.0,1.0,1.0,0.0,0.5,0.0,0.5,0.3333333333333333,1.0,0.5,1.0,abstain,0.8508771824529785,1.0
G06_R0582,582,G06,500,3,0.001,0.8,0.3,0.3,4.0,473.7943800000001,ExtraTrees,combined_G06_Re500,combined_shift,DelP_Pa,124.26426399999175,-349.5301160000083,349.5301160000083,73.77253313979965,10.0,True,0.0,1.6602431419787638,20.987054699992473,0.0,0.0,1.0,1.0,1.0,0.0,0.5,0.0,0.5,0.3333333333333333,1.0,0.5,1.0,abstain,0.8508771824529785,1.0
G06_R0583,583,G06,500,3,0.001,0.75,0.1,0.3,4.0,204.524398,ExtraTrees,combined_G06_Re500,combined_shift,DelP_Pa,56.13963499999845,-148.38476300000156,148.38476300000156,72.55113055020534,10.0,True,0.0,1.6602431419787638,21.078439767001704,0.0,0.0,1.0,1.0,1.0,0.0,0.5,0.0,0.5,0.3333333333333333,1.0,0.5,1.0,abstain,0.8508771824529785,1.0
G06_R0584,584,G06,500,3,0.001,0.75,0.2,0.3,4.0,306.31202,ExtraTrees,combined_G06_Re500,combined_shift,DelP_Pa,82.97758300000189,-223.33443699999813,223.33443699999813,72.91076497748868,10.0,True,0.0,1.6602431419787638,19.52531921324662,0.0,0.0,1.0,1.0,1.0,0.0,0.5,0.0,0.5,0.3333333333333333,1.0,0.5,1.0,abstain,0.8508771824529785,1.0
G06_R0585,585,G06,500,3,0.001,0.75,0.3,0.3,4.0,479.65333,ExtraTrees,combined_G06_Re500,combined_shift,DelP_Pa,125.59229799999846,-354.06103200000155,354.06103200000155,73.81602708773055,10.0,True,1.1315068631996987e-16,1.7100983026708056,20.965256087603024,0.0,2.493504894995829e-12,1.0,1.0,1.0,0.0,0.5000000000012468,1.2467524474979145e-12,0.5,0.33333333333416454,1.0,0.5000000000006234,1.0,abstain,0.8508771824529785,1.0
G06_R0586,586,G06,500,3,0.001,0.7,0.1,0.3,4.0,206.208635,ExtraTrees,combined_G06_Re500,combined_shift,DelP_Pa,56.52488400000209,-149.6837509999979,149.6837509999979,72.58849805198406,10.0,True,0.0,1.6668421876875645,22.711783404640656,0.0,0.0,1.0,1.0,1.0,0.0,0.5,0.0,0.5,0.3333333333333333,1.0,0.5,1.0,abstain,0.8508771824529785,1.0
G06_R0587,587,G06,500,3,0.001,0.7,0.2,0.3,4.0,309.65751,ExtraTrees,combined_G06_Re500,combined_shift,DelP_Pa,83.73416700000277,-225.92334299999723,225.92334299999723,72.95910343010806,10.0,True,0.0,1.6910860299700325,21.145351249539356,0.0,0.0,1.0,1.0,1.0,0.0,0.5,0.0,0.5,0.3333333333333333,1.0,0.5,1.0,abstain,0.8508771824529785,1.0
G06_R0588,588,G06,500,3,0.001,0.7,0.3,0.3,4.0,485.9724,ExtraTrees,combined_G06_Re500,combined_shift,DelP_Pa,127.04023699999702,-358.93216300000296,358.93216300000296,73.85854896286352,10.0,True,1.1186105324411774e-16,1.699613732473918,22.571976522549527,0.0,2.465085214196966e-12,1.0,1.0,1.0,0.0,0.5000000000012326,1.232542607098483e-12,0.5,0.33333333333415505,1.0,0.5000000000006163,1.0,abstain,0.8508771824529785,1.0
G06_R0589,589,G06,500,3,0.0001,0.85,0.1,0.3,4.0,243.081525,ExtraTrees,combined_G06_Re500,combined_shift,DelP_Pa,68.24374400000043,-174.83778099999955,174.83778099999955,71.9255735292921,10.0,True,0.0,1.6901248920238836,21.23876732620084,0.0,0.0,1.0,1.0,1.0,0.0,0.5,0.0,0.5,0.3333333333333333,1.0,0.5,1.0,abstain,0.8508771824529785,1.0
G06_R0590,590,G06,500,3,0.0001,0.85,0.2,0.3,4.0,394.36314,ExtraTrees,combined_G06_Re500,combined_shift,DelP_Pa,108.15256978229377,-286.2105702177062,286.2105702177062,72.5753857771054,10.0,True,9.547560313834099e-05,1.7328977099353875,19.718166934241506,0.0,1.0,1.0,1.0,1.0,0.0,1.0,0.5,0.5,0.6666666666666666,1.0,0.75,1.0,abstain,0.8508771824529785,1.0
G06_R0591,591,G06,500,3,0.0001,0.85,0.3,0.3,4.0,669.83808,ExtraTrees,combined_G06_Re500,combined_shift,DelP_Pa,173.60053499999538,-496.2375450000046,496.2375450000046,74.08320903463783,10.0,True,0.0,1.749447898250739,21.19062397039365,0.0,0.0,1.0,1.0,1.0,0.0,0.5,0.0,0.5,0.3333333333333333,1.0,0.5,1.0,abstain,0.8508771824529785,1.0
G06_R0592,592,G06,500,3,0.0001,0.8,0.1,0.3,4.0,243.958356,ExtraTrees,combined_G06_Re500,combined_shift,DelP_Pa,68.46321280510074,-175.49514319489927,175.49514319489927,71.93651657289381,10.0,True,5.683342551369643e-11,1.6602431419787638,19.621828784039806,0.0,1.2524398156723493e-06,1.0,1.0,1.0,0.0,0.5000006262199078,6.262199078361747e-07,0.5,0.3333337508132719,1.0,0.500000313109954,1.0,abstain,0.8508771824529785,1.0
G06_R0593,593,G06,500,3,0.0001,0.8,0.2,0.3,4.0,396.64047,ExtraTrees,combined_G06_Re500,combined_shift,DelP_Pa,108.15256978229377,-288.4879002177062,288.4879002177062,72.73284549549525,10.0,True,9.547560313834099e-05,1.6602431419787638,18.087916790734255,0.0,1.0,1.0,1.0,1.0,0.0,1.0,0.5,0.5,0.6666666666666666,1.0,0.75,1.0,abstain,0.8508771824529785,1.0
G06_R0594,594,G06,500,3,0.0001,0.8,0.3,0.3,4.0,674.85419,ExtraTrees,combined_G06_Re500,combined_shift,DelP_Pa,174.7320930000044,-500.1220969999956,500.1220969999956,74.10817098134866,10.0,True,0.0,1.6602431419787638,19.547062225540174,0.0,0.0,1.0,1.0,1.0,0.0,0.5,0.0,0.5,0.3333333333333333,1.0,0.5,1.0,abstain,0.8508771824529785,1.0
G06_R0595,595,G06,500,3,0.0001,0.75,0.1,0.3,4.0,244.904882,ExtraTrees,combined_G06_Re500,combined_shift,DelP_Pa,68.70152999999851,-176.20335200000147,176.20335200000147,71.94766823799024,10.0,True,0.0,1.6602431419787638,19.633409289214747,0.0,0.0,1.0,1.0,1.0,0.0,0.5,0.0,0.5,0.3333333333333333,1.0,0.5,1.0,abstain,0.8508771824529785,1.0
G06_R0596,596,G06,500,3,0.0001,0.75,0.2,0.3,4.0,399.17841,ExtraTrees,combined_G06_Re500,combined_shift,DelP_Pa,108.67810965586929,-290.50030034413066,290.50030034413066,72.77455219688126,10.0,True,7.176772799068226e-05,1.6901248920238838,18.08618569456297,0.0,1.0,1.0,1.0,1.0,0.0,1.0,0.5,0.5,0.6666666666666666,1.0,0.75,1.0,abstain,0.8508771824529785,1.0
G06_R0597,597,G06,500,3,0.0001,0.75,0.3,0.3,4.0,680.44429,ExtraTrees,combined_G06_Re500,combined_shift,DelP_Pa,175.99384400000042,-504.4504459999996,504.4504459999996,74.13545141219416,10.0,True,0.0,1.7096150055990684,19.532019528022666,0.0,0.0,1.0,1.0,1.0,0.0,0.5,0.0,0.5,0.3333333333333333,1.0,0.5,1.0,abstain,0.8508771824529785,1.0
G06_R0598,598,G06,500,3,0.0001,0.7,0.1,0.3,4.0,245.941056,ExtraTrees,combined_G06_Re500,combined_shift,DelP_Pa,68.96267200000145,-176.97838399999856,176.97838399999856,71.95967476044282,10.0,True,0.0,1.6840091433868207,21.273508841725658,0.0,0.0,1.0,1.0,1.0,0.0,0.5,0.0,0.5,0.3333333333333333,1.0,0.5,1.0,abstain,0.8508771824529785,1.0
G06_R0599,599,G06,500,3,0.0001,0.7,0.2,0.3,4.0,402.03711,ExtraTrees,combined_G06_Re500,combined_shift,DelP_Pa,109.3856109581297,-292.6514990418703,292.6514990418703,72.79216066443973,10.0,True,5.5771758851758976e-05,1.6602431419787638,19.71297364572767,0.0,1.0,1.0,1.0,1.0,0.0,1.0,0.5,0.5,0.6666666666666666,1.0,0.75,1.0,abstain,0.8508771824529785,1.0
G06_R0600,600,G06,500,3,0.0001,0.7,0.3,0.3,4.0,686.7296,ExtraTrees,combined_G06_Re500,combined_shift,DelP_Pa,177.42580999999117,-509.3037900000088,509.3037900000088,74.16365771913848,10.0,True,0.0,1.6602431419787638,21.14549587784115,0.0,0.0,1.0,1.0,1.0,0.0,0.5,0.0,0.5,0.3333333333333333,1.0,0.5,1.0,abstain,0.8508771824529785,1.0
G06_R0601,601,G06,500,3,1e-05,0.85,0.1,0.3,4.0,313.3953,ExtraTrees,combined_G06_Re500,combined_shift,DelP_Pa,95.45120575344193,-217.9440942465581,217.9440942465581,69.54287261058418,10.0,True,2.5513140290450155e-08,1.6602431419787638,21.391171045270145,0.0,0.0005622337987509408,1.0,1.0,1.0,0.0,0.5002811168993755,0.0002811168993754704,0.5,0.33352074459958364,1.0,0.5001405584496877,1.0,abstain,0.8508771824529785,1.0
G06_R0602,602,G06,500,3,1e-05,0.85,0.2,0.3,4.0,603.35526,ExtraTrees,combined_G06_Re500,combined_shift,DelP_Pa,192.29868000000803,-411.056579999992,411.056579999992,68.12844890089993,10.0,True,0.0,1.700097029545655,19.876467612414118,0.0,0.0,1.0,1.0,1.0,0.0,0.5,0.0,0.5,0.3333333333333333,1.0,0.5,1.0,abstain,0.8508771824529785,1.0
G06_R0603,603,G06,500,3,1e-05,0.85,0.3,0.3,4.0,1108.7035199999998,ExtraTrees,combined_G06_Re500,combined_shift,DelP_Pa,350.7737399999799,-757.92978000002,757.92978000002,68.36180875478956,10.0,True,0.0,1.691086029970032,21.354821607669564,0.0,0.0,1.0,1.0,1.0,0.0,0.5,0.0,0.5,0.3333333333333333,1.0,0.5,1.0,abstain,0.8508771824529785,1.0
G06_R0604,604,G06,500,3,1e-05,0.8,0.1,0.3,4.0,314.75423,ExtraTrees,combined_G06_Re500,combined_shift,DelP_Pa,95.85677133218637,-218.89745866781362,218.89745866781362,69.54551767828939,10.0,True,0.0,1.709131708527331,19.780988417981074,0.0,0.0,1.0,1.0,1.0,0.0,0.5,0.0,0.5,0.3333333333333333,1.0,0.5,1.0,abstain,0.8508771824529785,1.0
G06_R0605,605,G06,500,3,1e-05,0.8,0.2,0.3,4.0,607.89531,ExtraTrees,combined_G06_Re500,combined_shift,DelP_Pa,193.5814579412551,-414.3138520587449,414.3138520587449,68.1554611860297,10.0,True,2.6014028166835385e-07,1.6602431419787638,18.25297338377882,0.0,0.00573271879139413,1.0,1.0,1.0,0.0,0.502866359395697,0.002866359395697065,0.5,0.33524423959713134,1.0,0.5014331796978485,1.0,abstain,0.8508771824529785,1.0
G06_R0606,606,G06,500,3,1e-05,0.8,0.3,0.3,4.0,1118.31249,ExtraTrees,combined_G06_Re500,combined_shift,DelP_Pa,353.3930199999845,-764.9194700000155,764.9194700000155,68.39943905124547,10.0,True,0.0,1.6835258463150833,19.71801577768805,0.0,0.0,1.0,1.0,1.0,0.0,0.5,0.0,0.5,0.3333333333333333,1.0,0.5,1.0,abstain,0.8508771824529785,1.0
G06_R0607,607,G06,500,3,1e-05,0.75,0.1,0.3,4.0,316.30308,ExtraTrees,combined_G06_Re500,combined_shift,DelP_Pa,96.31912499700759,-219.98395500299245,219.98395500299245,69.54847072718749,10.0,True,7.252613217693408e-08,1.690602732898295,19.799324838027967,0.0,0.00159826043906534,1.0,1.0,1.0,0.0,0.5007991302195327,0.00079913021953267,0.5,0.3338660868130218,1.0,0.5003995651097664,1.0,abstain,0.8508771824529785,1.0
G06_R0608,608,G06,500,3,1e-05,0.75,0.2,0.3,4.0,613.0855200000001,ExtraTrees,combined_G06_Re500,combined_shift,DelP_Pa,195.06042327666242,-418.0250967233377,418.0250967233377,68.18381499588143,10.0,True,0.0,1.6602431419787638,18.257998202479502,0.0,0.0,1.0,1.0,1.0,0.0,0.5,0.0,0.5,0.3333333333333333,1.0,0.5,1.0,abstain,0.8508771824529785,1.0
G06_R0609,609,G06,500,3,1e-05,0.75,0.3,0.3,4.0,1129.22326,ExtraTrees,combined_G06_Re500,combined_shift,DelP_Pa,356.422260000016,-772.800999999984,772.800999999984,68.43651095178328,10.0,True,0.0,1.6668421876875645,19.709728995042507,0.0,0.0,1.0,1.0,1.0,0.0,0.5,0.0,0.5,0.3333333333333333,1.0,0.5,1.0,abstain,0.8508771824529785,1.0
G06_R0610,610,G06,500,3,1e-05,0.7,0.1,0.3,4.0,318.09183,ExtraTrees,combined_G06_Re500,combined_shift,DelP_Pa,96.8540319897783,-221.2377980102217,221.2377980102217,69.55154994399626,10.0,True,0.0,1.709131708527331,21.44618030541084,0.0,0.0,1.0,1.0,1.0,0.0,0.5,0.0,0.5,0.3333333333333333,1.0,0.5,1.0,abstain,0.8508771824529785,1.0
G06_R0611,611,G06,500,3,1e-05,0.7,0.2,0.3,4.0,619.04597,ExtraTrees,combined_G06_Re500,combined_shift,DelP_Pa,196.79285661048968,-422.2531133895103,422.2531133895103,68.21030001851241,10.0,True,0.0,1.7096150055990684,19.891542068516156,0.0,0.0,1.0,1.0,1.0,0.0,0.5,0.0,0.5,0.3333333333333333,1.0,0.5,1.0,abstain,0.8508771824529785,1.0
G06_R0612,612,G06,500,3,1e-05,0.7,0.3,0.3,4.0,1141.83627,ExtraTrees,combined_G06_Re500,combined_shift,DelP_Pa,359.95146000002103,-781.884809999979,781.884809999979,68.47608808222382,10.0,True,0.0,1.6602431419787638,21.329961259732947,0.0,0.0,1.0,1.0,1.0,0.0,0.5,0.0,0.5,0.3333333333333333,1.0,0.5,1.0,abstain,0.8508771824529785,1.0
G06_R0613,613,G06,500,3,1e-06,0.85,0.1,0.3,4.0,704.06335,ExtraTrees,combined_G06_Re500,combined_shift,DelP_Pa,280.45062699999613,-423.6127230000039,423.6127230000039,60.16684762812947,10.0,True,0.0,1.7062127781827183,23.15452079093964,0.0,0.0,1.0,1.0,1.0,0.0,0.5,0.0,0.5,0.3333333333333333,1.0,0.5,1.0,abstain,0.8508771824529785,1.0
G06_R0614,614,G06,500,3,1e-06,0.85,0.2,0.3,4.0,2016.1317,ExtraTrees,combined_G06_Re500,combined_shift,DelP_Pa,866.4076800000164,-1149.7240199999835,1149.7240199999835,57.0262359348838,10.0,True,0.0,1.709615005599068,21.6457143171869,0.0,0.0,1.0,1.0,1.0,0.0,0.5,0.0,0.5,0.3333333333333333,1.0,0.5,1.0,abstain,0.8508771824529785,1.0
G06_R0615,615,G06,500,3,1e-06,0.85,0.3,0.3,4.0,4178.01409,ExtraTrees,combined_G06_Re500,combined_shift,DelP_Pa,1826.2476000000672,-2351.7664899999327,2351.7664899999327,56.28909906332875,10.0,True,0.0,1.691086029970032,23.129965271545654,0.0,0.0,1.0,1.0,1.0,0.0,0.5,0.0,0.5,0.3333333333333333,1.0,0.5,1.0,abstain,0.8508771824529785,1.0
G06_R0616,616,G06,500,3,1e-06,0.8,0.1,0.3,4.0,708.42279,ExtraTrees,combined_G06_Re500,combined_shift,DelP_Pa,281.47844061938565,-426.9443493806143,426.9443493806143,60.26688517186387,10.0,True,4.05538089502411e-06,1.6673254847593015,21.55109407852252,0.0,0.08936854421032801,1.0,1.0,1.0,0.0,0.544684272105164,0.04468427210516401,0.5,0.36312284807010936,1.0,0.522342136052582,1.0,abstain,0.8508771824529785,1.0
G06_R0617,617,G06,500,3,1e-06,0.8,0.2,0.3,4.0,2030.03106,ExtraTrees,combined_G06_Re500,combined_shift,DelP_Pa,870.407390000017,-1159.6236699999831,1159.6236699999831,57.123444702367415,10.0,True,1.3061336453222646e-16,1.6602431419787638,20.028976003423576,0.0,2.878330431792541e-12,1.0,1.0,1.0,0.0,0.5000000000014392,1.4391652158962706e-12,0.5,0.33333333333429277,1.0,0.5000000000007195,1.0,abstain,0.8508771824529785,1.0
G06_R0618,618,G06,500,3,1e-06,0.8,0.3,0.3,4.0,4206.213565999999,ExtraTrees,combined_G06_Re500,combined_shift,DelP_Pa,1834.2472700001695,-2371.96629599983,2371.96629599983,56.39196057882312,10.0,True,0.0,1.7370556661739869,21.4999153564361,0.0,0.0,1.0,1.0,1.0,0.0,0.5,0.0,0.5,0.3333333333333333,1.0,0.5,1.0,abstain,0.8508771824529785,1.0
G06_R0619,619,G06,500,3,1e-06,0.75,0.1,0.3,4.0,713.28219,ExtraTrees,combined_G06_Re500,combined_shift,DelP_Pa,283.07015600000136,-430.21203399999865,430.21203399999865,60.31442254292073,10.0,True,0.0,1.6602431419787638,21.576186413441377,0.0,0.0,1.0,1.0,1.0,0.0,0.5,0.0,0.5,0.3333333333333333,1.0,0.5,1.0,abstain,0.8508771824529785,1.0
G06_R0620,620,G06,500,3,1e-06,0.75,0.2,0.3,4.0,2045.93037,ExtraTrees,combined_G06_Re500,combined_shift,DelP_Pa,875.1638978681256,-1170.7664721318745,1170.7664721318745,57.22416018155469,10.0,True,1.0484116647666408e-05,1.7132896647659304,20.04075673699621,0.0,0.23103877696983652,1.0,1.0,1.0,0.0,0.6155193884849183,0.11551938848491826,0.5,0.41034625898994553,1.0,0.5577596942424591,1.0,abstain,0.8508771824529785,1.0
G06_R0621,621,G06,500,3,1e-06,0.75,0.3,0.3,4.0,4239.013017,ExtraTrees,combined_G06_Re500,combined_shift,DelP_Pa,1843.7469199998898,-2395.2660970001107,2395.2660970001107,56.50527817192854,10.0,True,0.0,1.6602431419787638,21.49838448866253,0.0,0.0,1.0,1.0,1.0,0.0,0.5,0.0,0.5,0.3333333333333333,1.0,0.5,1.0,abstain,0.8508771824529785,1.0
G06_R0622,622,G06,500,3,1e-06,0.7,0.1,0.3,4.0,718.74155,ExtraTrees,combined_G06_Re500,combined_shift,DelP_Pa,284.77988999998144,-433.9616600000185,433.9616600000185,60.37798426986982,10.0,True,0.0,1.6829300738463988,23.229797795696214,0.0,0.0,1.0,1.0,1.0,0.0,0.5,0.0,0.5,0.3333333333333333,1.0,0.5,1.0,abstain,0.8508771824529785,1.0
G06_R0623,623,G06,500,3,1e-06,0.7,0.2,0.3,4.0,2064.6296300000004,ExtraTrees,combined_G06_Re500,combined_shift,DelP_Pa,880.9167499999346,-1183.7128800000658,1183.7128800000658,57.3329406301345,10.0,True,0.0,1.7712773326874292,21.68105651790483,0.0,0.0,1.0,1.0,1.0,0.0,0.5,0.0,0.5,0.3333333333333333,1.0,0.5,1.0,abstain,0.8508771824529785,1.0
G06_R0624,624,G06,500,3,1e-06,0.7,0.3,0.3,4.0,4277.312447,ExtraTrees,combined_G06_Re500,combined_shift,DelP_Pa,1854.8465399999102,-2422.46590700009,2422.46590700009,56.63523385342464,10.0,True,0.0,1.6602431419787638,23.125372668224927,0.0,0.0,1.0,1.0,1.0,0.0,0.5,0.0,0.5,0.3333333333333333,1.0,0.5,1.0,abstain,0.8508771824529785,1.0
G06_R0625,625,G06,500,6,0.001,0.85,0.1,0.3,4.0,201.475135,ExtraTrees,combined_G06_Re500,combined_shift,DelP_Pa,55.44657000000167,-146.0285649999983,146.0285649999983,72.47969581953541,10.0,True,1.2814908762797748e-16,1.7261651939144198,21.53352700470693,0.0,2.8240250915138802e-12,1.0,1.0,1.0,0.0,0.500000000001412,1.4120125457569401e-12,0.5,0.3333333333342747,1.0,0.500000000000706,1.0,abstain,0.8508771824529785,1.0
G06_R0626,626,G06,500,6,0.001,0.85,0.2,0.3,4.0,300.34013000000004,ExtraTrees,combined_G06_Re500,combined_shift,DelP_Pa,81.62595700000156,-218.71417299999848,218.71417299999848,72.8221609946025,10.0,True,0.0,1.6607264390505008,20.001812929910276,0.0,0.0,1.0,1.0,1.0,0.0,0.5,0.0,0.5,0.3333333333333333,1.0,0.5,1.0,abstain,0.8508771824529785,1.0
G06_R0627,627,G06,500,6,0.001,0.85,0.3,0.3,4.0,468.33554,ExtraTrees,combined_G06_Re500,combined_shift,DelP_Pa,123.02614200000366,-345.30939799999635,345.30939799999635,73.73119665443207,10.0,True,1.1551085390616882e-16,1.7227629664980697,21.463156283225107,0.0,2.5455159752693995e-12,1.0,1.0,1.0,0.0,0.5000000000012728,1.2727579876346997e-12,0.5,0.33333333333418186,1.0,0.5000000000006364,1.0,abstain,0.8508771824529785,1.0
G06_R0628,628,G06,500,6,0.001,0.8,0.1,0.3,4.0,202.95989,ExtraTrees,combined_G06_Re500,combined_shift,DelP_Pa,55.781193999999644,-147.17869600000034,147.17869600000034,72.51614888045138,10.0,True,0.0,1.6602431419787638,19.914970453874773,0.0,0.0,1.0,1.0,1.0,0.0,0.5,0.0,0.5,0.3333333333333333,1.0,0.5,1.0,abstain,0.8508771824529785,1.0
G06_R0629,629,G06,500,6,0.001,0.8,0.2,0.3,4.0,303.21632,ExtraTrees,combined_G06_Re500,combined_shift,DelP_Pa,82.27782900000162,-220.93849099999838,220.93849099999838,72.86497342887031,10.0,True,0.0,1.6602431419787638,18.369944777731906,0.0,0.0,1.0,1.0,1.0,0.0,0.5,0.0,0.5,0.3333333333333333,1.0,0.5,1.0,abstain,0.8508771824529785,1.0
G06_R0630,630,G06,500,6,0.001,0.8,0.3,0.3,4.0,473.7943800000001,ExtraTrees,combined_G06_Re500,combined_shift,DelP_Pa,124.26426399999175,-349.5301160000083,349.5301160000083,73.77253313979965,10.0,True,0.0,1.6602431419787638,19.817976529700513,0.0,0.0,1.0,1.0,1.0,0.0,0.5,0.0,0.5,0.3333333333333333,1.0,0.5,1.0,abstain,0.8508771824529785,1.0
G06_R0631,631,G06,500,6,0.001,0.75,0.1,0.3,4.0,204.524398,ExtraTrees,combined_G06_Re500,combined_shift,DelP_Pa,56.13963499999845,-148.38476300000156,148.38476300000156,72.55113055020534,10.0,True,0.0,1.6602431419787638,19.924932950378594,0.0,0.0,1.0,1.0,1.0,0.0,0.5,0.0,0.5,0.3333333333333333,1.0,0.5,1.0,abstain,0.8508771824529785,1.0
G06_R0632,632,G06,500,6,0.001,0.75,0.2,0.3,4.0,306.31202,ExtraTrees,combined_G06_Re500,combined_shift,DelP_Pa,82.97758300000189,-223.33443699999813,223.33443699999813,72.91076497748868,10.0,True,0.0,1.6607264390505012,18.366595672889506,0.0,0.0,1.0,1.0,1.0,0.0,0.5,0.0,0.5,0.3333333333333333,1.0,0.5,1.0,abstain,0.8508771824529785,1.0
G06_R0633,633,G06,500,6,0.001,0.75,0.3,0.3,4.0,479.65333,ExtraTrees,combined_G06_Re500,combined_shift,DelP_Pa,125.59229799999846,-354.06103200000155,354.06103200000155,73.81602708773055,10.0,True,1.1315068631996987e-16,1.6840091433868207,19.801315823511896,0.0,2.493504894995829e-12,1.0,1.0,1.0,0.0,0.5000000000012468,1.2467524474979145e-12,0.5,0.33333333333416454,1.0,0.5000000000006234,1.0,abstain,0.8508771824529785,1.0
G06_R0634,634,G06,500,6,0.001,0.7,0.1,0.3,4.0,206.208635,ExtraTrees,combined_G06_Re500,combined_shift,DelP_Pa,56.52488400000209,-149.6837509999979,149.6837509999979,72.58849805198406,10.0,True,0.0,1.7071739161288673,21.56341449421838,0.0,0.0,1.0,1.0,1.0,0.0,0.5,0.0,0.5,0.3333333333333333,1.0,0.5,1.0,abstain,0.8508771824529785,1.0
G06_R0635,635,G06,500,6,0.001,0.7,0.2,0.3,4.0,309.65751,ExtraTrees,combined_G06_Re500,combined_shift,DelP_Pa,83.73416700000277,-225.92334299999723,225.92334299999723,72.95910343010806,10.0,True,0.0,1.6668421876875645,19.991765615383077,0.0,0.0,1.0,1.0,1.0,0.0,0.5,0.0,0.5,0.3333333333333333,1.0,0.5,1.0,abstain,0.8508771824529785,1.0
G06_R0636,636,G06,500,6,0.001,0.7,0.3,0.3,4.0,485.9724,ExtraTrees,combined_G06_Re500,combined_shift,DelP_Pa,127.04023699999702,-358.93216300000296,358.93216300000296,73.85854896286352,10.0,True,1.1186105324411774e-16,1.7096150055990684,21.413174164659242,0.0,2.465085214196966e-12,1.0,1.0,1.0,0.0,0.5000000000012326,1.232542607098483e-12,0.5,0.33333333333415505,1.0,0.5000000000006163,1.0,abstain,0.8508771824529785,1.0
G06_R0637,637,G06,500,6,0.0001,0.85,0.1,0.3,4.0,243.081525,ExtraTrees,combined_G06_Re500,combined_shift,DelP_Pa,68.24374400000043,-174.83778099999955,174.83778099999955,71.9255735292921,10.0,True,0.0,1.7560624826774345,20.067439947896847,0.0,0.0,1.0,1.0,1.0,0.0,0.5,0.0,0.5,0.3333333333333333,1.0,0.5,1.0,abstain,0.8508771824529785,1.0
G06_R0638,638,G06,500,6,0.0001,0.85,0.2,0.3,4.0,394.36314,ExtraTrees,combined_G06_Re500,combined_shift,DelP_Pa,108.12509911317652,-286.23804088682346,286.23804088682346,72.58235160791737,10.0,True,5.7040114864893065e-05,1.7489855960942222,18.541622832203508,0.0,1.0,1.0,1.0,1.0,0.0,1.0,0.5,0.5,0.6666666666666666,1.0,0.75,1.0,abstain,0.8508771824529785,1.0
G06_R0639,639,G06,500,6,0.0001,0.85,0.3,0.3,4.0,669.83808,ExtraTrees,combined_G06_Re500,combined_shift,DelP_Pa,173.60053499999538,-496.2375450000046,496.2375450000046,74.08320903463783,10.0,True,0.0,1.7328977099353875,20.008863144621646,0.0,0.0,1.0,1.0,1.0,0.0,0.5,0.0,0.5,0.3333333333333333,1.0,0.5,1.0,abstain,0.8508771824529785,1.0
G06_R0640,640,G06,500,6,0.0001,0.8,0.1,0.3,4.0,243.958356,ExtraTrees,combined_G06_Re500,combined_shift,DelP_Pa,68.46321280510074,-175.49514319489927,175.49514319489927,71.93651657289381,10.0,True,5.683342551369643e-11,1.6602431419787638,18.455639311936658,0.0,1.2524398156723493e-06,1.0,1.0,1.0,0.0,0.5000006262199078,6.262199078361747e-07,0.5,0.3333337508132719,1.0,0.500000313109954,1.0,abstain,0.8508771824529785,1.0
G06_R0641,641,G06,500,6,0.0001,0.8,0.2,0.3,4.0,396.64047,ExtraTrees,combined_G06_Re500,combined_shift,DelP_Pa,108.12509911317652,-288.51537088682346,288.51537088682346,72.7397713316605,10.0,True,5.7040114864893065e-05,1.6602431419787638,16.916510594897098,0.0,1.0,1.0,1.0,1.0,0.0,1.0,0.5,0.5,0.6666666666666666,1.0,0.75,1.0,abstain,0.8508771824529785,1.0
G06_R0642,642,G06,500,6,0.0001,0.8,0.3,0.3,4.0,674.85419,ExtraTrees,combined_G06_Re500,combined_shift,DelP_Pa,174.7320930000044,-500.1220969999956,500.1220969999956,74.10817098134866,10.0,True,0.0,1.6602431419787638,18.370439305969004,0.0,0.0,1.0,1.0,1.0,0.0,0.5,0.0,0.5,0.3333333333333333,1.0,0.5,1.0,abstain,0.8508771824529785,1.0
G06_R0643,643,G06,500,6,0.0001,0.75,0.1,0.3,4.0,244.904882,ExtraTrees,combined_G06_Re500,combined_shift,DelP_Pa,68.70152999999851,-176.20335200000147,176.20335200000147,71.94766823799024,10.0,True,0.0,1.6602431419787638,18.472357723312438,0.0,0.0,1.0,1.0,1.0,0.0,0.5,0.0,0.5,0.3333333333333333,1.0,0.5,1.0,abstain,0.8508771824529785,1.0
G06_R0644,644,G06,500,6,0.0001,0.75,0.2,0.3,4.0,399.17841,ExtraTrees,combined_G06_Re500,combined_shift,DelP_Pa,108.6688002040615,-290.5096097959385,290.5096097959385,72.77688435001745,10.0,True,7.957028375173409e-05,1.7399745965186,16.91991740492665,0.0,1.0,1.0,1.0,1.0,0.0,1.0,0.5,0.5,0.6666666666666666,1.0,0.75,1.0,abstain,0.8508771824529785,1.0
G06_R0645,645,G06,500,6,0.0001,0.75,0.3,0.3,4.0,680.44429,ExtraTrees,combined_G06_Re500,combined_shift,DelP_Pa,175.99384400000042,-504.4504459999996,504.4504459999996,74.13545141219416,10.0,True,0.0,1.6835258463150833,18.360534514652347,0.0,0.0,1.0,1.0,1.0,0.0,0.5,0.0,0.5,0.3333333333333333,1.0,0.5,1.0,abstain,0.8508771824529785,1.0
G06_R0646,646,G06,500,6,0.0001,0.7,0.1,0.3,4.0,245.941056,ExtraTrees,combined_G06_Re500,combined_shift,DelP_Pa,68.96267200000145,-176.97838399999856,176.97838399999856,71.95967476044282,10.0,True,0.0,1.709131708527331,20.117595182024193,0.0,0.0,1.0,1.0,1.0,0.0,0.5,0.0,0.5,0.3333333333333333,1.0,0.5,1.0,abstain,0.8508771824529785,1.0
G06_R0647,647,G06,500,6,0.0001,0.7,0.2,0.3,4.0,402.03711,ExtraTrees,combined_G06_Re500,combined_shift,DelP_Pa,109.40261407907697,-292.63449592092303,292.63449592092303,72.78793142277912,10.0,True,1.737126211039732e-05,1.6602431419787638,18.551843262292184,0.0,0.3828109975580997,1.0,1.0,1.0,0.0,0.6914054987790499,0.19140549877904986,0.5,0.46093699918603326,1.0,0.5957027493895249,1.0,abstain,0.8508771824529785,1.0
G06_R0648,648,G06,500,6,0.0001,0.7,0.3,0.3,4.0,686.7296,ExtraTrees,combined_G06_Re500,combined_shift,DelP_Pa,177.42580999999117,-509.3037900000088,509.3037900000088,74.16365771913848,10.0,True,0.0,1.6602431419787638,19.97914877067166,0.0,0.0,1.0,1.0,1.0,0.0,0.5,0.0,0.5,0.3333333333333333,1.0,0.5,1.0,abstain,0.8508771824529785,1.0
G06_R0649,649,G06,500,6,1e-05,0.85,0.1,0.3,4.0,313.3953,ExtraTrees,combined_G06_Re500,combined_shift,DelP_Pa,95.45120575344193,-217.9440942465581,217.9440942465581,69.54287261058418,10.0,True,2.5513140290450155e-08,1.6607264390505008,20.212298917686947,0.0,0.0005622337987509408,1.0,1.0,1.0,0.0,0.5002811168993755,0.0002811168993754704,0.5,0.33352074459958364,1.0,0.5001405584496877,1.0,abstain,0.8508771824529785,1.0
G06_R0650,650,G06,500,6,1e-05,0.85,0.2,0.3,4.0,603.35526,ExtraTrees,combined_G06_Re500,combined_shift,DelP_Pa,192.29868000000803,-411.056579999992,411.056579999992,68.12844890089993,10.0,True,0.0,1.709615005599068,18.692378761096904,0.0,0.0,1.0,1.0,1.0,0.0,0.5,0.0,0.5,0.3333333333333333,1.0,0.5,1.0,abstain,0.8508771824529785,1.0
G06_R0651,651,G06,500,6,1e-05,0.85,0.3,0.3,4.0,1108.7035199999998,ExtraTrees,combined_G06_Re500,combined_shift,DelP_Pa,350.7737399999799,-757.92978000002,757.92978000002,68.36180875478956,10.0,True,0.0,1.6824467767746618,20.165516032618353,0.0,0.0,1.0,1.0,1.0,0.0,0.5,0.0,0.5,0.3333333333333333,1.0,0.5,1.0,abstain,0.8508771824529785,1.0
G06_R0652,652,G06,500,6,1e-05,0.8,0.1,0.3,4.0,314.75423,ExtraTrees,combined_G06_Re500,combined_shift,DelP_Pa,95.85677133218637,-218.89745866781362,218.89745866781362,69.54551767828939,10.0,True,0.0,1.6835258463150833,18.60725419659872,0.0,0.0,1.0,1.0,1.0,0.0,0.5,0.0,0.5,0.3333333333333333,1.0,0.5,1.0,abstain,0.8508771824529785,1.0
G06_R0653,653,G06,500,6,1e-05,0.8,0.2,0.3,4.0,607.89531,ExtraTrees,combined_G06_Re500,combined_shift,DelP_Pa,193.5814579412551,-414.3138520587449,414.3138520587449,68.1554611860297,10.0,True,2.6014028166835385e-07,1.6602431419787638,17.07402243866246,0.0,0.00573271879139413,1.0,1.0,1.0,0.0,0.502866359395697,0.002866359395697065,0.5,0.33524423959713134,1.0,0.5014331796978485,1.0,abstain,0.8508771824529785,1.0
G06_R0654,654,G06,500,6,1e-05,0.8,0.3,0.3,4.0,1118.31249,ExtraTrees,combined_G06_Re500,combined_shift,DelP_Pa,353.3930199999845,-764.9194700000155,764.9194700000155,68.39943905124547,10.0,True,0.0,1.709615005599068,18.533848108837685,0.0,0.0,1.0,1.0,1.0,0.0,0.5,0.0,0.5,0.3333333333333333,1.0,0.5,1.0,abstain,0.8508771824529785,1.0
G06_R0655,655,G06,500,6,1e-05,0.75,0.1,0.3,4.0,316.30308,ExtraTrees,combined_G06_Re500,combined_shift,DelP_Pa,96.31912499700759,-219.98395500299245,219.98395500299245,69.54847072718749,10.0,True,7.252613217693408e-08,1.666358890615827,18.630728522846457,0.0,0.00159826043906534,1.0,1.0,1.0,0.0,0.5007991302195327,0.00079913021953267,0.5,0.3338660868130218,1.0,0.5003995651097664,1.0,abstain,0.8508771824529785,1.0
G06_R0656,656,G06,500,6,1e-05,0.75,0.2,0.3,4.0,613.0855200000001,ExtraTrees,combined_G06_Re500,combined_shift,DelP_Pa,195.06042327666242,-418.0250967233377,418.0250967233377,68.18381499588143,10.0,True,0.0,1.6602431419787638,17.084185163563983,0.0,0.0,1.0,1.0,1.0,0.0,0.5,0.0,0.5,0.3333333333333333,1.0,0.5,1.0,abstain,0.8508771824529785,1.0
G06_R0657,657,G06,500,6,1e-05,0.75,0.3,0.3,4.0,1129.22326,ExtraTrees,combined_G06_Re500,combined_shift,DelP_Pa,356.422260000016,-772.800999999984,772.800999999984,68.43651095178328,10.0,True,0.0,1.690602732898295,18.530699232392983,0.0,0.0,1.0,1.0,1.0,0.0,0.5,0.0,0.5,0.3333333333333333,1.0,0.5,1.0,abstain,0.8508771824529785,1.0
G06_R0658,658,G06,500,6,1e-05,0.7,0.1,0.3,4.0,318.09183,ExtraTrees,combined_G06_Re500,combined_shift,DelP_Pa,96.8540319897783,-221.2377980102217,221.2377980102217,69.55154994399626,10.0,True,0.0,1.6840091433868207,20.282721896430175,0.0,0.0,1.0,1.0,1.0,0.0,0.5,0.0,0.5,0.3333333333333333,1.0,0.5,1.0,abstain,0.8508771824529785,1.0
G06_R0659,659,G06,500,6,1e-05,0.7,0.2,0.3,4.0,619.04597,ExtraTrees,combined_G06_Re500,combined_shift,DelP_Pa,196.79285661048968,-422.2531133895103,422.2531133895103,68.21030001851241,10.0,True,0.0,1.6840091433868207,18.722866935801473,0.0,0.0,1.0,1.0,1.0,0.0,0.5,0.0,0.5,0.3333333333333333,1.0,0.5,1.0,abstain,0.8508771824529785,1.0
G06_R0660,660,G06,500,6,1e-05,0.7,0.3,0.3,4.0,1141.83627,ExtraTrees,combined_G06_Re500,combined_shift,DelP_Pa,359.95146000002103,-781.884809999979,781.884809999979,68.47608808222382,10.0,True,0.0,1.6602431419787638,20.156069403284256,0.0,0.0,1.0,1.0,1.0,0.0,0.5,0.0,0.5,0.3333333333333333,1.0,0.5,1.0,abstain,0.8508771824529785,1.0
G06_R0661,661,G06,500,6,1e-06,0.85,0.1,0.3,4.0,704.06335,ExtraTrees,combined_G06_Re500,combined_shift,DelP_Pa,280.45062699999613,-423.6127230000039,423.6127230000039,60.16684762812947,10.0,True,0.0,1.7560624826774345,21.968103914077233,0.0,0.0,1.0,1.0,1.0,0.0,0.5,0.0,0.5,0.3333333333333333,1.0,0.5,1.0,abstain,0.8508771824529785,1.0
G06_R0662,662,G06,500,6,1e-06,0.85,0.2,0.3,4.0,2016.1317,ExtraTrees,combined_G06_Re500,combined_shift,DelP_Pa,866.4076800000164,-1149.7240199999835,1149.7240199999835,57.0262359348838,10.0,True,0.0,1.700097029545655,20.454080716590497,0.0,0.0,1.0,1.0,1.0,0.0,0.5,0.0,0.5,0.3333333333333333,1.0,0.5,1.0,abstain,0.8508771824529785,1.0
G06_R0663,663,G06,500,6,1e-06,0.85,0.3,0.3,4.0,4178.01409,ExtraTrees,combined_G06_Re500,combined_shift,DelP_Pa,1826.2476000000672,-2351.7664899999327,2351.7664899999327,56.28909906332875,10.0,True,0.0,1.6824467767746618,21.933114947215245,0.0,0.0,1.0,1.0,1.0,0.0,0.5,0.0,0.5,0.3333333333333333,1.0,0.5,1.0,abstain,0.8508771824529785,1.0
G06_R0664,664,G06,500,6,1e-06,0.8,0.1,0.3,4.0,708.42279,ExtraTrees,combined_G06_Re500,combined_shift,DelP_Pa,281.5011216094812,-426.9216683905188,426.9216683905188,60.263683554070695,10.0,True,4.94241448480272e-06,1.6910860299700325,20.369815107860955,0.0,0.10891612867556094,1.0,1.0,1.0,0.0,0.5544580643377804,0.05445806433778047,0.5,0.3696387095585203,1.0,0.5272290321688903,1.0,abstain,0.8508771824529785,1.0
G06_R0665,665,G06,500,6,1e-06,0.8,0.2,0.3,4.0,2030.03106,ExtraTrees,combined_G06_Re500,combined_shift,DelP_Pa,870.407390000017,-1159.6236699999831,1159.6236699999831,57.123444702367415,10.0,True,1.3061336453222646e-16,1.6602431419787638,18.842480309028005,0.0,2.878330431792541e-12,1.0,1.0,1.0,0.0,0.5000000000014392,1.4391652158962706e-12,0.5,0.33333333333429277,1.0,0.5000000000007195,1.0,abstain,0.8508771824529785,1.0
G06_R0666,666,G06,500,6,1e-06,0.8,0.3,0.3,4.0,4206.213565999999,ExtraTrees,combined_G06_Re500,combined_shift,DelP_Pa,1834.2472700001695,-2371.96629599983,2371.96629599983,56.39196057882312,10.0,True,0.0,1.779211716701586,20.30820293830654,0.0,0.0,1.0,1.0,1.0,0.0,0.5,0.0,0.5,0.3333333333333333,1.0,0.5,1.0,abstain,0.8508771824529785,1.0
G06_R0667,667,G06,500,6,1e-06,0.75,0.1,0.3,4.0,713.28219,ExtraTrees,combined_G06_Re500,combined_shift,DelP_Pa,283.07015600000136,-430.21203399999865,430.21203399999865,60.31442254292073,10.0,True,0.0,1.6602431419787638,20.400045348980665,0.0,0.0,1.0,1.0,1.0,0.0,0.5,0.0,0.5,0.3333333333333333,1.0,0.5,1.0,abstain,0.8508771824529785,1.0
G06_R0668,668,G06,500,6,1e-06,0.75,0.2,0.3,4.0,2045.93037,ExtraTrees,combined_G06_Re500,combined_shift,DelP_Pa,875.1638978681256,-1170.7664721318745,1170.7664721318745,57.22416018155469,10.0,True,1.0484116647666408e-05,1.7132896647659304,18.85939894880149,0.0,0.23103877696983652,1.0,1.0,1.0,0.0,0.6155193884849183,0.11551938848491826,0.5,0.41034625898994553,1.0,0.5577596942424591,1.0,abstain,0.8508771824529785,1.0
G06_R0669,669,G06,500,6,1e-06,0.75,0.3,0.3,4.0,4239.013017,ExtraTrees,combined_G06_Re500,combined_shift,DelP_Pa,1843.7469199998898,-2395.2660970001107,2395.2660970001107,56.50527817192854,10.0,True,0.0,1.6602431419787638,20.311809976733798,0.0,0.0,1.0,1.0,1.0,0.0,0.5,0.0,0.5,0.3333333333333333,1.0,0.5,1.0,abstain,0.8508771824529785,1.0
G06_R0670,670,G06,500,6,1e-06,0.7,0.1,0.3,4.0,718.74155,ExtraTrees,combined_G06_Re500,combined_shift,DelP_Pa,284.77988999998144,-433.9616600000185,433.9616600000185,60.37798426986982,10.0,True,0.0,1.6910860299700325,22.058794637436336,0.0,0.0,1.0,1.0,1.0,0.0,0.5,0.0,0.5,0.3333333333333333,1.0,0.5,1.0,abstain,0.8508771824529785,1.0
G06_R0671,671,G06,500,6,1e-06,0.7,0.2,0.3,4.0,2064.6296300000004,ExtraTrees,combined_G06_Re500,combined_shift,DelP_Pa,880.9167499999346,-1183.7128800000658,1183.7128800000658,57.3329406301345,10.0,True,0.0,1.7489855960942227,20.504836635910948,0.0,0.0,1.0,1.0,1.0,0.0,0.5,0.0,0.5,0.3333333333333333,1.0,0.5,1.0,abstain,0.8508771824529785,1.0
G06_R0672,672,G06,500,6,1e-06,0.7,0.3,0.3,4.0,4277.312447,ExtraTrees,combined_G06_Re500,combined_shift,DelP_Pa,1854.8465399999102,-2422.46590700009,2422.46590700009,56.63523385342464,10.0,True,0.0,1.6602431419787638,21.943936062497034,0.0,0.0,1.0,1.0,1.0,0.0,0.5,0.0,0.5,0.3333333333333333,1.0,0.5,1.0,abstain,0.8508771824529785,1.0
G06_R0673,673,G06,500,20,0.001,0.85,0.1,0.3,4.0,201.475135,ExtraTrees,combined_G06_Re500,combined_shift,DelP_Pa,55.44657000000167,-146.0285649999983,146.0285649999983,72.47969581953541,10.0,True,1.2814908762797748e-16,1.726070468233241,21.445947554526487,0.0,2.8240250915138802e-12,1.0,1.0,1.0,0.0,0.500000000001412,1.4120125457569401e-12,0.5,0.3333333333342747,1.0,0.500000000000706,1.0,abstain,0.8508771824529785,1.0
G06_R0674,674,G06,500,20,0.001,0.85,0.2,0.3,4.0,300.34013000000004,ExtraTrees,combined_G06_Re500,combined_shift,DelP_Pa,81.62595700000156,-218.71417299999848,218.71417299999848,72.8221609946025,10.0,True,0.0,1.6847554845271255,19.905172210089592,0.0,0.0,1.0,1.0,1.0,0.0,0.5,0.0,0.5,0.3333333333333333,1.0,0.5,1.0,abstain,0.8508771824529785,1.0
G06_R0675,675,G06,500,20,0.001,0.85,0.3,0.3,4.0,468.33554,ExtraTrees,combined_G06_Re500,combined_shift,DelP_Pa,123.02614200000366,-345.30939799999635,345.30939799999635,73.73119665443207,10.0,True,1.1551085390616882e-16,1.760204032949374,21.35745429376418,0.0,2.5455159752693995e-12,1.0,1.0,1.0,0.0,0.5000000000012728,1.2727579876346997e-12,0.5,0.33333333333418186,1.0,0.5000000000006364,1.0,abstain,0.8508771824529785,1.0
G06_R0676,676,G06,500,20,0.001,0.8,0.1,0.3,4.0,202.95989,ExtraTrees,combined_G06_Re500,combined_shift,DelP_Pa,55.781193999999644,-147.17869600000034,147.17869600000034,72.51614888045138,10.0,True,0.0,1.6847554845271255,19.836315369991247,0.0,0.0,1.0,1.0,1.0,0.0,0.5,0.0,0.5,0.3333333333333333,1.0,0.5,1.0,abstain,0.8508771824529785,1.0
G06_R0677,677,G06,500,20,0.001,0.8,0.2,0.3,4.0,303.21632,ExtraTrees,combined_G06_Re500,combined_shift,DelP_Pa,82.27782900000162,-220.93849099999838,220.93849099999838,72.86497342887031,10.0,True,0.0,1.6847554845271255,18.282228424208142,0.0,0.0,1.0,1.0,1.0,0.0,0.5,0.0,0.5,0.3333333333333333,1.0,0.5,1.0,abstain,0.8508771824529785,1.0
G06_R0678,678,G06,500,20,0.001,0.8,0.3,0.3,4.0,473.7943800000001,ExtraTrees,combined_G06_Re500,combined_shift,DelP_Pa,124.26426399999175,-349.5301160000083,349.5301160000083,73.77253313979965,10.0,True,0.0,1.744599443862277,19.721198906536504,0.0,0.0,1.0,1.0,1.0,0.0,0.5,0.0,0.5,0.3333333333333333,1.0,0.5,1.0,abstain,0.8508771824529785,1.0
G06_R0679,679,G06,500,20,0.001,0.75,0.1,0.3,4.0,204.524398,ExtraTrees,combined_G06_Re500,combined_shift,DelP_Pa,56.13963499999845,-148.38476300000156,148.38476300000156,72.55113055020534,10.0,True,0.0,1.6847554845271258,19.855202232791978,0.0,0.0,1.0,1.0,1.0,0.0,0.5,0.0,0.5,0.3333333333333333,1.0,0.5,1.0,abstain,0.8508771824529785,1.0
G06_R0680,680,G06,500,20,0.001,0.75,0.2,0.3,4.0,306.31202,ExtraTrees,combined_G06_Re500,combined_shift,DelP_Pa,82.97758300000189,-223.33443699999813,223.33443699999813,72.91076497748868,10.0,True,0.0,1.7555846418030232,18.28780368566265,0.0,0.0,1.0,1.0,1.0,0.0,0.5,0.0,0.5,0.3333333333333333,1.0,0.5,1.0,abstain,0.8508771824529785,1.0
G06_R0681,681,G06,500,20,0.001,0.75,0.3,0.3,4.0,479.65333,ExtraTrees,combined_G06_Re500,combined_shift,DelP_Pa,125.59229799999846,-354.06103200000155,354.06103200000155,73.81602708773055,10.0,True,1.1315068631996987e-16,1.6847554845271258,19.7134625666448,0.0,2.493504894995829e-12,1.0,1.0,1.0,0.0,0.5000000000012468,1.2467524474979145e-12,0.5,0.33333333333416454,1.0,0.5000000000006234,1.0,abstain,0.8508771824529785,1.0
G06_R0682,682,G06,500,20,0.001,0.7,0.1,0.3,4.0,206.208635,ExtraTrees,combined_G06_Re500,combined_shift,DelP_Pa,56.52488400000209,-149.6837509999979,149.6837509999979,72.58849805198406,10.0,True,0.0,1.7640779502041848,21.502608142928693,0.0,0.0,1.0,1.0,1.0,0.0,0.5,0.0,0.5,0.3333333333333333,1.0,0.5,1.0,abstain,0.8508771824529785,1.0
G06_R0683,683,G06,500,20,0.001,0.7,0.2,0.3,4.0,309.65751,ExtraTrees,combined_G06_Re500,combined_shift,DelP_Pa,83.73416700000277,-225.92334299999723,225.92334299999723,72.95910343010806,10.0,True,0.0,1.7416750573203383,19.92189799445314,0.0,0.0,1.0,1.0,1.0,0.0,0.5,0.0,0.5,0.3333333333333333,1.0,0.5,1.0,abstain,0.8508771824529785,1.0
G06_R0684,684,G06,500,20,0.001,0.7,0.3,0.3,4.0,485.9724,ExtraTrees,combined_G06_Re500,combined_shift,DelP_Pa,127.04023699999702,-358.93216300000296,358.93216300000296,73.85854896286352,10.0,True,1.1186105324411774e-16,1.6957108773137093,21.33424527408907,0.0,2.465085214196966e-12,1.0,1.0,1.0,0.0,0.5000000000012326,1.232542607098483e-12,0.5,0.33333333333415505,1.0,0.5000000000006163,1.0,abstain,0.8508771824529785,1.0
G06_R0685,685,G06,500,20,0.0001,0.85,0.1,0.3,4.0,243.081525,ExtraTrees,combined_G06_Re500,combined_shift,DelP_Pa,68.24374400000043,-174.83778099999955,174.83778099999955,71.9255735292921,10.0,True,0.0,1.715115075446657,19.966755527801826,0.0,0.0,1.0,1.0,1.0,0.0,0.5,0.0,0.5,0.3333333333333333,1.0,0.5,1.0,abstain,0.8508771824529785,1.0
G06_R0686,686,G06,500,20,0.0001,0.85,0.2,0.3,4.0,394.36314,ExtraTrees,combined_G06_Re500,combined_shift,DelP_Pa,108.01529636519497,-286.34784363480503,286.34784363480503,72.61019466342748,10.0,True,4.8672023341006405e-05,1.7314398757299987,18.431877142468235,0.0,1.0,1.0,1.0,1.0,0.0,1.0,0.5,0.5,0.6666666666666666,1.0,0.75,1.0,abstain,0.8508771824529785,1.0
G06_R0687,687,G06,500,20,0.0001,0.85,0.3,0.3,4.0,669.83808,ExtraTrees,combined_G06_Re500,combined_shift,DelP_Pa,173.60053499999538,-496.2375450000046,496.2375450000046,74.08320903463783,10.0,True,0.0,1.6847554845271255,19.890056185246134,0.0,0.0,1.0,1.0,1.0,0.0,0.5,0.0,0.5,0.3333333333333333,1.0,0.5,1.0,abstain,0.8508771824529785,1.0
G06_R0688,688,G06,500,20,0.0001,0.8,0.1,0.3,4.0,243.958356,ExtraTrees,combined_G06_Re500,combined_shift,DelP_Pa,68.4632126949014,-175.49514330509862,175.49514330509862,71.93651661806517,10.0,True,5.6833973992387146e-11,1.6842721874553885,18.363879258138546,0.0,1.2524519025128677e-06,1.0,1.0,1.0,0.0,0.5000006262259512,6.262259512564339e-07,0.5,0.3333337508173008,1.0,0.5000003131129757,1.0,abstain,0.8508771824529785,1.0
G06_R0689,689,G06,500,20,0.0001,0.8,0.2,0.3,4.0,396.64047,ExtraTrees,combined_G06_Re500,combined_shift,DelP_Pa,108.01529636519497,-288.62517363480504,288.62517363480504,72.76745452495179,10.0,True,4.8672023341006405e-05,1.6842721874553885,16.815689271458744,0.0,1.0,1.0,1.0,1.0,0.0,1.0,0.5,0.5,0.6666666666666666,1.0,0.75,1.0,abstain,0.8508771824529785,1.0
G06_R0690,690,G06,500,20,0.0001,0.8,0.3,0.3,4.0,674.85418,ExtraTrees,combined_G06_Re500,combined_shift,DelP_Pa,174.7320930000044,-500.12208699999564,500.12208699999564,74.10817059768314,10.0,True,0.0,1.6847554845271255,18.260556712890416,0.0,0.0,1.0,1.0,1.0,0.0,0.5,0.0,0.5,0.3333333333333333,1.0,0.5,1.0,abstain,0.8508771824529785,1.0
G06_R0691,691,G06,500,20,0.0001,0.75,0.1,0.3,4.0,244.904882,ExtraTrees,combined_G06_Re500,combined_shift,DelP_Pa,68.70152999999851,-176.20335200000147,176.20335200000147,71.94766823799024,10.0,True,0.0,1.6842721874553885,18.389522035811233,0.0,0.0,1.0,1.0,1.0,0.0,0.5,0.0,0.5,0.3333333333333333,1.0,0.5,1.0,abstain,0.8508771824529785,1.0
G06_R0692,692,G06,500,20,0.0001,0.75,0.2,0.3,4.0,399.17841,ExtraTrees,combined_G06_Re500,combined_shift,DelP_Pa,108.64524332536038,-290.5331666746396,290.5331666746396,72.78278569089936,10.0,True,8.412797734216384e-05,1.6852387815988632,16.82802044778521,0.0,1.0,1.0,1.0,1.0,0.0,1.0,0.5,0.5,0.6666666666666666,1.0,0.75,1.0,abstain,0.8508771824529785,1.0
G06_R0693,693,G06,500,20,0.0001,0.75,0.3,0.3,4.0,680.44429,ExtraTrees,combined_G06_Re500,combined_shift,DelP_Pa,175.99384400000042,-504.4504459999996,504.4504459999996,74.13545141219416,10.0,True,0.0,1.7151150754466573,18.259576287870676,0.0,0.0,1.0,1.0,1.0,0.0,0.5,0.0,0.5,0.3333333333333333,1.0,0.5,1.0,abstain,0.8508771824529785,1.0
G06_R0694,694,G06,500,20,0.0001,0.7,0.1,0.3,4.0,245.941056,ExtraTrees,combined_G06_Re500,combined_shift,DelP_Pa,68.96267200000145,-176.97838399999856,176.97838399999856,71.95967476044282,10.0,True,0.0,1.7336440510756934,20.043683860819907,0.0,0.0,1.0,1.0,1.0,0.0,0.5,0.0,0.5,0.3333333333333333,1.0,0.5,1.0,abstain,0.8508771824529785,1.0
G06_R0695,695,G06,500,20,0.0001,0.7,0.2,0.3,4.0,402.03711,ExtraTrees,combined_G06_Re500,combined_shift,DelP_Pa,109.34765362113815,-292.68945637886185,292.68945637886185,72.80160191651508,10.0,True,9.368595850280986e-05,1.6842721874553885,18.468870671447657,0.0,1.0,1.0,1.0,1.0,0.0,1.0,0.5,0.5,0.6666666666666666,1.0,0.75,1.0,abstain,0.8508771824529785,1.0
G06_R0696,696,G06,500,20,0.0001,0.7,0.3,0.3,4.0,686.7296,ExtraTrees,combined_G06_Re500,combined_shift,DelP_Pa,177.42580999999117,-509.3037900000088,509.3037900000088,74.16365771913848,10.0,True,0.0,1.7499688513590346,19.8871149101869,0.0,0.0,1.0,1.0,1.0,0.0,0.5,0.0,0.5,0.3333333333333333,1.0,0.5,1.0,abstain,0.8508771824529785,1.0
G06_R0697,697,G06,500,20,1e-05,0.85,0.1,0.3,4.0,313.4253,ExtraTrees,combined_G06_Re500,combined_shift,DelP_Pa,95.4513552446535,-217.9739447553465,217.9739447553465,69.54574016690627,10.0,True,2.5513138338806776e-08,1.6842721874553885,20.098509527677336,0.0,0.0005622337557425201,1.0,1.0,1.0,0.0,0.5002811168778712,0.00028111687787126004,0.5,0.3335207445852475,1.0,0.5001405584389357,1.0,abstain,0.8508771824529785,1.0
G06_R0698,698,G06,500,20,1e-05,0.85,0.2,0.3,4.0,603.35526,ExtraTrees,combined_G06_Re500,combined_shift,DelP_Pa,192.29868000000803,-411.056579999992,411.056579999992,68.12844890089993,10.0,True,0.0,1.6842721874553885,18.569528101447062,0.0,0.0,1.0,1.0,1.0,0.0,0.5,0.0,0.5,0.3333333333333333,1.0,0.5,1.0,abstain,0.8508771824529785,1.0
G06_R0699,699,G06,500,20,1e-05,0.85,0.3,0.3,4.0,1108.80373,ExtraTrees,combined_G06_Re500,combined_shift,DelP_Pa,350.7737399999799,-758.0299900000202,758.0299900000202,68.36466810947869,10.0,True,0.0,1.6901248920238836,20.03360410332826,0.0,0.0,1.0,1.0,1.0,0.0,0.5,0.0,0.5,0.3333333333333333,1.0,0.5,1.0,abstain,0.8508771824529785,1.0
G06_R0700,700,G06,500,20,1e-05,0.8,0.1,0.3,4.0,314.79423,ExtraTrees,combined_G06_Re500,combined_shift,DelP_Pa,95.85677133218637,-218.93745866781364,218.93745866781364,69.54938744201684,10.0,True,0.0,1.6842721874553885,18.50238917288602,0.0,0.0,1.0,1.0,1.0,0.0,0.5,0.0,0.5,0.3333333333333333,1.0,0.5,1.0,abstain,0.8508771824529785,1.0
G06_R0701,701,G06,500,20,1e-05,0.8,0.2,0.3,4.0,607.89531,ExtraTrees,combined_G06_Re500,combined_shift,DelP_Pa,193.5843819412576,-414.31092805874243,414.31092805874243,68.1549801821538,10.0,True,2.6014026047597057e-07,1.6847554845271255,16.96009614530952,0.0,0.005732718324376977,1.0,1.0,1.0,0.0,0.5028663591621885,0.0028663591621884885,0.5,0.335244239441459,1.0,0.5014331795810942,1.0,abstain,0.8508771824529785,1.0
G06_R0702,702,G06,500,20,1e-05,0.8,0.3,0.3,4.0,1118.3127100000002,ExtraTrees,combined_G06_Re500,combined_shift,DelP_Pa,353.3930199999845,-764.9196900000156,764.9196900000156,68.39944526786391,10.0,True,0.0,1.7209677800151522,18.410860545844503,0.0,0.0,1.0,1.0,1.0,0.0,0.5,0.0,0.5,0.3333333333333333,1.0,0.5,1.0,abstain,0.8508771824529785,1.0
G06_R0703,703,G06,500,20,1e-05,0.75,0.1,0.3,4.0,316.34308000000004,ExtraTrees,combined_G06_Re500,combined_shift,DelP_Pa,96.31941699550791,-220.02366300449214,220.02366300449214,69.55222886635993,10.0,True,7.252612409345071e-08,1.6842721874553885,18.53478786543068,0.0,0.001598260260929387,1.0,1.0,1.0,0.0,0.5007991301304647,0.0007991301304646935,0.5,0.33386608675364315,1.0,0.5003995650652323,1.0,abstain,0.8508771824529785,1.0
G06_R0704,704,G06,500,20,1e-05,0.75,0.2,0.3,4.0,613.0855200000001,ExtraTrees,combined_G06_Re500,combined_shift,DelP_Pa,195.06042327666242,-418.0250967233377,418.0250967233377,68.18381499588143,10.0,True,0.0,1.7336440510756934,16.979183236507957,0.0,0.0,1.0,1.0,1.0,0.0,0.5,0.0,0.5,0.3333333333333333,1.0,0.5,1.0,abstain,0.8508771824529785,1.0
G06_R0705,705,G06,500,20,1e-05,0.75,0.3,0.3,4.0,1129.22349,ExtraTrees,combined_G06_Re500,combined_shift,DelP_Pa,356.422260000016,-772.8012299999841,772.8012299999841,68.43651738062799,10.0,True,0.0,1.7209677800151524,18.41663603569672,0.0,0.0,1.0,1.0,1.0,0.0,0.5,0.0,0.5,0.3333333333333333,1.0,0.5,1.0,abstain,0.8508771824529785,1.0
G06_R0706,706,G06,500,20,1e-05,0.7,0.1,0.3,4.0,318.13183,ExtraTrees,combined_G06_Re500,combined_shift,DelP_Pa,96.8540319897783,-221.27779801022166,221.27779801022166,69.55537835061071,10.0,True,0.0,1.6957108773137093,20.195705605311307,0.0,0.0,1.0,1.0,1.0,0.0,0.5,0.0,0.5,0.3333333333333333,1.0,0.5,1.0,abstain,0.8508771824529785,1.0
G06_R0707,707,G06,500,20,1e-05,0.7,0.2,0.3,4.0,619.04597,ExtraTrees,combined_G06_Re500,combined_shift,DelP_Pa,196.79285661048968,-422.2531133895103,422.2531133895103,68.21030001851241,10.0,True,0.0,1.6842721874553885,18.626789375042375,0.0,0.0,1.0,1.0,1.0,0.0,0.5,0.0,0.5,0.3333333333333333,1.0,0.5,1.0,abstain,0.8508771824529785,1.0
G06_R0708,708,G06,500,20,1e-05,0.7,0.3,0.3,4.0,1141.93651,ExtraTrees,combined_G06_Re500,combined_shift,DelP_Pa,359.95146000002103,-781.985049999979,781.985049999979,68.47885527365956,10.0,True,0.0,1.6847554845271258,20.05093057288491,0.0,0.0,1.0,1.0,1.0,0.0,0.5,0.0,0.5,0.3333333333333333,1.0,0.5,1.0,abstain,0.8508771824529785,1.0
G06_R0709,709,G06,500,20,1e-06,0.85,0.1,0.3,4.0,704.08335,ExtraTrees,combined_G06_Re500,combined_shift,DelP_Pa,280.45062699999613,-423.63272300000386,423.63272300000386,60.16797911781381,10.0,True,0.0,1.7010802848104674,21.841209554153032,0.0,0.0,1.0,1.0,1.0,0.0,0.5,0.0,0.5,0.3333333333333333,1.0,0.5,1.0,abstain,0.8508771824529785,1.0
G06_R0710,710,G06,500,20,1e-06,0.85,0.2,0.3,4.0,2016.1317,ExtraTrees,combined_G06_Re500,combined_shift,DelP_Pa,866.4076800000164,-1149.7240199999835,1149.7240199999835,57.0262359348838,10.0,True,0.0,1.7416750573203383,20.318125087026065,0.0,0.0,1.0,1.0,1.0,0.0,0.5,0.0,0.5,0.3333333333333333,1.0,0.5,1.0,abstain,0.8508771824529785,1.0
G06_R0711,711,G06,500,20,1e-06,0.85,0.3,0.3,4.0,4178.114287,ExtraTrees,combined_G06_Re500,combined_shift,DelP_Pa,1826.2476000000672,-2351.8666869999333,2351.8666869999333,56.290147311615016,10.0,True,0.0,1.6847554845271255,21.788098048010568,0.0,0.0,1.0,1.0,1.0,0.0,0.5,0.0,0.5,0.3333333333333333,1.0,0.5,1.0,abstain,0.8508771824529785,1.0
G06_R0712,712,G06,500,20,1e-06,0.8,0.1,0.3,4.0,708.43279,ExtraTrees,combined_G06_Re500,combined_shift,DelP_Pa,281.56969219106634,-426.8630978089336,426.8630978089336,60.25456526496093,10.0,True,2.4842429849779202e-06,1.7155983725183943,20.251845114233678,0.0,0.054745333367971244,1.0,1.0,1.0,0.0,0.5273726666839856,0.027372666683985622,0.5,0.35158177778932376,1.0,0.5136863333419928,1.0,abstain,0.8508771824529785,1.0
G06_R0713,713,G06,500,20,1e-06,0.8,0.2,0.3,4.0,2030.03106,ExtraTrees,combined_G06_Re500,combined_shift,DelP_Pa,870.407390000017,-1159.6236699999831,1159.6236699999831,57.123444702367415,10.0,True,1.3061336453222646e-16,1.7341273481474304,18.715449045760487,0.0,2.878330431792541e-12,1.0,1.0,1.0,0.0,0.5000000000014392,1.4391652158962706e-12,0.5,0.33333333333429277,1.0,0.5000000000007195,1.0,abstain,0.8508771824529785,1.0
G06_R0714,714,G06,500,20,1e-06,0.8,0.3,0.3,4.0,4206.313764,ExtraTrees,combined_G06_Re500,combined_shift,DelP_Pa,1834.2472700001695,-2372.066493999831,2372.066493999831,56.39299935970803,10.0,True,0.0,1.6906081890956208,20.17211040539877,0.0,0.0,1.0,1.0,1.0,0.0,0.5,0.0,0.5,0.3333333333333333,1.0,0.5,1.0,abstain,0.8508771824529785,1.0
G06_R0715,715,G06,500,20,1e-06,0.75,0.1,0.3,4.0,713.30219,ExtraTrees,combined_G06_Re500,combined_shift,DelP_Pa,283.07015600000136,-430.23203399999863,430.23203399999863,60.31553527124298,10.0,True,0.0,1.726070468233241,20.29099972165029,0.0,0.0,1.0,1.0,1.0,0.0,0.5,0.0,0.5,0.3333333333333333,1.0,0.5,1.0,abstain,0.8508771824529785,1.0
G06_R0716,716,G06,500,20,1e-06,0.75,0.2,0.3,4.0,2045.93037,ExtraTrees,combined_G06_Re500,combined_shift,DelP_Pa,874.8069985674099,-1171.1233714325901,1171.1233714325901,57.24160453381364,10.0,True,1.862106888821884e-05,1.7421583543920753,18.74129205183088,0.0,0.41035302509370214,1.0,1.0,1.0,0.0,0.7051765125468511,0.20517651254685107,0.5,0.4701176750312341,1.0,0.6025882562734255,1.0,abstain,0.8508771824529785,1.0
G06_R0717,717,G06,500,20,1e-06,0.75,0.3,0.3,4.0,4239.013215,ExtraTrees,combined_G06_Re500,combined_shift,DelP_Pa,1843.7469199998898,-2395.2662950001104,2395.2662950001104,56.5052802035228,10.0,True,0.0,1.6847554845271258,20.184641810122947,0.0,0.0,1.0,1.0,1.0,0.0,0.5,0.0,0.5,0.3333333333333333,1.0,0.5,1.0,abstain,0.8508771824529785,1.0
G06_R0718,718,G06,500,20,1e-06,0.7,0.1,0.3,4.0,718.76155,ExtraTrees,combined_G06_Re500,combined_shift,DelP_Pa,284.77988999998144,-433.9816600000186,433.9816600000186,60.379086777808105,10.0,True,0.0,1.791046920940643,21.95867337640289,0.0,0.0,1.0,1.0,1.0,0.0,0.5,0.0,0.5,0.3333333333333333,1.0,0.5,1.0,abstain,0.8508771824529785,1.0
G06_R0719,719,G06,500,20,1e-06,0.7,0.2,0.3,4.0,2064.6296300000004,ExtraTrees,combined_G06_Re500,combined_shift,DelP_Pa,880.9167499999346,-1183.7128800000658,1183.7128800000658,57.3329406301345,10.0,True,0.0,1.6847554845271258,20.39565410523725,0.0,0.0,1.0,1.0,1.0,0.0,0.5,0.0,0.5,0.3333333333333333,1.0,0.5,1.0,abstain,0.8508771824529785,1.0
G06_R0720,720,G06,500,20,1e-06,0.7,0.3,0.3,4.0,4277.312647,ExtraTrees,combined_G06_Re500,combined_shift,DelP_Pa,1854.8465399999102,-2422.4661070000893,2422.4661070000893,56.63523588108871,10.0,True,0.0,1.6847554845271258,21.825692262183104,0.0,0.0,1.0,1.0,1.0,0.0,0.5,0.0,0.5,0.3333333333333333,1.0,0.5,1.0,abstain,0.8508771824529785,1.0
G06_R0721,721,G06,500,50,0.001,0.85,0.1,0.3,4.0,201.485143,ExtraTrees,combined_G06_Re500,combined_shift,DelP_Pa,55.44657000000167,-146.03857299999834,146.03857299999834,72.48106278486168,10.0,True,1.2814908762797748e-16,1.6847554845271255,23.024193354592633,0.0,2.8240250915138802e-12,1.0,1.0,1.0,0.0,0.500000000001412,1.4120125457569401e-12,0.5,0.3333333333342747,1.0,0.500000000000706,1.0,abstain,0.8508771824529785,1.0
G06_R0722,722,G06,500,50,0.001,0.85,0.2,0.3,4.0,300.34013000000004,ExtraTrees,combined_G06_Re500,combined_shift,DelP_Pa,81.62595700000156,-218.71417299999848,218.71417299999848,72.8221609946025,10.0,True,0.0,1.6957108773137093,21.476521876488498,0.0,0.0,1.0,1.0,1.0,0.0,0.5,0.0,0.5,0.3333333333333333,1.0,0.5,1.0,abstain,0.8508771824529785,1.0
G06_R0723,723,G06,500,50,0.001,0.85,0.3,0.3,4.0,468.33554,ExtraTrees,combined_G06_Re500,combined_shift,DelP_Pa,123.02614200000366,-345.30939799999635,345.30939799999635,73.73119665443207,10.0,True,1.1551085390616882e-16,1.7010802848104674,22.921907826495836,0.0,2.5455159752693995e-12,1.0,1.0,1.0,0.0,0.5000000000012728,1.2727579876346997e-12,0.5,0.33333333333418186,1.0,0.5000000000006364,1.0,abstain,0.8508771824529785,1.0
G06_R0724,724,G06,500,50,0.001,0.8,0.1,0.3,4.0,202.959901,ExtraTrees,combined_G06_Re500,combined_shift,DelP_Pa,55.781193999999644,-147.17870700000037,147.17870700000037,72.51615037001835,10.0,True,0.0,1.6847554845271255,21.42135311261319,0.0,0.0,1.0,1.0,1.0,0.0,0.5,0.0,0.5,0.3333333333333333,1.0,0.5,1.0,abstain,0.8508771824529785,1.0
G06_R0725,725,G06,500,50,0.001,0.8,0.2,0.3,4.0,303.21631,ExtraTrees,combined_G06_Re500,combined_shift,DelP_Pa,82.27782900000162,-220.9384809999984,220.9384809999984,72.86497253396375,10.0,True,0.0,1.6847554845271255,19.860370033162827,0.0,0.0,1.0,1.0,1.0,0.0,0.5,0.0,0.5,0.3333333333333333,1.0,0.5,1.0,abstain,0.8508771824529785,1.0
G06_R0726,726,G06,500,50,0.001,0.8,0.3,0.3,4.0,473.7943800000001,ExtraTrees,combined_G06_Re500,combined_shift,DelP_Pa,124.26426399999175,-349.5301160000083,349.5301160000083,73.77253313979965,10.0,True,0.0,1.6906081890956208,21.29244438182395,0.0,0.0,1.0,1.0,1.0,0.0,0.5,0.0,0.5,0.3333333333333333,1.0,0.5,1.0,abstain,0.8508771824529785,1.0
G06_R0727,727,G06,500,50,0.001,0.75,0.1,0.3,4.0,204.534408,ExtraTrees,combined_G06_Re500,combined_shift,DelP_Pa,56.13963499999845,-148.39477300000158,148.39477300000158,72.55247390942729,10.0,True,0.0,1.6847554845271258,21.447031917969706,0.0,0.0,1.0,1.0,1.0,0.0,0.5,0.0,0.5,0.3333333333333333,1.0,0.5,1.0,abstain,0.8508771824529785,1.0
G06_R0728,728,G06,500,50,0.001,0.75,0.2,0.3,4.0,306.32201000000003,ExtraTrees,combined_G06_Re500,combined_shift,DelP_Pa,82.97758300000189,-223.34442699999815,223.34442699999815,72.91164843166122,10.0,True,0.0,1.796899625509138,19.872737237173126,0.0,0.0,1.0,1.0,1.0,0.0,0.5,0.0,0.5,0.3333333333333333,1.0,0.5,1.0,abstain,0.8508771824529785,1.0
G06_R0729,729,G06,500,50,0.001,0.75,0.3,0.3,4.0,479.65333,ExtraTrees,combined_G06_Re500,combined_shift,DelP_Pa,125.59229799999846,-354.06103200000155,354.06103200000155,73.81602708773055,10.0,True,1.1315068631996987e-16,1.6847554845271258,21.29149998448803,0.0,2.493504894995829e-12,1.0,1.0,1.0,0.0,0.5000000000012468,1.2467524474979145e-12,0.5,0.33333333333416454,1.0,0.5000000000006234,1.0,abstain,0.8508771824529785,1.0
G06_R0730,730,G06,500,50,0.001,0.7,0.1,0.3,4.0,206.208645,ExtraTrees,combined_G06_Re500,combined_shift,DelP_Pa,56.52488400000209,-149.6837609999979,149.6837609999979,72.58849938129312,10.0,True,0.0,1.7497319372345277,23.1012297706622,0.0,0.0,1.0,1.0,1.0,0.0,0.5,0.0,0.5,0.3333333333333333,1.0,0.5,1.0,abstain,0.8508771824529785,1.0
G06_R0731,731,G06,500,50,0.001,0.7,0.2,0.3,4.0,309.6675,ExtraTrees,combined_G06_Re500,combined_shift,DelP_Pa,83.73416700000277,-225.93333299999725,225.93333299999725,72.95997578047333,10.0,True,0.0,1.7003600736142233,21.513623488519407,0.0,0.0,1.0,1.0,1.0,0.0,0.5,0.0,0.5,0.3333333333333333,1.0,0.5,1.0,abstain,0.8508771824529785,1.0
G06_R0732,732,G06,500,50,0.001,0.7,0.3,0.3,4.0,485.9724,ExtraTrees,combined_G06_Re500,combined_shift,DelP_Pa,127.04023699999702,-358.93216300000296,358.93216300000296,73.85854896286352,10.0,True,1.1186105324411774e-16,1.6957108773137093,22.919074634488084,0.0,2.465085214196966e-12,1.0,1.0,1.0,0.0,0.5000000000012326,1.232542607098483e-12,0.5,0.33333333333415505,1.0,0.5000000000006163,1.0,abstain,0.8508771824529785,1.0
G06_R0733,733,G06,500,50,0.0001,0.85,0.1,0.3,4.0,243.081525,ExtraTrees,combined_G06_Re500,combined_shift,DelP_Pa,68.24374400000043,-174.83778099999955,174.83778099999955,71.9255735292921,10.0,True,0.0,1.6842721874553885,21.535027711826917,0.0,0.0,1.0,1.0,1.0,0.0,0.5,0.0,0.5,0.3333333333333333,1.0,0.5,1.0,abstain,0.8508771824529785,1.0
G06_R0734,734,G06,500,50,0.0001,0.85,0.2,0.3,4.0,394.37313,ExtraTrees,combined_G06_Re500,combined_shift,DelP_Pa,108.24937484881062,-286.12375515118936,286.12375515118936,72.55153391185382,10.0,True,0.0001200745298470415,1.733644051075693,19.993253192826074,0.0,1.0,1.0,1.0,1.0,0.0,1.0,0.5,0.5,0.6666666666666666,1.0,0.75,1.0,abstain,0.8508771824529785,1.0
G06_R0735,735,G06,500,50,0.0001,0.85,0.3,0.3,4.0,669.83808,ExtraTrees,combined_G06_Re500,combined_shift,DelP_Pa,173.60053499999538,-496.2375450000046,496.2375450000046,74.08320903463783,10.0,True,0.0,1.6847554845271255,21.444536101936734,0.0,0.0,1.0,1.0,1.0,0.0,0.5,0.0,0.5,0.3333333333333333,1.0,0.5,1.0,abstain,0.8508771824529785,1.0
G06_R0736,736,G06,500,50,0.0001,0.8,0.1,0.3,4.0,243.958356,ExtraTrees,combined_G06_Re500,combined_shift,DelP_Pa,68.4632126949014,-175.49514330509862,175.49514330509862,71.93651661806517,10.0,True,5.6833973992387146e-11,1.6842721874553885,19.93894338471942,0.0,1.2524519025128677e-06,1.0,1.0,1.0,0.0,0.5000006262259512,6.262259512564339e-07,0.5,0.3333337508173008,1.0,0.5000003131129757,1.0,abstain,0.8508771824529785,1.0
G06_R0737,737,G06,500,50,0.0001,0.8,0.2,0.3,4.0,396.65046,ExtraTrees,combined_G06_Re500,combined_shift,DelP_Pa,108.24937484881062,-288.40108515118936,288.40108515118936,72.70912660764073,10.0,True,0.0001200745298470415,1.7151150754466573,18.38385726437237,0.0,1.0,1.0,1.0,1.0,0.0,1.0,0.5,0.5,0.6666666666666666,1.0,0.75,1.0,abstain,0.8508771824529785,1.0
G06_R0738,738,G06,500,50,0.0001,0.8,0.3,0.3,4.0,674.85418,ExtraTrees,combined_G06_Re500,combined_shift,DelP_Pa,174.7320930000044,-500.12208699999564,500.12208699999564,74.10817059768314,10.0,True,0.0,1.6847554845271255,19.821828572136795,0.0,0.0,1.0,1.0,1.0,0.0,0.5,0.0,0.5,0.3333333333333333,1.0,0.5,1.0,abstain,0.8508771824529785,1.0
G06_R0739,739,G06,500,50,0.0001,0.75,0.1,0.3,4.0,244.904882,ExtraTrees,combined_G06_Re500,combined_shift,DelP_Pa,68.70152999999851,-176.20335200000147,176.20335200000147,71.94766823799024,10.0,True,0.0,1.6842721874553885,19.97137810494791,0.0,0.0,1.0,1.0,1.0,0.0,0.5,0.0,0.5,0.3333333333333333,1.0,0.5,1.0,abstain,0.8508771824529785,1.0
G06_R0740,740,G06,500,50,0.0001,0.75,0.2,0.3,4.0,399.1884,ExtraTrees,combined_G06_Re500,combined_shift,DelP_Pa,108.69454652660575,-290.49385347339427,290.49385347339427,72.77111596263676,10.0,True,5.876533939345226e-05,1.6847554845271258,18.40298038325463,0.0,1.0,1.0,1.0,1.0,0.0,1.0,0.5,0.5,0.6666666666666666,1.0,0.75,1.0,abstain,0.8508771824529785,1.0
G06_R0741,741,G06,500,50,0.0001,0.75,0.3,0.3,4.0,680.44429,ExtraTrees,combined_G06_Re500,combined_shift,DelP_Pa,175.99384400000042,-504.4504459999996,504.4504459999996,74.13545141219416,10.0,True,0.0,1.6847554845271258,19.827640089672833,0.0,0.0,1.0,1.0,1.0,0.0,0.5,0.0,0.5,0.3333333333333333,1.0,0.5,1.0,abstain,0.8508771824529785,1.0
G06_R0742,742,G06,500,50,0.0001,0.7,0.1,0.3,4.0,245.941056,ExtraTrees,combined_G06_Re500,combined_shift,DelP_Pa,68.96267200000145,-176.97838399999856,176.97838399999856,71.95967476044282,10.0,True,0.0,1.7010802848104674,21.632331872512367,0.0,0.0,1.0,1.0,1.0,0.0,0.5,0.0,0.5,0.3333333333333333,1.0,0.5,1.0,abstain,0.8508771824529785,1.0
G06_R0743,743,G06,500,50,0.0001,0.7,0.2,0.3,4.0,402.0471,ExtraTrees,combined_G06_Re500,combined_shift,DelP_Pa,109.25706689514823,-292.7900331048518,292.7900331048518,72.82480910939334,10.0,True,7.598790005215136e-05,1.6842721874553885,20.05062254947287,0.0,1.0,1.0,1.0,1.0,0.0,1.0,0.5,0.5,0.6666666666666666,1.0,0.75,1.0,abstain,0.8508771824529785,1.0
G06_R0744,744,G06,500,50,0.0001,0.7,0.3,0.3,4.0,686.7296,ExtraTrees,combined_G06_Re500,combined_shift,DelP_Pa,177.42580999999117,-509.3037900000088,509.3037900000088,74.16365771913848,10.0,True,0.0,1.7499688513590346,21.46197065454486,0.0,0.0,1.0,1.0,1.0,0.0,0.5,0.0,0.5,0.3333333333333333,1.0,0.5,1.0,abstain,0.8508771824529785,1.0
G06_R0745,745,G06,500,50,1e-05,0.85,0.1,0.3,4.0,313.4253,ExtraTrees,combined_G06_Re500,combined_shift,DelP_Pa,95.4513552446535,-217.9739447553465,217.9739447553465,69.54574016690627,10.0,True,2.5513138338806776e-08,1.726070468233241,21.656808095661372,0.0,0.0005622337557425201,1.0,1.0,1.0,0.0,0.5002811168778712,0.00028111687787126004,0.5,0.3335207445852475,1.0,0.5001405584389357,1.0,abstain,0.8508771824529785,1.0
G06_R0746,746,G06,500,50,1e-05,0.85,0.2,0.3,4.0,603.35526,ExtraTrees,combined_G06_Re500,combined_shift,DelP_Pa,192.29868000000803,-411.056579999992,411.056579999992,68.12844890089993,10.0,True,0.0,1.6847554845271255,20.120930535763843,0.0,0.0,1.0,1.0,1.0,0.0,0.5,0.0,0.5,0.3333333333333333,1.0,0.5,1.0,abstain,0.8508771824529785,1.0
G06_R0747,747,G06,500,50,1e-05,0.85,0.3,0.3,4.0,1108.7035199999998,ExtraTrees,combined_G06_Re500,combined_shift,DelP_Pa,350.7737399999799,-757.92978000002,757.92978000002,68.36180875478956,10.0,True,0.0,1.7905636238689056,21.578110403977792,0.0,0.0,1.0,1.0,1.0,0.0,0.5,0.0,0.5,0.3333333333333333,1.0,0.5,1.0,abstain,0.8508771824529785,1.0
G06_R0748,748,G06,500,50,1e-05,0.8,0.1,0.3,4.0,314.79423,ExtraTrees,combined_G06_Re500,combined_shift,DelP_Pa,95.85677133218637,-218.93745866781364,218.93745866781364,69.54938744201684,10.0,True,0.0,1.6842721874553885,20.067479683425837,0.0,0.0,1.0,1.0,1.0,0.0,0.5,0.0,0.5,0.3333333333333333,1.0,0.5,1.0,abstain,0.8508771824529785,1.0
G06_R0749,749,G06,500,50,1e-05,0.8,0.2,0.3,4.0,607.89531,ExtraTrees,combined_G06_Re500,combined_shift,DelP_Pa,193.5843819412576,-414.31092805874243,414.31092805874243,68.1549801821538,10.0,True,2.6014026047597057e-07,1.6842721874553885,18.5182905221821,0.0,0.005732718324376977,1.0,1.0,1.0,0.0,0.5028663591621885,0.0028663591621884885,0.5,0.335244239441459,1.0,0.5014331795810942,1.0,abstain,0.8508771824529785,1.0
G06_R0750,750,G06,500,50,1e-05,0.8,0.3,0.3,4.0,1118.31249,ExtraTrees,combined_G06_Re500,combined_shift,DelP_Pa,353.3930199999845,-764.9194700000155,764.9194700000155,68.39943905124547,10.0,True,0.0,1.8122463055565086,19.96215878904983,0.0,0.0,1.0,1.0,1.0,0.0,0.5,0.0,0.5,0.3333333333333333,1.0,0.5,1.0,abstain,0.8508771824529785,1.0
G06_R0751,751,G06,500,50,1e-05,0.75,0.1,0.3,4.0,316.34308000000004,ExtraTrees,combined_G06_Re500,combined_shift,DelP_Pa,96.31941699550791,-220.02366300449214,220.02366300449214,69.55222886635993,10.0,True,7.252612409345071e-08,1.7151150754466573,20.106670318526277,0.0,0.001598260260929387,1.0,1.0,1.0,0.0,0.5007991301304647,0.0007991301304646935,0.5,0.33386608675364315,1.0,0.5003995650652323,1.0,abstain,0.8508771824529785,1.0
G06_R0752,752,G06,500,50,1e-05,0.75,0.2,0.3,4.0,613.0855200000001,ExtraTrees,combined_G06_Re500,combined_shift,DelP_Pa,195.06042327666242,-418.0250967233377,418.0250967233377,68.18381499588143,10.0,True,0.0,1.6901248920238838,18.544169555936318,0.0,0.0,1.0,1.0,1.0,0.0,0.5,0.0,0.5,0.3333333333333333,1.0,0.5,1.0,abstain,0.8508771824529785,1.0
G06_R0753,753,G06,500,50,1e-05,0.75,0.3,0.3,4.0,1129.22326,ExtraTrees,combined_G06_Re500,combined_shift,DelP_Pa,356.422260000016,-772.800999999984,772.800999999984,68.43651095178328,10.0,True,0.0,1.7336440510756934,19.97472622145783,0.0,0.0,1.0,1.0,1.0,0.0,0.5,0.0,0.5,0.3333333333333333,1.0,0.5,1.0,abstain,0.8508771824529785,1.0
G06_R0754,754,G06,500,50,1e-05,0.7,0.1,0.3,4.0,318.13183,ExtraTrees,combined_G06_Re500,combined_shift,DelP_Pa,96.8540319897783,-221.27779801022166,221.27779801022166,69.55537835061071,10.0,True,0.0,1.6842721874553885,21.7743800009627,0.0,0.0,1.0,1.0,1.0,0.0,0.5,0.0,0.5,0.3333333333333333,1.0,0.5,1.0,abstain,0.8508771824529785,1.0
G06_R0755,755,G06,500,50,1e-05,0.7,0.2,0.3,4.0,619.04597,ExtraTrees,combined_G06_Re500,combined_shift,DelP_Pa,196.79285661048968,-422.2531133895103,422.2531133895103,68.21030001851241,10.0,True,0.0,1.6842721874553885,20.198567637026514,0.0,0.0,1.0,1.0,1.0,0.0,0.5,0.0,0.5,0.3333333333333333,1.0,0.5,1.0,abstain,0.8508771824529785,1.0
G06_R0756,756,G06,500,50,1e-05,0.7,0.3,0.3,4.0,1141.83627,ExtraTrees,combined_G06_Re500,combined_shift,DelP_Pa,359.95146000002103,-781.884809999979,781.884809999979,68.47608808222382,10.0,True,0.0,1.695227580241972,21.615812701201808,0.0,0.0,1.0,1.0,1.0,0.0,0.5,0.0,0.5,0.3333333333333333,1.0,0.5,1.0,abstain,0.8508771824529785,1.0
G06_R0757,757,G06,500,50,1e-06,0.85,0.1,0.3,4.0,704.06335,ExtraTrees,combined_G06_Re500,combined_shift,DelP_Pa,280.45062699999613,-423.6127230000039,423.6127230000039,60.16684762812947,10.0,True,0.0,1.7445994438622765,23.389534506096005,0.0,0.0,1.0,1.0,1.0,0.0,0.5,0.0,0.5,0.3333333333333333,1.0,0.5,1.0,abstain,0.8508771824529785,1.0
G06_R0758,758,G06,500,50,1e-06,0.85,0.2,0.3,4.0,2016.13166,ExtraTrees,combined_G06_Re500,combined_shift,DelP_Pa,866.4076800000164,-1149.7239799999836,1149.7239799999836,57.026235082285424,10.0,True,0.0,1.6847554845271255,21.859553905301784,0.0,0.0,1.0,1.0,1.0,0.0,0.5,0.0,0.5,0.3333333333333333,1.0,0.5,1.0,abstain,0.8508771824529785,1.0
G06_R0759,759,G06,500,50,1e-06,0.85,0.3,0.3,4.0,4178.114287,ExtraTrees,combined_G06_Re500,combined_shift,DelP_Pa,1826.2476000000672,-2351.8666869999333,2351.8666869999333,56.290147311615016,10.0,True,0.0,1.7117777685573234,23.322630732619043,0.0,0.0,1.0,1.0,1.0,0.0,0.5,0.0,0.5,0.3333333333333333,1.0,0.5,1.0,abstain,0.8508771824529785,1.0
G06_R0760,760,G06,500,50,1e-06,0.8,0.1,0.3,4.0,708.42279,ExtraTrees,combined_G06_Re500,combined_shift,DelP_Pa,281.56969219106634,-426.8530978089336,426.8530978089336,60.254004223796024,10.0,True,2.4842429849779202e-06,1.7312029616054923,21.806962008732445,0.0,0.054745333367971244,1.0,1.0,1.0,0.0,0.5273726666839856,0.027372666683985622,0.5,0.35158177778932376,1.0,0.5136863333419928,1.0,abstain,0.8508771824529785,1.0
G06_R0761,761,G06,500,50,1e-06,0.8,0.2,0.3,4.0,2030.03102,ExtraTrees,combined_G06_Re500,combined_shift,DelP_Pa,870.407390000017,-1159.6236299999828,1159.6236299999828,57.12344385752208,10.0,True,1.3061336453222646e-16,1.7319231728017361,20.263669806591995,0.0,2.878330431792541e-12,1.0,1.0,1.0,0.0,0.5000000000014392,1.4391652158962706e-12,0.5,0.33333333333429277,1.0,0.5000000000007195,1.0,abstain,0.8508771824529785,1.0
G06_R0762,762,G06,500,50,1e-06,0.8,0.3,0.3,4.0,4206.313764,ExtraTrees,combined_G06_Re500,combined_shift,DelP_Pa,1834.2472700001695,-2372.066493999831,2372.066493999831,56.39299935970803,10.0,True,0.0,1.745082740934014,21.713435032563034,0.0,0.0,1.0,1.0,1.0,0.0,0.5,0.0,0.5,0.3333333333333333,1.0,0.5,1.0,abstain,0.8508771824529785,1.0
G06_R0763,763,G06,500,50,1e-06,0.75,0.1,0.3,4.0,713.28219,ExtraTrees,combined_G06_Re500,combined_shift,DelP_Pa,283.07015600000136,-430.21203399999865,430.21203399999865,60.31442254292073,10.0,True,0.0,1.6847554845271258,21.852908558704847,0.0,0.0,1.0,1.0,1.0,0.0,0.5,0.0,0.5,0.3333333333333333,1.0,0.5,1.0,abstain,0.8508771824529785,1.0
G06_R0764,764,G06,500,50,1e-06,0.75,0.2,0.3,4.0,2045.93033,ExtraTrees,combined_G06_Re500,combined_shift,DelP_Pa,873.650388429394,-1172.2799415706058,1172.2799415706058,57.29813593264468,10.0,True,1.4449541008169042e-05,1.6847554845271258,20.296304755218184,0.0,0.31842494646851793,1.0,1.0,1.0,0.0,0.659212473234259,0.15921247323425897,0.5,0.4394749821561727,1.0,0.5796062366171295,1.0,abstain,0.8508771824529785,1.0
G06_R0765,765,G06,500,50,1e-06,0.75,0.3,0.3,4.0,4239.013215,ExtraTrees,combined_G06_Re500,combined_shift,DelP_Pa,1843.7469199998898,-2395.2662950001104,2395.2662950001104,56.5052802035228,10.0,True,0.0,1.6957108773137093,21.732758379842995,0.0,0.0,1.0,1.0,1.0,0.0,0.5,0.0,0.5,0.3333333333333333,1.0,0.5,1.0,abstain,0.8508771824529785,1.0
G06_R0766,766,G06,500,50,1e-06,0.7,0.1,0.3,4.0,718.74155,ExtraTrees,combined_G06_Re500,combined_shift,DelP_Pa,284.77988999998144,-433.9616600000185,433.9616600000185,60.37798426986982,10.0,True,0.0,1.7062127781827185,23.527374156013224,0.0,0.0,1.0,1.0,1.0,0.0,0.5,0.0,0.5,0.3333333333333333,1.0,0.5,1.0,abstain,0.8508771824529785,1.0
G06_R0767,767,G06,500,50,1e-06,0.7,0.2,0.3,4.0,2064.6295800000003,ExtraTrees,combined_G06_Re500,combined_shift,DelP_Pa,880.9167499999346,-1183.7128300000657,1183.7128300000657,57.33293959684843,10.0,True,0.0,1.726070468233241,21.957458751180347,0.0,0.0,1.0,1.0,1.0,0.0,0.5,0.0,0.5,0.3333333333333333,1.0,0.5,1.0,abstain,0.8508771824529785,1.0
G06_R0768,768,G06,500,50,1e-06,0.7,0.3,0.3,4.0,4277.312646,ExtraTrees,combined_G06_Re500,combined_shift,DelP_Pa,1854.8465399999102,-2422.46610600009,2422.46610600009,56.635235870950396,10.0,True,0.0,1.6847554845271258,23.38060077445894,0.0,0.0,1.0,1.0,1.0,0.0,0.5,0.0,0.5,0.3333333333333333,1.0,0.5,1.0,abstain,0.8508771824529785,1.0
