case_uid,raw_row_id,geometry_id,Re,Pr,Da,epsi,Hp_mm,a_mm,Lw_mm,DelP_Pa,split_name,split_family,target,prediction,residual,abs_error,ape_pct,failure_tolerance_pct,is_failure,uncertainty_raw,knn_distance_raw,mahalanobis_raw,physics_violation_raw,U_norm,D_knn_norm,D_maha_norm,D_norm,V_norm,U_D_equal,U_V_equal,D_V_equal,U_D_V_equal,U_D_V_max,U_2D_V_weighted,reliability_score,gate_decision,tau_predict,tau_warn
G06_R0577,577,G06,500,3,0.001,0.85,0.1,0.3,4.0,201.475135,combined_G06_Re500,combined_shift,DelP_Pa,55.27272501997538,-146.2024099800246,146.2024099800246,72.56598189152453,10.0,True,0.0005239845211449005,1.6840091433868203,22.697309633731727,0.0,0.019335619555867333,1.0,1.0,1.0,0.0,0.5096678097779337,0.009667809777933667,0.5,0.3397785398519558,1.0,0.5048339048889668,1.0,abstain,0.8368661947891656,1.0
G06_R0578,578,G06,500,3,0.001,0.85,0.2,0.3,4.0,300.34013000000004,combined_G06_Re500,combined_shift,DelP_Pa,81.80890083481071,-218.53122916518933,218.53122916518933,72.76124877657517,10.0,True,0.0004067699924683624,1.6607264390505008,21.17081228266908,0.0,0.0,1.0,1.0,1.0,0.0,0.5,0.0,0.5,0.3333333333333333,1.0,0.5,1.0,abstain,0.8368661947891656,1.0
G06_R0579,579,G06,500,3,0.001,0.85,0.3,0.3,4.0,468.33554,combined_G06_Re500,combined_shift,DelP_Pa,123.2843237514957,-345.05121624850426,345.05121624850426,73.6760691380595,10.0,True,0.0006614090430775677,1.7726126709927859,22.63737235971792,0.0,0.060264323439550765,1.0,1.0,1.0,0.0,0.5301321617197754,0.030132161719775383,0.5,0.3534214411465169,1.0,0.5150660808598877,1.0,abstain,0.8368661947891656,1.0
G06_R0580,580,G06,500,3,0.001,0.8,0.1,0.3,4.0,202.95989,combined_G06_Re500,combined_shift,DelP_Pa,55.69417522458495,-147.26571477541506,147.26571477541506,72.5590237437629,10.0,True,0.0004563217831793914,1.6602431419787638,21.07361517669873,0.0,0.0,1.0,1.0,1.0,0.0,0.5,0.0,0.5,0.3333333333333333,1.0,0.5,1.0,abstain,0.8368661947891656,1.0
G06_R0581,581,G06,500,3,0.001,0.8,0.2,0.3,4.0,303.21632,combined_G06_Re500,combined_shift,DelP_Pa,82.31921273901978,-220.89710726098022,220.89710726098022,72.85132517305804,10.0,True,0.0005058318158984531,1.6602431419787638,19.53380622428986,0.0,0.013929257668840666,1.0,1.0,1.0,0.0,0.5069646288344203,0.006964628834420333,0.5,0.33797641922294686,1.0,0.5034823144172101,1.0,abstain,0.8368661947891656,1.0
G06_R0582,582,G06,500,3,0.001,0.8,0.3,0.3,4.0,473.7943800000001,combined_G06_Re500,combined_shift,DelP_Pa,124.5140719662184,-349.2803080337817,349.2803080337817,73.7198081652597,10.0,True,0.0004626362362339682,1.6602431419787638,20.987054699992473,0.0,0.0010644569454444366,1.0,1.0,1.0,0.0,0.5005322284727223,0.0005322284727222183,0.5,0.3336881523151482,1.0,0.5002661142363611,1.0,abstain,0.8368661947891656,1.0
G06_R0583,583,G06,500,3,0.001,0.75,0.1,0.3,4.0,204.524398,combined_G06_Re500,combined_shift,DelP_Pa,56.07653406247241,-148.4478639375276,148.4478639375276,72.58198307349502,10.0,True,0.00012444541840247135,1.6602431419787638,21.078439767001704,0.0,0.0,1.0,1.0,1.0,0.0,0.5,0.0,0.5,0.3333333333333333,1.0,0.5,1.0,abstain,0.8368661947891656,1.0
G06_R0584,584,G06,500,3,0.001,0.75,0.2,0.3,4.0,306.31202,combined_G06_Re500,combined_shift,DelP_Pa,82.92936617466803,-223.382653825332,223.382653825332,72.92650605919154,10.0,True,0.0003404897209965049,1.6602431419787638,19.52531921324662,0.0,0.0,1.0,1.0,1.0,0.0,0.5,0.0,0.5,0.3333333333333333,1.0,0.5,1.0,abstain,0.8368661947891656,1.0
G06_R0585,585,G06,500,3,0.001,0.75,0.3,0.3,4.0,479.65333,combined_G06_Re500,combined_shift,DelP_Pa,125.72186733364897,-353.931462666351,353.931462666351,73.78901396688958,10.0,True,0.0006172830918670869,1.7100983026708056,20.965256087603024,0.0,0.04712243314747821,1.0,1.0,1.0,0.0,0.5235612165737391,0.023561216573739104,0.5,0.3490408110491594,1.0,0.5117806082868696,1.0,abstain,0.8368661947891656,1.0
G06_R0586,586,G06,500,3,0.001,0.7,0.1,0.3,4.0,206.208635,combined_G06_Re500,combined_shift,DelP_Pa,56.49261291664419,-149.7160220833558,149.7160220833558,72.60414777652537,10.0,True,0.0002559103709032053,1.6668421876875645,22.711783404640656,0.0,0.0,1.0,1.0,1.0,0.0,0.5,0.0,0.5,0.3333333333333333,1.0,0.5,1.0,abstain,0.8368661947891656,1.0
G06_R0587,587,G06,500,3,0.001,0.7,0.2,0.3,4.0,309.65751,combined_G06_Re500,combined_shift,DelP_Pa,83.83836273053507,-225.81914726946493,225.81914726946493,72.92545472882765,10.0,True,0.0009861307080911129,1.6910860299700325,21.145351249539356,0.0,0.15697513374506408,1.0,1.0,1.0,0.0,0.578487566872532,0.07848756687253204,0.5,0.38565837791502133,1.0,0.539243783436266,1.0,abstain,0.8368661947891656,1.0
G06_R0588,588,G06,500,3,0.001,0.7,0.3,0.3,4.0,485.9724,combined_G06_Re500,combined_shift,DelP_Pa,127.24021184606735,-358.7321881539326,358.7321881539326,73.81739953831382,10.0,True,0.0005519950363601088,1.699613732473918,22.571976522549527,0.0,0.027677901317155765,1.0,1.0,1.0,0.0,0.5138389506585779,0.013838950658577882,0.5,0.3425593004390519,1.0,0.5069194753292889,1.0,abstain,0.8368661947891656,1.0
G06_R0589,589,G06,500,3,0.0001,0.85,0.1,0.3,4.0,243.081525,combined_G06_Re500,combined_shift,DelP_Pa,68.26781824874399,-174.813706751256,174.813706751256,71.91566975369929,10.0,True,0.0003191004093087459,1.6901248920238836,21.23876732620084,0.0,0.0,1.0,1.0,1.0,0.0,0.5,0.0,0.5,0.3333333333333333,1.0,0.5,1.0,abstain,0.8368661947891656,1.0
G06_R0590,590,G06,500,3,0.0001,0.85,0.2,0.3,4.0,394.36314,combined_G06_Re500,combined_shift,DelP_Pa,107.77071669167985,-286.5924233083201,286.5924233083201,72.6722135614196,10.0,True,0.0016941753505180632,1.7328977099353875,19.718166934241506,0.0,0.367849794968335,1.0,1.0,1.0,0.0,0.6839248974841675,0.1839248974841675,0.5,0.4559499316561117,1.0,0.5919624487420837,1.0,abstain,0.8368661947891656,1.0
G06_R0591,591,G06,500,3,0.0001,0.85,0.3,0.3,4.0,669.83808,combined_G06_Re500,combined_shift,DelP_Pa,172.70328955809515,-497.13479044190484,497.13479044190484,74.21715863659242,10.0,True,0.0003864133592332901,1.749447898250739,21.19062397039365,0.0,0.0,1.0,1.0,1.0,0.0,0.5,0.0,0.5,0.3333333333333333,1.0,0.5,1.0,abstain,0.8368661947891656,1.0
G06_R0592,592,G06,500,3,0.0001,0.8,0.1,0.3,4.0,243.958356,combined_G06_Re500,combined_shift,DelP_Pa,68.58408775899932,-175.3742682410007,175.3742682410007,71.88696920100604,10.0,True,0.00028631926565914734,1.6602431419787638,19.621828784039806,0.0,0.0,1.0,1.0,1.0,0.0,0.5,0.0,0.5,0.3333333333333333,1.0,0.5,1.0,abstain,0.8368661947891656,1.0
G06_R0593,593,G06,500,3,0.0001,0.8,0.2,0.3,4.0,396.64047,combined_G06_Re500,combined_shift,DelP_Pa,108.24439978533738,-288.3960702146626,288.3960702146626,72.70969354555842,10.0,True,0.0008615450629599665,1.6602431419787638,18.087916790734255,0.0,0.1198701912936089,1.0,1.0,1.0,0.0,0.5599350956468044,0.05993509564680445,0.5,0.3732900637645363,1.0,0.5299675478234023,1.0,abstain,0.8368661947891656,1.0
G06_R0594,594,G06,500,3,0.0001,0.8,0.3,0.3,4.0,674.85419,combined_G06_Re500,combined_shift,DelP_Pa,174.41723575530608,-500.43695424469394,500.43695424469394,74.15482657738168,10.0,True,0.0003438074146710222,1.6602431419787638,19.547062225540174,0.0,0.0,1.0,1.0,1.0,0.0,0.5,0.0,0.5,0.3333333333333333,1.0,0.5,1.0,abstain,0.8368661947891656,1.0
G06_R0595,595,G06,500,3,0.0001,0.75,0.1,0.3,4.0,244.904882,combined_G06_Re500,combined_shift,DelP_Pa,68.82857614030998,-176.07630585969002,176.07630585969002,71.89579253046088,10.0,True,0.0006675409351288475,1.6602431419787638,19.633409289214747,0.0,0.06209056515015689,1.0,1.0,1.0,0.0,0.5310452825750784,0.031045282575078444,0.5,0.3540301883833856,1.0,0.5155226412875392,1.0,abstain,0.8368661947891656,1.0
G06_R0596,596,G06,500,3,0.0001,0.75,0.2,0.3,4.0,399.17841,combined_G06_Re500,combined_shift,DelP_Pa,108.79052826030417,-290.3878817396958,290.3878817396958,72.74638970070947,10.0,True,0.0008870250310206727,1.6901248920238838,18.08618569456297,0.0,0.12745880832538814,1.0,1.0,1.0,0.0,0.5637294041626941,0.06372940416269407,0.5,0.37581960277512944,1.0,0.5318647020813471,1.0,abstain,0.8368661947891656,1.0
G06_R0597,597,G06,500,3,0.0001,0.75,0.3,0.3,4.0,680.44429,combined_G06_Re500,combined_shift,DelP_Pa,175.48896937444084,-504.9553206255592,504.9553206255592,74.20964920222332,10.0,True,0.0007307050124987519,1.7096150055990684,19.532019528022666,0.0,0.08090251939530643,1.0,1.0,1.0,0.0,0.5404512596976532,0.040451259697653216,0.5,0.36030083979843547,1.0,0.5202256298488266,1.0,abstain,0.8368661947891656,1.0
G06_R0598,598,G06,500,3,0.0001,0.7,0.1,0.3,4.0,245.941056,combined_G06_Re500,combined_shift,DelP_Pa,69.10541565730266,-176.83564034269733,176.83564034269733,71.90163497659266,10.0,True,0.0005417490393457745,1.6840091433868207,21.273508841725658,0.0,0.024626368942182227,1.0,1.0,1.0,0.0,0.5123131844710911,0.012313184471091114,0.5,0.3415421229807274,1.0,0.5061565922355455,1.0,abstain,0.8368661947891656,1.0
G06_R0599,599,G06,500,3,0.0001,0.7,0.2,0.3,4.0,402.03711,combined_G06_Re500,combined_shift,DelP_Pa,109.40626169459588,-292.63084830540413,292.63084830540413,72.78702413948905,10.0,True,0.000709873714336146,1.6602431419787638,19.71297364572767,0.0,0.07469840078518125,1.0,1.0,1.0,0.0,0.5373492003925906,0.037349200392590626,0.5,0.35823280026172705,1.0,0.5186746001962953,1.0,abstain,0.8368661947891656,1.0
G06_R0600,600,G06,500,3,0.0001,0.7,0.3,0.3,4.0,686.7296,combined_G06_Re500,combined_shift,DelP_Pa,176.45010140701817,-510.27949859298184,510.27949859298184,74.30573818180865,10.0,True,0.0005714345095021643,1.6602431419787638,21.14549587784115,0.0,0.033467497152721674,1.0,1.0,1.0,0.0,0.5167337485763608,0.016733748576360837,0.5,0.3444891657175739,1.0,0.5083668742881804,1.0,abstain,0.8368661947891656,1.0
G06_R0601,601,G06,500,3,1e-05,0.85,0.1,0.3,4.0,313.3953,combined_G06_Re500,combined_shift,DelP_Pa,95.41126269948181,-217.9840373005182,217.9840373005182,69.55561787318386,10.0,True,0.0007115846600093325,1.6602431419787638,21.391171045270145,0.0,0.0752079662385232,1.0,1.0,1.0,0.0,0.5376039831192616,0.0376039831192616,0.5,0.35840265541284105,1.0,0.5188019915596308,1.0,abstain,0.8368661947891656,1.0
G06_R0602,602,G06,500,3,1e-05,0.85,0.2,0.3,4.0,603.35526,combined_G06_Re500,combined_shift,DelP_Pa,191.7755166240807,-411.57974337591935,411.57974337591935,68.21515791143004,10.0,True,0.0006072140530956155,1.700097029545655,19.876467612414118,0.0,0.044123603677488854,1.0,1.0,1.0,0.0,0.5220618018387444,0.022061801838744427,0.5,0.3480412012258296,1.0,0.5110309009193722,1.0,abstain,0.8368661947891656,1.0
G06_R0603,603,G06,500,3,1e-05,0.85,0.3,0.3,4.0,1108.7035199999998,combined_G06_Re500,combined_shift,DelP_Pa,350.87116165998776,-757.832358340012,757.832358340012,68.35302176545919,10.0,True,0.0005462656573009658,1.691086029970032,21.354821607669564,0.0,0.02597153875790353,1.0,1.0,1.0,0.0,0.5129857693789518,0.012985769378951765,0.5,0.3419905129193012,1.0,0.5064928846894758,1.0,abstain,0.8368661947891656,1.0
G06_R0604,604,G06,500,3,1e-05,0.8,0.1,0.3,4.0,314.75423,combined_G06_Re500,combined_shift,DelP_Pa,96.04480485011027,-218.70942514988974,218.70942514988974,69.4857778876839,10.0,True,0.002486301180553969,1.709131708527331,19.780988417981074,0.0,0.6037660861819324,1.0,1.0,1.0,0.0,0.8018830430909663,0.3018830430909662,0.5,0.5345886953939775,1.0,0.6509415215454831,1.0,abstain,0.8368661947891656,1.0
G06_R0605,605,G06,500,3,1e-05,0.8,0.2,0.3,4.0,607.89531,combined_G06_Re500,combined_shift,DelP_Pa,192.79381174956183,-415.10149825043817,415.10149825043817,68.28503056725971,10.0,True,0.0004175346001066814,1.6602431419787638,18.25297338377882,0.0,0.0,1.0,1.0,1.0,0.0,0.5,0.0,0.5,0.3333333333333333,1.0,0.5,1.0,abstain,0.8368661947891656,1.0
G06_R0606,606,G06,500,3,1e-05,0.8,0.3,0.3,4.0,1118.31249,combined_G06_Re500,combined_shift,DelP_Pa,353.1741321436731,-765.1383578563269,765.1383578563269,68.41901210066311,10.0,True,0.001023678028334052,1.6835258463150833,19.71801577768805,0.0,0.16815773151027255,1.0,1.0,1.0,0.0,0.5840788657551362,0.08407886575513628,0.5,0.38938591050342414,1.0,0.5420394328775682,1.0,abstain,0.8368661947891656,1.0
G06_R0607,607,G06,500,3,1e-05,0.75,0.1,0.3,4.0,316.30308,combined_G06_Re500,combined_shift,DelP_Pa,96.36124246912027,-219.94183753087975,219.94183753087975,69.53515518435032,10.0,True,0.0006821101776628273,1.690602732898295,19.799324838027967,0.0,0.06642967584959222,1.0,1.0,1.0,0.0,0.5332148379247961,0.03321483792479611,0.5,0.3554765586165307,1.0,0.516607418962398,1.0,abstain,0.8368661947891656,1.0
G06_R0608,608,G06,500,3,1e-05,0.75,0.2,0.3,4.0,613.0855200000001,combined_G06_Re500,combined_shift,DelP_Pa,194.31239203527747,-418.7731279647226,418.7731279647226,68.30582590903836,10.0,True,0.0008451597903001695,1.6602431419787638,18.257998202479502,0.0,0.11499021817589397,1.0,1.0,1.0,0.0,0.557495109087947,0.057495109087946986,0.5,0.3716634060586313,1.0,0.5287475545439735,1.0,abstain,0.8368661947891656,1.0
G06_R0609,609,G06,500,3,1e-05,0.75,0.3,0.3,4.0,1129.22326,combined_G06_Re500,combined_shift,DelP_Pa,355.7194263863079,-773.5038336136921,773.5038336136921,68.49875139958525,10.0,True,0.0014217264312916097,1.6668421876875645,19.709728995042507,0.0,0.2867072086116391,1.0,1.0,1.0,0.0,0.6433536043058196,0.14335360430581956,0.5,0.4289024028705464,1.0,0.5716768021529097,1.0,abstain,0.8368661947891656,1.0
G06_R0610,610,G06,500,3,1e-05,0.7,0.1,0.3,4.0,318.09183,combined_G06_Re500,combined_shift,DelP_Pa,96.66427979735003,-221.42755020264997,221.42755020264997,69.61120321846995,10.0,True,0.0017468978300161035,1.709131708527331,21.44618030541084,0.0,0.383551961663491,1.0,1.0,1.0,0.0,0.6917759808317455,0.1917759808317455,0.5,0.46118398722116366,1.0,0.5958879904158727,1.0,abstain,0.8368661947891656,1.0
G06_R0611,611,G06,500,3,1e-05,0.7,0.2,0.3,4.0,619.04597,combined_G06_Re500,combined_shift,DelP_Pa,194.7173994524825,-424.32857054751753,424.32857054751753,68.54556706790572,10.0,True,0.0009689972850319929,1.7096150055990684,19.891542068516156,0.0,0.15187234139739136,1.0,1.0,1.0,0.0,0.5759361706986956,0.07593617069869568,0.5,0.38395744713246377,1.0,0.5379680853493478,1.0,abstain,0.8368661947891656,1.0
G06_R0612,612,G06,500,3,1e-05,0.7,0.3,0.3,4.0,1141.83627,combined_G06_Re500,combined_shift,DelP_Pa,361.40939800453737,-780.4268719954626,780.4268719954626,68.34840445167,10.0,True,0.000898521700123066,1.6602431419787638,21.329961259732947,0.0,0.13088282435049822,1.0,1.0,1.0,0.0,0.5654414121752491,0.06544141217524911,0.5,0.37696094145016606,1.0,0.5327207060876246,1.0,abstain,0.8368661947891656,1.0
G06_R0613,613,G06,500,3,1e-06,0.85,0.1,0.3,4.0,704.06335,combined_G06_Re500,combined_shift,DelP_Pa,279.67075193396266,-424.39259806603735,424.39259806603735,60.277615368849595,10.0,True,0.0006895168235834272,1.7062127781827183,23.15452079093964,0.0,0.06863557340988394,1.0,1.0,1.0,0.0,0.534317786704942,0.03431778670494197,0.5,0.3562118578032947,1.0,0.517158893352471,1.0,abstain,0.8368661947891656,1.0
G06_R0614,614,G06,500,3,1e-06,0.85,0.2,0.3,4.0,2016.1317,combined_G06_Re500,combined_shift,DelP_Pa,870.5484756208518,-1145.583224379148,1145.583224379148,56.82085274385339,10.0,True,0.0007501044994225341,1.709615005599068,21.6457143171869,0.0,0.08668020626394182,1.0,1.0,1.0,0.0,0.5433401031319709,0.04334010313197091,0.5,0.36222673542131395,1.0,0.5216700515659854,1.0,abstain,0.8368661947891656,1.0
G06_R0615,615,G06,500,3,1e-06,0.85,0.3,0.3,4.0,4178.01409,combined_G06_Re500,combined_shift,DelP_Pa,1825.7571758991592,-2352.2569141008407,2352.2569141008407,56.30083727412324,10.0,True,0.000329911128399796,1.691086029970032,23.129965271545654,0.0,0.0,1.0,1.0,1.0,0.0,0.5,0.0,0.5,0.3333333333333333,1.0,0.5,1.0,abstain,0.8368661947891656,1.0
G06_R0616,616,G06,500,3,1e-06,0.8,0.1,0.3,4.0,708.42279,combined_G06_Re500,combined_shift,DelP_Pa,281.66720334492646,-426.7555866550735,426.7555866550735,60.24023968159939,10.0,True,0.0020176395321544207,1.6673254847593015,21.55109407852252,0.0,0.46418609303935215,1.0,1.0,1.0,0.0,0.7320930465196761,0.23209304651967608,0.5,0.4880620310131174,1.0,0.616046523259838,1.0,abstain,0.8368661947891656,1.0
G06_R0617,617,G06,500,3,1e-06,0.8,0.2,0.3,4.0,2030.03106,combined_G06_Re500,combined_shift,DelP_Pa,872.4400915383776,-1157.5909684616224,1157.5909684616224,57.023313153722015,10.0,True,0.00035541334114227145,1.6602431419787638,20.028976003423576,0.0,0.0,1.0,1.0,1.0,0.0,0.5,0.0,0.5,0.3333333333333333,1.0,0.5,1.0,abstain,0.8368661947891656,1.0
G06_R0618,618,G06,500,3,1e-06,0.8,0.3,0.3,4.0,4206.213565999999,combined_G06_Re500,combined_shift,DelP_Pa,1835.2234748365845,-2370.990091163415,2370.990091163415,56.368751941860275,10.0,True,0.0008431067795082924,1.7370556661739869,21.4999153564361,0.0,0.1143787765671546,1.0,1.0,1.0,0.0,0.5571893882835773,0.0571893882835773,0.5,0.37145959218905156,1.0,0.5285946941417886,1.0,abstain,0.8368661947891656,1.0
G06_R0619,619,G06,500,3,1e-06,0.75,0.1,0.3,4.0,713.28219,combined_G06_Re500,combined_shift,DelP_Pa,283.4201225981836,-429.86206740181643,429.86206740181643,60.26535828713408,10.0,True,0.0010071022487535245,1.6602431419787638,21.576186413441377,0.0,0.16322102032836996,1.0,1.0,1.0,0.0,0.581610510164185,0.08161051016418498,0.5,0.3877403401094566,1.0,0.5408052550820925,1.0,abstain,0.8368661947891656,1.0
G06_R0620,620,G06,500,3,1e-06,0.75,0.2,0.3,4.0,2045.93037,combined_G06_Re500,combined_shift,DelP_Pa,876.5934361924674,-1169.3369338075327,1169.3369338075327,57.1542878953174,10.0,True,0.000747037587706501,1.7132896647659304,20.04075673699621,0.0,0.0857667978001713,1.0,1.0,1.0,0.0,0.5428833989000856,0.04288339890008565,0.5,0.36192226593339044,1.0,0.5214416994500428,1.0,abstain,0.8368661947891656,1.0
G06_R0621,621,G06,500,3,1e-06,0.75,0.3,0.3,4.0,4239.013017,combined_G06_Re500,combined_shift,DelP_Pa,1844.2592225994063,-2394.753794400594,2394.753794400594,56.49319275021688,10.0,True,0.00040266103098647436,1.6602431419787638,21.49838448866253,0.0,0.0,1.0,1.0,1.0,0.0,0.5,0.0,0.5,0.3333333333333333,1.0,0.5,1.0,abstain,0.8368661947891656,1.0
G06_R0622,622,G06,500,3,1e-06,0.7,0.1,0.3,4.0,718.74155,combined_G06_Re500,combined_shift,DelP_Pa,284.3442269060821,-434.39732309391786,434.39732309391786,60.43859897816091,10.0,True,0.0010869506319486192,1.6829300738463988,23.229797795696214,0.0,0.18700200777822376,1.0,1.0,1.0,0.0,0.5935010038891119,0.09350100388911188,0.5,0.39566733592607456,1.0,0.546750501944556,1.0,abstain,0.8368661947891656,1.0
G06_R0623,623,G06,500,3,1e-06,0.7,0.2,0.3,4.0,2064.6296300000004,combined_G06_Re500,combined_shift,DelP_Pa,882.7760339928897,-1181.8535960071108,1181.8535960071108,57.242886512633774,10.0,True,0.000821751238596748,1.7712773326874292,21.68105651790483,0.0,0.10801852442327055,1.0,1.0,1.0,0.0,0.5540092622116353,0.054009262211635274,0.5,0.3693395081410902,1.0,0.5270046311058176,1.0,abstain,0.8368661947891656,1.0
G06_R0624,624,G06,500,3,1e-06,0.7,0.3,0.3,4.0,4277.312447,combined_G06_Re500,combined_shift,DelP_Pa,1852.856177275956,-2424.4562697240444,2424.4562697240444,56.681766875003426,10.0,True,0.0004243061885165465,1.6602431419787638,23.125372668224927,0.0,0.0,1.0,1.0,1.0,0.0,0.5,0.0,0.5,0.3333333333333333,1.0,0.5,1.0,abstain,0.8368661947891656,1.0
G06_R0625,625,G06,500,6,0.001,0.85,0.1,0.3,4.0,201.475135,combined_G06_Re500,combined_shift,DelP_Pa,55.251144277806056,-146.22399072219395,146.22399072219395,72.57669325904358,10.0,True,0.0008076179640600537,1.7261651939144198,21.53352700470693,0.0,0.10380925667189658,1.0,1.0,1.0,0.0,0.5519046283359483,0.05190462833594829,0.5,0.3679364188906322,1.0,0.5259523141679742,1.0,abstain,0.8368661947891656,1.0
G06_R0626,626,G06,500,6,0.001,0.85,0.2,0.3,4.0,300.34013000000004,combined_G06_Re500,combined_shift,DelP_Pa,81.74187462253802,-218.598255377462,218.598255377462,72.78356554532422,10.0,True,0.00047379802579677096,1.6607264390505008,20.001812929910276,0.0,0.004388736873096472,1.0,1.0,1.0,0.0,0.5021943684365482,0.002194368436548236,0.5,0.33479624562436544,1.0,0.5010971842182741,1.0,abstain,0.8368661947891656,1.0
G06_R0627,627,G06,500,6,0.001,0.85,0.3,0.3,4.0,468.33554,combined_G06_Re500,combined_shift,DelP_Pa,123.17214463342013,-345.16339536657983,345.16339536657983,73.70002186180017,10.0,True,0.00032014530509153063,1.7227629664980697,21.463156283225107,0.0,0.0,1.0,1.0,1.0,0.0,0.5,0.0,0.5,0.3333333333333333,1.0,0.5,1.0,abstain,0.8368661947891656,1.0
G06_R0628,628,G06,500,6,0.001,0.8,0.1,0.3,4.0,202.95989,combined_G06_Re500,combined_shift,DelP_Pa,55.726010407078626,-147.23387959292137,147.23387959292137,72.5433382886251,10.0,True,0.0006907907615525567,1.6602431419787638,19.914970453874773,0.0,0.0690149862626369,1.0,1.0,1.0,0.0,0.5345074931313184,0.03450749313131845,0.5,0.3563383287542123,1.0,0.5172537465656593,1.0,abstain,0.8368661947891656,1.0
G06_R0629,629,G06,500,6,0.001,0.8,0.2,0.3,4.0,303.21632,combined_G06_Re500,combined_shift,DelP_Pa,82.30310044511467,-220.91321955488533,220.91321955488533,72.85663896814174,10.0,True,0.0005181747870282928,1.6602431419787638,18.369944777731906,0.0,0.01760532510799527,1.0,1.0,1.0,0.0,0.5088026625539976,0.008802662553997635,0.5,0.3392017750359984,1.0,0.5044013312769988,1.0,abstain,0.8368661947891656,1.0
G06_R0630,630,G06,500,6,0.001,0.8,0.3,0.3,4.0,473.7943800000001,combined_G06_Re500,combined_shift,DelP_Pa,124.50367171107405,-349.29070828892606,349.29070828892606,73.72200326414297,10.0,True,0.0004831785793385704,1.6602431419787638,19.817976529700513,0.0,0.007182516998927727,1.0,1.0,1.0,0.0,0.5035912584994638,0.0035912584994638634,0.5,0.3357275056663092,1.0,0.501795629249732,1.0,abstain,0.8368661947891656,1.0
G06_R0631,631,G06,500,6,0.001,0.75,0.1,0.3,4.0,204.524398,combined_G06_Re500,combined_shift,DelP_Pa,56.12093443333153,-148.40346356666845,148.40346356666845,72.56027399071893,10.0,True,0.00041661114447650986,1.6602431419787638,19.924932950378594,0.0,0.0,1.0,1.0,1.0,0.0,0.5,0.0,0.5,0.3333333333333333,1.0,0.5,1.0,abstain,0.8368661947891656,1.0
G06_R0632,632,G06,500,6,0.001,0.75,0.2,0.3,4.0,306.31202,combined_G06_Re500,combined_shift,DelP_Pa,82.92773963443501,-223.38428036556502,223.38428036556502,72.92703706683304,10.0,True,0.0005190477204983933,1.6607264390505012,18.366595672889506,0.0,0.01786530807905048,1.0,1.0,1.0,0.0,0.5089326540395253,0.00893265403952524,0.5,0.33928843602635017,1.0,0.5044663270197626,1.0,abstain,0.8368661947891656,1.0
G06_R0633,633,G06,500,6,0.001,0.75,0.3,0.3,4.0,479.65333,combined_G06_Re500,combined_shift,DelP_Pa,125.76186667536558,-353.8914633246344,353.8914633246344,73.78067474787143,10.0,True,0.000792336768275536,1.6840091433868207,19.801315823511896,0.0,0.09925810722304088,1.0,1.0,1.0,0.0,0.5496290536115205,0.04962905361152044,0.5,0.36641936907434697,1.0,0.5248145268057602,1.0,abstain,0.8368661947891656,1.0
G06_R0634,634,G06,500,6,0.001,0.7,0.1,0.3,4.0,206.208635,combined_G06_Re500,combined_shift,DelP_Pa,56.52504347797352,-149.68359152202646,149.68359152202646,72.58842071382048,10.0,True,0.0003126786044475063,1.7071739161288673,21.56341449421838,0.0,0.0,1.0,1.0,1.0,0.0,0.5,0.0,0.5,0.3333333333333333,1.0,0.5,1.0,abstain,0.8368661947891656,1.0
G06_R0635,635,G06,500,6,0.001,0.7,0.2,0.3,4.0,309.65751,combined_G06_Re500,combined_shift,DelP_Pa,83.83949213766462,-225.81801786233538,225.81801786233538,72.92509000099348,10.0,True,0.0009447010817583351,1.6668421876875645,19.991765615383077,0.0,0.14463628122923197,1.0,1.0,1.0,0.0,0.5723181406146159,0.07231814061461599,0.5,0.38154542707641065,1.0,0.536159070307308,1.0,abstain,0.8368661947891656,1.0
G06_R0636,636,G06,500,6,0.001,0.7,0.3,0.3,4.0,485.9724,combined_G06_Re500,combined_shift,DelP_Pa,127.24940669618891,-358.7229933038111,358.7229933038111,73.81550748639451,10.0,True,0.0006785431281746344,1.7096150055990684,21.413174164659242,0.0,0.06536731295985831,1.0,1.0,1.0,0.0,0.5326836564799291,0.03268365647992916,0.5,0.35512243765328605,1.0,0.5163418282399646,1.0,abstain,0.8368661947891656,1.0
G06_R0637,637,G06,500,6,0.0001,0.85,0.1,0.3,4.0,243.081525,combined_G06_Re500,combined_shift,DelP_Pa,67.99073237566778,-175.0907926243322,175.0907926243322,72.02965861940031,10.0,True,0.001411566414939679,1.7560624826774345,20.067439947896847,0.0,0.2836812835811318,1.0,1.0,1.0,0.0,0.6418406417905659,0.1418406417905659,0.5,0.4278937611937106,1.0,0.570920320895283,1.0,abstain,0.8368661947891656,1.0
G06_R0638,638,G06,500,6,0.0001,0.85,0.2,0.3,4.0,394.36314,combined_G06_Re500,combined_shift,DelP_Pa,107.72348643692962,-286.6396535630704,286.6396535630704,72.68418989743067,10.0,True,0.0017994949364416118,1.7489855960942222,18.541622832203508,0.0,0.39921678889922235,1.0,1.0,1.0,0.0,0.6996083944496112,0.19960839444961118,0.5,0.4664055962997408,1.0,0.5998041972248056,1.0,abstain,0.8368661947891656,1.0
G06_R0639,639,G06,500,6,0.0001,0.85,0.3,0.3,4.0,669.83808,combined_G06_Re500,combined_shift,DelP_Pa,172.84365014553268,-496.9944298544673,496.9944298544673,74.19620423109825,10.0,True,0.000510182108785519,1.7328977099353875,20.008863144621646,0.0,0.015224891423850225,1.0,1.0,1.0,0.0,0.5076124457119251,0.007612445711925112,0.5,0.3384082971412834,1.0,0.5038062228559625,1.0,abstain,0.8368661947891656,1.0
G06_R0640,640,G06,500,6,0.0001,0.8,0.1,0.3,4.0,243.958356,combined_G06_Re500,combined_shift,DelP_Pa,68.38140806795282,-175.57694793204718,175.57694793204718,71.97004882753316,10.0,True,0.0010538662422059685,1.6602431419787638,18.455639311936658,0.0,0.1771485902665166,1.0,1.0,1.0,0.0,0.5885742951332583,0.0885742951332583,0.5,0.3923828634221722,1.0,0.5442871475666291,1.0,abstain,0.8368661947891656,1.0
G06_R0641,641,G06,500,6,0.0001,0.8,0.2,0.3,4.0,396.64047,combined_G06_Re500,combined_shift,DelP_Pa,108.26654119194987,-288.3739288080501,288.3739288080501,72.70411130968309,10.0,True,0.0008630597369974043,1.6602431419787638,16.916510594897098,0.0,0.1203213017962088,1.0,1.0,1.0,0.0,0.5601606508981044,0.0601606508981044,0.5,0.3734404339320696,1.0,0.5300803254490521,1.0,abstain,0.8368661947891656,1.0
G06_R0642,642,G06,500,6,0.0001,0.8,0.3,0.3,4.0,674.85419,combined_G06_Re500,combined_shift,DelP_Pa,174.52430139125553,-500.32988860874445,500.32988860874445,74.13896157460984,10.0,True,0.00034795492661580723,1.6602431419787638,18.370439305969004,0.0,0.0,1.0,1.0,1.0,0.0,0.5,0.0,0.5,0.3333333333333333,1.0,0.5,1.0,abstain,0.8368661947891656,1.0
G06_R0643,643,G06,500,6,0.0001,0.75,0.1,0.3,4.0,244.904882,combined_G06_Re500,combined_shift,DelP_Pa,68.62882594378428,-176.2760560562157,176.2760560562157,71.97735488842387,10.0,True,0.0011666219996290053,1.6602431419787638,18.472357723312438,0.0,0.21073027526600355,1.0,1.0,1.0,0.0,0.6053651376330018,0.10536513763300177,0.5,0.4035767584220012,1.0,0.5526825688165009,1.0,abstain,0.8368661947891656,1.0
G06_R0644,644,G06,500,6,0.0001,0.75,0.2,0.3,4.0,399.17841,combined_G06_Re500,combined_shift,DelP_Pa,108.83499855828777,-290.3434114417122,290.3434114417122,72.73524924399399,10.0,True,0.0010253367722798863,1.7399745965186,16.91991740492665,0.0,0.168651749890858,1.0,1.0,1.0,0.0,0.584325874945429,0.084325874945429,0.5,0.38955058329695263,1.0,0.5421629374727145,1.0,abstain,0.8368661947891656,1.0
G06_R0645,645,G06,500,6,0.0001,0.75,0.3,0.3,4.0,680.44429,combined_G06_Re500,combined_shift,DelP_Pa,175.65974037243296,-504.78454962756706,504.78454962756706,74.18455221772336,10.0,True,0.0006055051059051931,1.6835258463150833,18.360534514652347,0.0,0.04361463342584832,1.0,1.0,1.0,0.0,0.5218073167129241,0.02180731671292416,0.5,0.34787154447528273,1.0,0.5109036583564621,1.0,abstain,0.8368661947891656,1.0
G06_R0646,646,G06,500,6,0.0001,0.7,0.1,0.3,4.0,245.941056,combined_G06_Re500,combined_shift,DelP_Pa,68.88827742421765,-177.05277857578236,177.05277857578236,71.98992370585835,10.0,True,0.001498760516405378,1.709131708527331,20.117595182024193,0.0,0.3096500227050124,1.0,1.0,1.0,0.0,0.6548250113525063,0.1548250113525062,0.5,0.4365500075683375,1.0,0.5774125056762531,1.0,abstain,0.8368661947891656,1.0
G06_R0647,647,G06,500,6,0.0001,0.7,0.2,0.3,4.0,402.03711,combined_G06_Re500,combined_shift,DelP_Pa,109.46773931461799,-292.569370685382,292.569370685382,72.77173261079855,10.0,True,0.0007327631319346201,1.6602431419787638,18.551843262292184,0.0,0.08151548249507386,1.0,1.0,1.0,0.0,0.540757741247537,0.04075774124753693,0.5,0.3605051608316913,1.0,0.5203788706237684,1.0,abstain,0.8368661947891656,1.0
G06_R0648,648,G06,500,6,0.0001,0.7,0.3,0.3,4.0,686.7296,combined_G06_Re500,combined_shift,DelP_Pa,176.57050225588694,-510.15909774411307,510.15909774411307,74.28820568446636,10.0,True,0.0007511583521716585,1.6602431419787638,19.97914877067166,0.0,0.08699407184265603,1.0,1.0,1.0,0.0,0.543497035921328,0.04349703592132802,0.5,0.36233135728088534,1.0,0.521748517960664,1.0,abstain,0.8368661947891656,1.0
G06_R0649,649,G06,500,6,1e-05,0.85,0.1,0.3,4.0,313.3953,combined_G06_Re500,combined_shift,DelP_Pa,95.44130827708767,-217.95399172291235,217.95399172291235,69.54603075505993,10.0,True,0.0006035134279383988,1.6607264390505008,20.212298917686947,0.0,0.04302145837536844,1.0,1.0,1.0,0.0,0.5215107291876843,0.02151072918768422,0.5,0.34767381945845616,1.0,0.5107553645938421,1.0,abstain,0.8368661947891656,1.0
G06_R0650,650,G06,500,6,1e-05,0.85,0.2,0.3,4.0,603.35526,combined_G06_Re500,combined_shift,DelP_Pa,192.1901535132513,-411.16510648674875,411.16510648674875,68.14643606268531,10.0,True,0.0010108406703969704,1.709615005599068,18.692378761096904,0.0,0.16433442243656082,1.0,1.0,1.0,0.0,0.5821672112182804,0.08216721121828041,0.5,0.3881114741455203,1.0,0.5410836056091402,1.0,abstain,0.8368661947891656,1.0
G06_R0651,651,G06,500,6,1e-05,0.85,0.3,0.3,4.0,1108.7035199999998,combined_G06_Re500,combined_shift,DelP_Pa,350.9085691599365,-757.7949508400633,757.7949508400633,68.34964777960327,10.0,True,0.00021476527855961668,1.6824467767746618,20.165516032618353,0.0,0.0,1.0,1.0,1.0,0.0,0.5,0.0,0.5,0.3333333333333333,1.0,0.5,1.0,abstain,0.8368661947891656,1.0
G06_R0652,652,G06,500,6,1e-05,0.8,0.1,0.3,4.0,314.75423,combined_G06_Re500,combined_shift,DelP_Pa,96.11424709887426,-218.63998290112573,218.63998290112573,69.4637155157933,10.0,True,0.0021754430247810665,1.6835258463150833,18.60725419659872,0.0,0.5111842002963053,1.0,1.0,1.0,0.0,0.7555921001481527,0.25559210014815265,0.5,0.5037280667654351,1.0,0.6277960500740764,1.0,abstain,0.8368661947891656,1.0
G06_R0653,653,G06,500,6,1e-05,0.8,0.2,0.3,4.0,607.89531,combined_G06_Re500,combined_shift,DelP_Pa,193.29963779089715,-414.5956722091029,414.5956722091029,68.20182116705307,10.0,True,0.0008086177496107398,1.6602431419787638,17.07402243866246,0.0,0.10410701959059361,1.0,1.0,1.0,0.0,0.5520535097952968,0.052053509795296805,0.5,0.36803567319686453,1.0,0.5260267548976484,1.0,abstain,0.8368661947891656,1.0
G06_R0654,654,G06,500,6,1e-05,0.8,0.3,0.3,4.0,1118.31249,combined_G06_Re500,combined_shift,DelP_Pa,353.10644682578334,-765.2060431742167,765.2060431742167,68.42506455187822,10.0,True,0.0006736088811947451,1.709615005599068,18.533848108837685,0.0,0.06389776203336649,1.0,1.0,1.0,0.0,0.5319488810166833,0.031948881016683243,0.5,0.3546325873444555,1.0,0.5159744405083416,1.0,abstain,0.8368661947891656,1.0
G06_R0655,655,G06,500,6,1e-05,0.75,0.1,0.3,4.0,316.30308,combined_G06_Re500,combined_shift,DelP_Pa,96.46610417034853,-219.8369758296515,219.8369758296515,69.50200289850211,10.0,True,0.0006032112490398409,1.666358890615827,18.630728522846457,0.0,0.042931461404776605,1.0,1.0,1.0,0.0,0.5214657307023883,0.021465730702388303,0.5,0.34764382046825887,1.0,0.5107328653511941,1.0,abstain,0.8368661947891656,1.0
G06_R0656,656,G06,500,6,1e-05,0.75,0.2,0.3,4.0,613.0855200000001,combined_G06_Re500,combined_shift,DelP_Pa,194.88833737179112,-418.19718262820896,418.19718262820896,68.21188382139721,10.0,True,0.000883627645230351,1.6602431419787638,17.084185163563983,0.0,0.1264469758297376,1.0,1.0,1.0,0.0,0.5632234879148688,0.0632234879148688,0.5,0.37548232527657915,1.0,0.5316117439574344,1.0,abstain,0.8368661947891656,1.0
G06_R0657,657,G06,500,6,1e-05,0.75,0.3,0.3,4.0,1129.22326,combined_G06_Re500,combined_shift,DelP_Pa,355.8277596553392,-773.3955003446608,773.3955003446608,68.48915779016639,10.0,True,0.001199903821846857,1.690602732898295,18.530699232392983,0.0,0.22064249345753756,1.0,1.0,1.0,0.0,0.6103212467287688,0.11032124672876878,0.5,0.4068808311525125,1.0,0.5551606233643844,1.0,abstain,0.8368661947891656,1.0
G06_R0658,658,G06,500,6,1e-05,0.7,0.1,0.3,4.0,318.09183,combined_G06_Re500,combined_shift,DelP_Pa,96.86006634422472,-221.2317636557753,221.2317636557753,69.54965289607573,10.0,True,0.0011941323503599725,1.6840091433868207,20.282721896430175,0.0,0.2189235946457552,1.0,1.0,1.0,0.0,0.6094617973228776,0.1094617973228776,0.5,0.40630786488191845,1.0,0.5547308986614388,1.0,abstain,0.8368661947891656,1.0
G06_R0659,659,G06,500,6,1e-05,0.7,0.2,0.3,4.0,619.04597,combined_G06_Re500,combined_shift,DelP_Pa,195.61602643437973,-423.4299435656203,423.4299435656203,68.40040386106065,10.0,True,0.0007003892212750582,1.6840091433868207,18.722866935801473,0.0,0.07187366468623155,1.0,1.0,1.0,0.0,0.5359368323431157,0.035936832343115774,0.5,0.35729122156207715,1.0,0.5179684161715579,1.0,abstain,0.8368661947891656,1.0
G06_R0660,660,G06,500,6,1e-05,0.7,0.3,0.3,4.0,1141.83627,combined_G06_Re500,combined_shift,DelP_Pa,361.3828401613379,-780.453429838662,780.453429838662,68.35073034058219,10.0,True,0.0011399360246414595,1.6602431419787638,20.156069403284256,0.0,0.20278247706556451,1.0,1.0,1.0,0.0,0.6013912385327822,0.10139123853278226,0.5,0.40092749235518815,1.0,0.5506956192663911,1.0,abstain,0.8368661947891656,1.0
G06_R0661,661,G06,500,6,1e-06,0.85,0.1,0.3,4.0,704.06335,combined_G06_Re500,combined_shift,DelP_Pa,277.17257470259796,-426.89077529740206,426.89077529740206,60.63243816020278,10.0,True,0.0028609492533053595,1.7560624826774345,21.968103914077233,0.0,0.7153463181127908,1.0,1.0,1.0,0.0,0.8576731590563954,0.3576731590563954,0.5,0.5717821060375969,1.0,0.6788365795281976,1.0,abstain,0.8368661947891656,1.0
G06_R0662,662,G06,500,6,1e-06,0.85,0.2,0.3,4.0,2016.1317,combined_G06_Re500,combined_shift,DelP_Pa,868.602506825678,-1147.5291931743218,1147.5291931743218,56.91737266837885,10.0,True,0.0002962250074517026,1.700097029545655,20.454080716590497,0.0,0.0,1.0,1.0,1.0,0.0,0.5,0.0,0.5,0.3333333333333333,1.0,0.5,1.0,abstain,0.8368661947891656,1.0
G06_R0663,663,G06,500,6,1e-06,0.85,0.3,0.3,4.0,4178.01409,combined_G06_Re500,combined_shift,DelP_Pa,1824.4804642354707,-2353.533625764529,2353.533625764529,56.33139513334023,10.0,True,0.0003274879718453573,1.6824467767746618,21.933114947215245,0.0,0.0,1.0,1.0,1.0,0.0,0.5,0.0,0.5,0.3333333333333333,1.0,0.5,1.0,abstain,0.8368661947891656,1.0
G06_R0664,664,G06,500,6,1e-06,0.8,0.1,0.3,4.0,708.42279,combined_G06_Re500,combined_shift,DelP_Pa,280.60098104001116,-427.8218089599888,427.8218089599888,60.39074617573904,10.0,True,0.002592836767058457,1.6910860299700325,20.369815107860955,0.0,0.635495237659375,1.0,1.0,1.0,0.0,0.8177476188296875,0.3177476188296875,0.5,0.5451650792197916,1.0,0.6588738094148437,1.0,abstain,0.8368661947891656,1.0
G06_R0665,665,G06,500,6,1e-06,0.8,0.2,0.3,4.0,2030.03106,combined_G06_Re500,combined_shift,DelP_Pa,871.1462559897842,-1158.8848040102157,1158.8848040102157,57.08704791985871,10.0,True,0.00030410856809269586,1.6602431419787638,18.842480309028005,0.0,0.0,1.0,1.0,1.0,0.0,0.5,0.0,0.5,0.3333333333333333,1.0,0.5,1.0,abstain,0.8368661947891656,1.0
G06_R0666,666,G06,500,6,1e-06,0.8,0.3,0.3,4.0,4206.213565999999,combined_G06_Re500,combined_shift,DelP_Pa,1834.1173047344867,-2372.096261265513,2372.096261265513,56.39505041873837,10.0,True,0.0006227174139522889,1.779211716701586,20.30820293830654,0.0,0.04874091983606766,1.0,1.0,1.0,0.0,0.5243704599180339,0.02437045991803383,0.5,0.3495803066120226,1.0,0.5121852299590169,1.0,abstain,0.8368661947891656,1.0
G06_R0667,667,G06,500,6,1e-06,0.75,0.1,0.3,4.0,713.28219,combined_G06_Re500,combined_shift,DelP_Pa,283.99355624507587,-429.28863375492415,429.28863375492415,60.18496462878516,10.0,True,0.0009666467080874979,1.6602431419787638,20.400045348980665,0.0,0.15117227661736476,1.0,1.0,1.0,0.0,0.5755861383086824,0.07558613830868238,0.5,0.3837240922057883,1.0,0.5377930691543412,1.0,abstain,0.8368661947891656,1.0
G06_R0668,668,G06,500,6,1e-06,0.75,0.2,0.3,4.0,2045.93037,combined_G06_Re500,combined_shift,DelP_Pa,875.6886398434344,-1170.2417301565656,1170.2417301565656,57.19851209582297,10.0,True,0.0005449799288124423,1.7132896647659304,18.85939894880149,0.0,0.025588614372637146,1.0,1.0,1.0,0.0,0.5127943071863186,0.012794307186318573,0.5,0.34186287145754574,1.0,0.5063971535931593,1.0,abstain,0.8368661947891656,1.0
G06_R0669,669,G06,500,6,1e-06,0.75,0.3,0.3,4.0,4239.013017,combined_G06_Re500,combined_shift,DelP_Pa,1844.162063994882,-2394.8509530051183,2394.8509530051183,56.495484760270514,10.0,True,0.00037258461906313563,1.6602431419787638,20.311809976733798,0.0,0.0,1.0,1.0,1.0,0.0,0.5,0.0,0.5,0.3333333333333333,1.0,0.5,1.0,abstain,0.8368661947891656,1.0
G06_R0670,670,G06,500,6,1e-06,0.7,0.1,0.3,4.0,718.74155,combined_G06_Re500,combined_shift,DelP_Pa,285.5887352349658,-433.1528147650342,433.1528147650342,60.26544795761901,10.0,True,0.0007061182524232501,1.6910860299700325,22.058794637436336,0.0,0.07357992362828289,1.0,1.0,1.0,0.0,0.5367899618141414,0.036789961814141445,0.5,0.3578599745427609,1.0,0.5183949809070707,1.0,abstain,0.8368661947891656,1.0
G06_R0671,671,G06,500,6,1e-06,0.7,0.2,0.3,4.0,2064.6296300000004,combined_G06_Re500,combined_shift,DelP_Pa,882.2594642409692,-1182.3701657590311,1182.3701657590311,57.26790648446864,10.0,True,0.0007292467683253725,1.7489855960942227,20.504836635910948,0.0,0.08046821521783515,1.0,1.0,1.0,0.0,0.5402341076089175,0.040234107608917574,0.5,0.3601560717392784,1.0,0.5201170538044588,1.0,abstain,0.8368661947891656,1.0
G06_R0672,672,G06,500,6,1e-06,0.7,0.3,0.3,4.0,4277.312447,combined_G06_Re500,combined_shift,DelP_Pa,1851.6073986265321,-2425.7050483734683,2425.7050483734683,56.71096227900763,10.0,True,0.00048556653437498116,1.6602431419787638,21.943936062497034,0.0,0.007893713975990476,1.0,1.0,1.0,0.0,0.5039468569879952,0.003946856987995238,0.5,0.33596457132533014,1.0,0.5019734284939976,1.0,abstain,0.8368661947891656,1.0
G06_R0673,673,G06,500,20,0.001,0.85,0.1,0.3,4.0,201.475135,combined_G06_Re500,combined_shift,DelP_Pa,55.36710233339549,-146.10803266660452,146.10803266660452,72.5191387347151,10.0,True,0.0005897667543977562,1.726070468233241,21.445947554526487,0.0,0.03892733075667246,1.0,1.0,1.0,0.0,0.5194636653783362,0.01946366537833623,0.5,0.34630911025222416,1.0,0.5097318326891681,1.0,abstain,0.8368661947891656,1.0
G06_R0674,674,G06,500,20,0.001,0.85,0.2,0.3,4.0,300.34013000000004,combined_G06_Re500,combined_shift,DelP_Pa,81.6606494725693,-218.67948052743074,218.67948052743074,72.8106099332882,10.0,True,0.0007054342472566844,1.6847554845271255,19.905172210089592,0.0,0.0733762085669273,1.0,1.0,1.0,0.0,0.5366881042834637,0.03668810428346365,0.5,0.35779206952230913,1.0,0.5183440521417318,1.0,abstain,0.8368661947891656,1.0
G06_R0675,675,G06,500,20,0.001,0.85,0.3,0.3,4.0,468.33554,combined_G06_Re500,combined_shift,DelP_Pa,123.37961152368072,-344.9559284763193,344.9559284763193,73.65572309039783,10.0,True,0.0005433370429446828,1.760204032949374,21.35745429376418,0.0,0.025099318952499807,1.0,1.0,1.0,0.0,0.5125496594762499,0.012549659476249904,0.5,0.3416997729841666,1.0,0.506274829738125,1.0,abstain,0.8368661947891656,1.0
G06_R0676,676,G06,500,20,0.001,0.8,0.1,0.3,4.0,202.95989,combined_G06_Re500,combined_shift,DelP_Pa,55.75090435372711,-147.20898564627288,147.20898564627288,72.53107283723541,10.0,True,0.0006337582540695408,1.6847554845271255,19.836315369991247,0.0,0.05202917777890777,1.0,1.0,1.0,0.0,0.5260145888894538,0.026014588889453884,0.5,0.35067639259296923,1.0,0.5130072944447269,1.0,abstain,0.8368661947891656,1.0
G06_R0677,677,G06,500,20,0.001,0.8,0.2,0.3,4.0,303.21632,combined_G06_Re500,combined_shift,DelP_Pa,82.19418908439215,-221.02213091560785,221.02213091560785,72.89255766827058,10.0,True,0.0009070835113718149,1.6847554845271255,18.282228424208142,0.0,0.13343276108944305,1.0,1.0,1.0,0.0,0.5667163805447215,0.06671638054472152,0.5,0.3778109203631477,1.0,0.5333581902723608,1.0,abstain,0.8368661947891656,1.0
G06_R0678,678,G06,500,20,0.001,0.8,0.3,0.3,4.0,473.7943800000001,combined_G06_Re500,combined_shift,DelP_Pa,124.61613328943899,-349.1782467105611,349.1782467105611,73.69826689598155,10.0,True,0.000461356931057375,1.744599443862277,19.721198906536504,0.0,0.0006834455945350121,1.0,1.0,1.0,0.0,0.5003417227972675,0.00034172279726750606,0.5,0.3335611485315117,1.0,0.5001708613986338,1.0,abstain,0.8368661947891656,1.0
G06_R0679,679,G06,500,20,0.001,0.75,0.1,0.3,4.0,204.524398,combined_G06_Re500,combined_shift,DelP_Pa,56.1296510170035,-148.39474698299648,148.39474698299648,72.55601211108147,10.0,True,0.0006078542244412382,1.6847554845271258,19.855202232791978,0.0,0.04431426385277146,1.0,1.0,1.0,0.0,0.5221571319263857,0.02215713192638573,0.5,0.34810475461759044,1.0,0.5110785659631929,1.0,abstain,0.8368661947891656,1.0
G06_R0680,680,G06,500,20,0.001,0.75,0.2,0.3,4.0,306.31202,combined_G06_Re500,combined_shift,DelP_Pa,82.7866067898265,-223.52541321017353,223.52541321017353,72.97311193017288,10.0,True,0.0007248243858900111,1.7555846418030232,18.28780368566265,0.0,0.07915111126424822,1.0,1.0,1.0,0.0,0.5395755556321241,0.03957555563212411,0.5,0.3597170370880827,1.0,0.519787777816062,1.0,abstain,0.8368661947891656,1.0
G06_R0681,681,G06,500,20,0.001,0.75,0.3,0.3,4.0,479.65333,combined_G06_Re500,combined_shift,DelP_Pa,125.78901221348261,-353.8643177865174,353.8643177865174,73.775015340041,10.0,True,0.0005360156185048106,1.6847554845271258,19.7134625666448,0.0,0.022918802632034708,1.0,1.0,1.0,0.0,0.5114594013160173,0.011459401316017354,0.5,0.3409729342106782,1.0,0.5057297006580087,1.0,abstain,0.8368661947891656,1.0
G06_R0682,682,G06,500,20,0.001,0.7,0.1,0.3,4.0,206.208635,combined_G06_Re500,combined_shift,DelP_Pa,56.52087822517011,-149.6877567748299,149.6877567748299,72.59044063544182,10.0,True,0.00020758140477138677,1.7640779502041848,21.502608142928693,0.0,0.0,1.0,1.0,1.0,0.0,0.5,0.0,0.5,0.3333333333333333,1.0,0.5,1.0,abstain,0.8368661947891656,1.0
G06_R0683,683,G06,500,20,0.001,0.7,0.2,0.3,4.0,309.65751,combined_G06_Re500,combined_shift,DelP_Pa,83.73234810004445,-225.92516189995555,225.92516189995555,72.95969082098334,10.0,True,0.0011441668789844283,1.7416750573203383,19.92189799445314,0.0,0.20404253882268825,1.0,1.0,1.0,0.0,0.6020212694113442,0.10202126941134412,0.5,0.4013475129408961,1.0,0.551010634705672,1.0,abstain,0.8368661947891656,1.0
G06_R0684,684,G06,500,20,0.001,0.7,0.3,0.3,4.0,485.9724,combined_G06_Re500,combined_shift,DelP_Pa,127.16951640108815,-358.8028835989119,358.8028835989119,73.83194675230772,10.0,True,0.00029734930948353556,1.6957108773137093,21.33424527408907,0.0,0.0,1.0,1.0,1.0,0.0,0.5,0.0,0.5,0.3333333333333333,1.0,0.5,1.0,abstain,0.8368661947891656,1.0
G06_R0685,685,G06,500,20,0.0001,0.85,0.1,0.3,4.0,243.081525,combined_G06_Re500,combined_shift,DelP_Pa,68.21649343102054,-174.86503156897948,174.86503156897948,71.936783994168,10.0,True,0.0006404634510964782,1.715115075446657,19.966755527801826,0.0,0.054026165068641524,1.0,1.0,1.0,0.0,0.5270130825343208,0.027013082534320762,0.5,0.3513420550228805,1.0,0.5135065412671603,1.0,abstain,0.8368661947891656,1.0
G06_R0686,686,G06,500,20,0.0001,0.85,0.2,0.3,4.0,394.36314,combined_G06_Re500,combined_shift,DelP_Pa,107.61472976563141,-286.7484102343686,286.7484102343686,72.71176769572546,10.0,True,0.0012822172164914476,1.7314398757299987,18.431877142468235,0.0,0.24515762734841542,1.0,1.0,1.0,0.0,0.6225788136742078,0.12257881367420771,0.5,0.4150525424494718,1.0,0.5612894068371038,1.0,abstain,0.8368661947891656,1.0
G06_R0687,687,G06,500,20,0.0001,0.85,0.3,0.3,4.0,669.83808,combined_G06_Re500,combined_shift,DelP_Pa,173.12746216547097,-496.710617834529,496.710617834529,74.15383398843628,10.0,True,0.0001603416343173665,1.6847554845271255,19.890056185246134,0.0,0.0,1.0,1.0,1.0,0.0,0.5,0.0,0.5,0.3333333333333333,1.0,0.5,1.0,abstain,0.8368661947891656,1.0
G06_R0688,688,G06,500,20,0.0001,0.8,0.1,0.3,4.0,243.958356,combined_G06_Re500,combined_shift,DelP_Pa,68.50482226853367,-175.45353373146634,175.45353373146634,71.91946060313111,10.0,True,0.0004295875577265012,1.6842721874553885,18.363879258138546,0.0,0.0,1.0,1.0,1.0,0.0,0.5,0.0,0.5,0.3333333333333333,1.0,0.5,1.0,abstain,0.8368661947891656,1.0
G06_R0689,689,G06,500,20,0.0001,0.8,0.2,0.3,4.0,396.64047,combined_G06_Re500,combined_shift,DelP_Pa,108.13589523521212,-288.5045747647879,288.5045747647879,72.73704944046378,10.0,True,0.0006074835422917736,1.6842721874553885,16.815689271458744,0.0,0.04420386477903236,1.0,1.0,1.0,0.0,0.5221019323895162,0.02210193238951618,0.5,0.3480679549263441,1.0,0.5110509661947581,1.0,abstain,0.8368661947891656,1.0
G06_R0690,690,G06,500,20,0.0001,0.8,0.3,0.3,4.0,674.85418,combined_G06_Re500,combined_shift,DelP_Pa,174.6007239748458,-500.25345602515426,500.25345602515426,74.12763688077834,10.0,True,0.0004590834188231037,1.6847554845271255,18.260556712890416,0.0,6.3327495799259695e-06,1.0,1.0,1.0,0.0,0.5000031663747899,3.1663747899629848e-06,0.5,0.33333544424985995,1.0,0.500001583187395,1.0,abstain,0.8368661947891656,1.0
G06_R0691,691,G06,500,20,0.0001,0.75,0.1,0.3,4.0,244.904882,combined_G06_Re500,combined_shift,DelP_Pa,68.7327945952316,-176.17208740476838,176.17208740476838,71.93490222247526,10.0,True,0.0005291108384255576,1.6842721874553885,18.389522035811233,0.0,0.02086237416300087,1.0,1.0,1.0,0.0,0.5104311870815005,0.010431187081500435,0.5,0.34028745805433364,1.0,0.5052155935407502,1.0,abstain,0.8368661947891656,1.0
G06_R0692,692,G06,500,20,0.0001,0.75,0.2,0.3,4.0,399.17841,combined_G06_Re500,combined_shift,DelP_Pa,108.69961905750601,-290.47879094249396,290.47879094249396,72.76916377879604,10.0,True,0.0006221953175182672,1.6852387815988632,16.82802044778521,0.0,0.04858542553238532,1.0,1.0,1.0,0.0,0.5242927127661927,0.02429271276619266,0.5,0.34952847517746183,1.0,0.5121463563830964,1.0,abstain,0.8368661947891656,1.0
G06_R0693,693,G06,500,20,0.0001,0.75,0.3,0.3,4.0,680.44429,combined_G06_Re500,combined_shift,DelP_Pa,175.64001072883144,-504.8042792711686,504.8042792711686,74.18745174144507,10.0,True,0.000584148839123446,1.7151150754466573,18.259576287870676,0.0,0.03725416509837369,1.0,1.0,1.0,0.0,0.5186270825491869,0.018627082549186845,0.5,0.34575138836612457,1.0,0.5093135412745934,1.0,abstain,0.8368661947891656,1.0
G06_R0694,694,G06,500,20,0.0001,0.7,0.1,0.3,4.0,245.941056,combined_G06_Re500,combined_shift,DelP_Pa,68.97475608862298,-176.966299911377,176.966299911377,71.95476135199524,10.0,True,0.0011155075881348442,1.7336440510756934,20.043683860819907,0.0,0.19550703429843963,1.0,1.0,1.0,0.0,0.5977535171492199,0.09775351714921982,0.5,0.3985023447661466,1.0,0.5488767585746099,1.0,abstain,0.8368661947891656,1.0
G06_R0695,695,G06,500,20,0.0001,0.7,0.2,0.3,4.0,402.03711,combined_G06_Re500,combined_shift,DelP_Pa,109.36547194365824,-292.67163805634175,292.67163805634175,72.79716990711175,10.0,True,0.00041793916770703097,1.6842721874553885,18.468870671447657,0.0,0.0,1.0,1.0,1.0,0.0,0.5,0.0,0.5,0.3333333333333333,1.0,0.5,1.0,abstain,0.8368661947891656,1.0
G06_R0696,696,G06,500,20,0.0001,0.7,0.3,0.3,4.0,686.7296,combined_G06_Re500,combined_shift,DelP_Pa,176.32784658989803,-510.40175341010195,510.40175341010195,74.32354064978442,10.0,True,0.0007614367956610217,1.7499688513590346,19.8871149101869,0.0,0.09005526764705139,1.0,1.0,1.0,0.0,0.5450276338235257,0.045027633823525696,0.5,0.36335175588235047,1.0,0.5225138169117628,1.0,abstain,0.8368661947891656,1.0
G06_R0697,697,G06,500,20,1e-05,0.85,0.1,0.3,4.0,313.4253,combined_G06_Re500,combined_shift,DelP_Pa,95.28347460642553,-218.14182539357446,218.14182539357446,69.5993033726296,10.0,True,0.0010857032604507657,1.6842721874553885,20.098509527677336,0.0,0.18663050713226476,1.0,1.0,1.0,0.0,0.5933152535661324,0.09331525356613238,0.5,0.3955435023774216,1.0,0.5466576267830662,1.0,abstain,0.8368661947891656,1.0
G06_R0698,698,G06,500,20,1e-05,0.85,0.2,0.3,4.0,603.35526,combined_G06_Re500,combined_shift,DelP_Pa,192.2472571799662,-411.10800282003385,411.10800282003385,68.13697171050333,10.0,True,0.0007913690808854543,1.6842721874553885,18.569528101447062,0.0,0.09896990399639959,1.0,1.0,1.0,0.0,0.5494849519981998,0.04948495199819979,0.5,0.3663233013321332,1.0,0.5247424759990998,1.0,abstain,0.8368661947891656,1.0
G06_R0699,699,G06,500,20,1e-05,0.85,0.3,0.3,4.0,1108.80373,combined_G06_Re500,combined_shift,DelP_Pa,351.184681617106,-757.6190483828941,757.6190483828941,68.32760639999778,10.0,True,0.0007945301722542479,1.6901248920238836,20.03360410332826,0.0,0.0999113616835947,1.0,1.0,1.0,0.0,0.5499556808417974,0.04995568084179735,0.5,0.36663712056119824,1.0,0.5249778404208987,1.0,abstain,0.8368661947891656,1.0
G06_R0700,700,G06,500,20,1e-05,0.8,0.1,0.3,4.0,314.79423,combined_G06_Re500,combined_shift,DelP_Pa,95.96015422922612,-218.8340757707739,218.8340757707739,69.51654602143562,10.0,True,0.0007834305159182943,1.6842721874553885,18.50238917288602,0.0,0.09660558669528889,1.0,1.0,1.0,0.0,0.5483027933476444,0.048302793347644445,0.5,0.3655351955650963,1.0,0.5241513966738223,1.0,abstain,0.8368661947891656,1.0
G06_R0701,701,G06,500,20,1e-05,0.8,0.2,0.3,4.0,607.89531,combined_G06_Re500,combined_shift,DelP_Pa,193.2993954673813,-414.59591453261874,414.59591453261874,68.20186102975836,10.0,True,0.0005030483977992106,1.6847554845271255,16.96009614530952,0.0,0.013100281198220706,1.0,1.0,1.0,0.0,0.5065501405991103,0.006550140599110353,0.5,0.3377000937327402,1.0,0.5032750702995552,1.0,abstain,0.8368661947891656,1.0
G06_R0702,702,G06,500,20,1e-05,0.8,0.3,0.3,4.0,1118.3127100000002,combined_G06_Re500,combined_shift,DelP_Pa,353.01691073722014,-765.2957992627801,765.2957992627801,68.43307711872289,10.0,True,0.0008422314509970883,1.7209677800151522,18.410860545844503,0.0,0.11411808028870171,1.0,1.0,1.0,0.0,0.5570590401443508,0.057059040144350856,0.5,0.3713726934295672,1.0,0.5285295200721755,1.0,abstain,0.8368661947891656,1.0
G06_R0703,703,G06,500,20,1e-05,0.75,0.1,0.3,4.0,316.34308000000004,combined_G06_Re500,combined_shift,DelP_Pa,96.42042008283347,-219.92265991716658,219.92265991716658,69.52030052851688,10.0,True,0.00151816056534878,1.6842721874553885,18.53478786543068,0.0,0.3154278769581456,1.0,1.0,1.0,0.0,0.6577139384790728,0.1577139384790728,0.5,0.4384759589860485,1.0,0.5788569692395364,1.0,abstain,0.8368661947891656,1.0
G06_R0704,704,G06,500,20,1e-05,0.75,0.2,0.3,4.0,613.0855200000001,combined_G06_Re500,combined_shift,DelP_Pa,194.9025301433864,-418.1829898566137,418.1829898566137,68.20956884719992,10.0,True,0.0011407085932174873,1.7336440510756934,16.979183236507957,0.0,0.2030125686826456,1.0,1.0,1.0,0.0,0.6015062843413228,0.1015062843413228,0.5,0.40100418956088185,1.0,0.5507531421706614,1.0,abstain,0.8368661947891656,1.0
G06_R0705,705,G06,500,20,1e-05,0.75,0.3,0.3,4.0,1129.22349,combined_G06_Re500,combined_shift,DelP_Pa,355.5999336105121,-773.6235563894879,773.6235563894879,68.50933966928795,10.0,True,0.0014157686703531955,1.7209677800151524,18.41663603569672,0.0,0.28493282781097234,1.0,1.0,1.0,0.0,0.6424664139054862,0.14246641390548617,0.5,0.4283109426036575,1.0,0.571233206952743,1.0,abstain,0.8368661947891656,1.0
G06_R0706,706,G06,500,20,1e-05,0.7,0.1,0.3,4.0,318.13183,combined_G06_Re500,combined_shift,DelP_Pa,97.01190097414433,-221.11992902585564,221.11992902585564,69.50575458791899,10.0,True,0.0008700045267868101,1.6957108773137093,20.195705605311307,0.0,0.12238964622868415,1.0,1.0,1.0,0.0,0.5611948231143421,0.06119482311434207,0.5,0.37412988207622805,1.0,0.530597411557171,1.0,abstain,0.8368661947891656,1.0
G06_R0707,707,G06,500,20,1e-05,0.7,0.2,0.3,4.0,619.04597,combined_G06_Re500,combined_shift,DelP_Pa,195.63308059251796,-423.41288940748206,423.41288940748206,68.3976489512535,10.0,True,0.0007632466343776277,1.6842721874553885,18.626789375042375,0.0,0.09059428609781585,1.0,1.0,1.0,0.0,0.545297143048908,0.045297143048907924,0.5,0.36353142869927196,1.0,0.522648571524454,1.0,abstain,0.8368661947891656,1.0
G06_R0708,708,G06,500,20,1e-05,0.7,0.3,0.3,4.0,1141.93651,combined_G06_Re500,combined_shift,DelP_Pa,361.08006248265576,-780.8564475173442,780.8564475173442,68.38002294167337,10.0,True,0.0007662138722722562,1.6847554845271258,20.05093057288491,0.0,0.09147800902756488,1.0,1.0,1.0,0.0,0.5457390045137824,0.04573900451378244,0.5,0.36382600300918827,1.0,0.5228695022568912,1.0,abstain,0.8368661947891656,1.0
G06_R0709,709,G06,500,20,1e-06,0.85,0.1,0.3,4.0,704.08335,combined_G06_Re500,combined_shift,DelP_Pa,280.72068072782423,-423.36266927217576,423.36266927217576,60.129623754371664,10.0,True,0.0009047901145517484,1.7010802848104674,21.841209554153032,0.0,0.13274972608218086,1.0,1.0,1.0,0.0,0.5663748630410904,0.06637486304109043,0.5,0.37758324202739363,1.0,0.5331874315205453,1.0,abstain,0.8368661947891656,1.0
G06_R0710,710,G06,500,20,1e-06,0.85,0.2,0.3,4.0,2016.1317,combined_G06_Re500,combined_shift,DelP_Pa,867.7792481031505,-1148.3524518968493,1148.3524518968493,56.95820624698522,10.0,True,0.0005891485565468745,1.7416750573203383,20.318125087026065,0.0,0.03874321487673755,1.0,1.0,1.0,0.0,0.5193716074383687,0.019371607438368774,0.5,0.3462477382922458,1.0,0.5096858037191844,1.0,abstain,0.8368661947891656,1.0
G06_R0711,711,G06,500,20,1e-06,0.85,0.3,0.3,4.0,4178.114287,combined_G06_Re500,combined_shift,DelP_Pa,1826.6046482078114,-2351.509638792189,2351.509638792189,56.28160163327262,10.0,True,0.0004398778491787254,1.6847554845271255,21.788098048010568,0.0,0.0,1.0,1.0,1.0,0.0,0.5,0.0,0.5,0.3333333333333333,1.0,0.5,1.0,abstain,0.8368661947891656,1.0
G06_R0712,712,G06,500,20,1e-06,0.8,0.1,0.3,4.0,708.43279,combined_G06_Re500,combined_shift,DelP_Pa,281.8355129577809,-426.59727704221905,426.59727704221905,60.2170428958009,10.0,True,0.0014464309550606476,1.7155983725183943,20.251845114233678,0.0,0.29406487756118643,1.0,1.0,1.0,0.0,0.6470324387805932,0.14703243878059322,0.5,0.4313549591870622,1.0,0.5735162193902966,1.0,abstain,0.8368661947891656,1.0
G06_R0713,713,G06,500,20,1e-06,0.8,0.2,0.3,4.0,2030.03106,combined_G06_Re500,combined_shift,DelP_Pa,870.2039998576349,-1159.827060142365,1159.827060142365,57.13346376790733,10.0,True,0.0007149016165206355,1.7341273481474304,18.715449045760487,0.0,0.0761958447403869,1.0,1.0,1.0,0.0,0.5380979223701935,0.03809792237019345,0.5,0.35873194824679566,1.0,0.5190489611850967,1.0,abstain,0.8368661947891656,1.0
G06_R0714,714,G06,500,20,1e-06,0.8,0.3,0.3,4.0,4206.313764,combined_G06_Re500,combined_shift,DelP_Pa,1835.8779849009723,-2370.435779099028,2370.435779099028,56.35423109389867,10.0,True,0.0007096393407325301,1.6906081890956208,20.17211040539877,0.0,0.07462859804775389,1.0,1.0,1.0,0.0,0.537314299023877,0.037314299023876944,0.5,0.35820953268258465,1.0,0.5186571495119384,1.0,abstain,0.8368661947891656,1.0
G06_R0715,715,G06,500,20,1e-06,0.75,0.1,0.3,4.0,713.30219,combined_G06_Re500,combined_shift,DelP_Pa,281.53385017049897,-431.76833982950103,431.76833982950103,60.53091465056361,10.0,True,0.0020172799972909593,1.726070468233241,20.29099972165029,0.0,0.46407901392599216,1.0,1.0,1.0,0.0,0.7320395069629961,0.23203950696299608,0.5,0.48802633797533074,1.0,0.6160197534814981,1.0,abstain,0.8368661947891656,1.0
G06_R0716,716,G06,500,20,1e-06,0.75,0.2,0.3,4.0,2045.93037,combined_G06_Re500,combined_shift,DelP_Pa,875.5507839194788,-1170.3795860805212,1170.3795860805212,57.2052501513295,10.0,True,0.0005493944414439234,1.7421583543920753,18.74129205183088,0.0,0.026903374487816566,1.0,1.0,1.0,0.0,0.5134516872439083,0.013451687243908283,0.5,0.3423011248292722,1.0,0.5067258436219542,1.0,abstain,0.8368661947891656,1.0
G06_R0717,717,G06,500,20,1e-06,0.75,0.3,0.3,4.0,4239.013215,combined_G06_Re500,combined_shift,DelP_Pa,1846.34796108203,-2392.66525391797,2392.66525391797,56.443920614622805,10.0,True,0.0006879559606794673,1.6847554845271258,20.184641810122947,0.0,0.06817070662555194,1.0,1.0,1.0,0.0,0.534085353312776,0.03408535331277597,0.5,0.3560569022085173,1.0,0.517042676656388,1.0,abstain,0.8368661947891656,1.0
G06_R0718,718,G06,500,20,1e-06,0.7,0.1,0.3,4.0,718.76155,combined_G06_Re500,combined_shift,DelP_Pa,283.8794281654316,-434.88212183456847,434.88212183456847,60.50436641116493,10.0,True,0.001379762391652108,1.791046920940643,21.95867337640289,0.0,0.27420919349749634,1.0,1.0,1.0,0.0,0.6371045967487482,0.13710459674874817,0.5,0.4247363978324988,1.0,0.568552298374374,1.0,abstain,0.8368661947891656,1.0
G06_R0719,719,G06,500,20,1e-06,0.7,0.2,0.3,4.0,2064.6296300000004,combined_G06_Re500,combined_shift,DelP_Pa,882.9606819652538,-1181.6689480347466,1181.6689480347466,57.23394311815366,10.0,True,0.0004584758766588661,1.6847554845271258,20.39565410523725,0.0,0.0,1.0,1.0,1.0,0.0,0.5,0.0,0.5,0.3333333333333333,1.0,0.5,1.0,abstain,0.8368661947891656,1.0
G06_R0720,720,G06,500,20,1e-06,0.7,0.3,0.3,4.0,4277.312647,combined_G06_Re500,combined_shift,DelP_Pa,1853.4085080169593,-2423.9041389830404,2423.9041389830404,56.668855868721835,10.0,True,0.0003282562559116247,1.6847554845271258,21.825692262183104,0.0,0.0,1.0,1.0,1.0,0.0,0.5,0.0,0.5,0.3333333333333333,1.0,0.5,1.0,abstain,0.8368661947891656,1.0
G06_R0721,721,G06,500,50,0.001,0.85,0.1,0.3,4.0,201.485143,combined_G06_Re500,combined_shift,DelP_Pa,55.37510210033213,-146.11004089966787,146.11004089966787,72.51653334045969,10.0,True,0.0008691640307923904,1.6847554845271255,23.024193354592633,0.0,0.12213932400680383,1.0,1.0,1.0,0.0,0.5610696620034019,0.061069662003401914,0.5,0.3740464413356013,1.0,0.530534831001701,1.0,abstain,0.8368661947891656,1.0
G06_R0722,722,G06,500,50,0.001,0.85,0.2,0.3,4.0,300.34013000000004,combined_G06_Re500,combined_shift,DelP_Pa,81.56040975760212,-218.77972024239793,218.77972024239793,72.8439853316964,10.0,True,0.0004658140545582219,1.6957108773137093,21.476521876488498,0.0,0.002010896368047996,1.0,1.0,1.0,0.0,0.501005448184024,0.001005448184023998,0.5,0.3340036321226827,1.0,0.500502724092012,1.0,abstain,0.8368661947891656,1.0
G06_R0723,723,G06,500,50,0.001,0.85,0.3,0.3,4.0,468.33554,combined_G06_Re500,combined_shift,DelP_Pa,123.29890802638747,-345.03663197361254,345.03663197361254,73.67295507268412,10.0,True,0.000354216939237144,1.7010802848104674,22.921907826495836,0.0,0.0,1.0,1.0,1.0,0.0,0.5,0.0,0.5,0.3333333333333333,1.0,0.5,1.0,abstain,0.8368661947891656,1.0
G06_R0724,724,G06,500,50,0.001,0.8,0.1,0.3,4.0,202.959901,combined_G06_Re500,combined_shift,DelP_Pa,55.746565763258005,-147.213335236742,147.213335236742,72.53321198493391,10.0,True,0.0005201056833535751,1.6847554845271255,21.42135311261319,0.0,0.018180397757447828,1.0,1.0,1.0,0.0,0.5090901988787239,0.009090198878723914,0.5,0.33939346591914926,1.0,0.504545099439362,1.0,abstain,0.8368661947891656,1.0
G06_R0725,725,G06,500,50,0.001,0.8,0.2,0.3,4.0,303.21631,combined_G06_Re500,combined_shift,DelP_Pa,82.10934234368892,-221.1069676563111,221.1069676563111,72.92053902255822,10.0,True,0.0007273143726931583,1.6847554845271255,19.860370033162827,0.0,0.07989269603461564,1.0,1.0,1.0,0.0,0.5399463480173078,0.03994634801730782,0.5,0.35996423201153854,1.0,0.519973174008654,1.0,abstain,0.8368661947891656,1.0
G06_R0726,726,G06,500,50,0.001,0.8,0.3,0.3,4.0,473.7943800000001,combined_G06_Re500,combined_shift,DelP_Pa,124.5315075305006,-349.2628724694995,349.2628724694995,73.71612817980227,10.0,True,0.0003448833778011817,1.6906081890956208,21.29244438182395,0.0,0.0,1.0,1.0,1.0,0.0,0.5,0.0,0.5,0.3333333333333333,1.0,0.5,1.0,abstain,0.8368661947891656,1.0
G06_R0727,727,G06,500,50,0.001,0.75,0.1,0.3,4.0,204.534408,combined_G06_Re500,combined_shift,DelP_Pa,56.09169181328376,-148.44271618671627,148.44271618671627,72.57591406660353,10.0,True,0.0005259383687559855,1.6847554845271258,21.447031917969706,0.0,0.01991752771303831,1.0,1.0,1.0,0.0,0.5099587638565192,0.009958763856519155,0.5,0.33997250923767947,1.0,0.5049793819282595,1.0,abstain,0.8368661947891656,1.0
G06_R0728,728,G06,500,50,0.001,0.75,0.2,0.3,4.0,306.32201000000003,combined_G06_Re500,combined_shift,DelP_Pa,82.68232249059947,-223.63968750940057,223.63968750940057,73.00803736218646,10.0,True,0.0003265103962121894,1.796899625509138,19.872737237173126,0.0,0.0,1.0,1.0,1.0,0.0,0.5,0.0,0.5,0.3333333333333333,1.0,0.5,1.0,abstain,0.8368661947891656,1.0
G06_R0729,729,G06,500,50,0.001,0.75,0.3,0.3,4.0,479.65333,combined_G06_Re500,combined_shift,DelP_Pa,125.68740302599899,-353.965926974001,353.965926974001,73.79619922038297,10.0,True,0.0003903024833000095,1.6847554845271258,21.29149998448803,0.0,0.0,1.0,1.0,1.0,0.0,0.5,0.0,0.5,0.3333333333333333,1.0,0.5,1.0,abstain,0.8368661947891656,1.0
G06_R0730,730,G06,500,50,0.001,0.7,0.1,0.3,4.0,206.208645,combined_G06_Re500,combined_shift,DelP_Pa,56.51501570889256,-149.6936292911074,149.6936292911074,72.59328496683901,10.0,True,0.0005364927923846928,1.7497319372345277,23.1012297706622,0.0,0.023060917795733774,1.0,1.0,1.0,0.0,0.5115304588978669,0.011530458897866887,0.5,0.34102030593191124,1.0,0.5057652294489334,1.0,abstain,0.8368661947891656,1.0
G06_R0731,731,G06,500,50,0.001,0.7,0.2,0.3,4.0,309.6675,combined_G06_Re500,combined_shift,DelP_Pa,83.68282867433304,-225.98467132566697,225.98467132566697,72.97655431250195,10.0,True,0.0007402490197678032,1.7003600736142233,21.513623488519407,0.0,0.08374498041962138,1.0,1.0,1.0,0.0,0.5418724902098107,0.04187249020981069,0.5,0.36124832680654045,1.0,0.5209362451049053,1.0,abstain,0.8368661947891656,1.0
G06_R0732,732,G06,500,50,0.001,0.7,0.3,0.3,4.0,485.9724,combined_G06_Re500,combined_shift,DelP_Pa,127.07894666178638,-358.8934533382136,358.8934533382136,73.85058355952181,10.0,True,0.0001852458503786375,1.6957108773137093,22.919074634488084,0.0,0.0,1.0,1.0,1.0,0.0,0.5,0.0,0.5,0.3333333333333333,1.0,0.5,1.0,abstain,0.8368661947891656,1.0
G06_R0733,733,G06,500,50,0.0001,0.85,0.1,0.3,4.0,243.081525,combined_G06_Re500,combined_shift,DelP_Pa,68.3216985885924,-174.7598264114076,174.7598264114076,71.89350421074066,10.0,True,0.000384254868886306,1.6842721874553885,21.535027711826917,0.0,0.0,1.0,1.0,1.0,0.0,0.5,0.0,0.5,0.3333333333333333,1.0,0.5,1.0,abstain,0.8368661947891656,1.0
G06_R0734,734,G06,500,50,0.0001,0.85,0.2,0.3,4.0,394.37313,combined_G06_Re500,combined_shift,DelP_Pa,107.38370813296095,-286.989421867039,286.989421867039,72.77103839884806,10.0,True,0.0020522734306601133,1.733644051075693,19.993253192826074,0.0,0.47450099576807747,1.0,1.0,1.0,0.0,0.7372504978840387,0.23725049788403874,0.5,0.4915003319226925,1.0,0.6186252489420194,1.0,abstain,0.8368661947891656,1.0
G06_R0735,735,G06,500,50,0.0001,0.85,0.3,0.3,4.0,669.83808,combined_G06_Re500,combined_shift,DelP_Pa,173.24034537045958,-496.5977346295404,496.5977346295404,74.13698167615978,10.0,True,0.0009454785763453878,1.6847554845271255,21.444536101936734,0.0,0.1448678399443515,1.0,1.0,1.0,0.0,0.5724339199721757,0.07243391997217576,0.5,0.3816226133147838,1.0,0.5362169599860879,1.0,abstain,0.8368661947891656,1.0
G06_R0736,736,G06,500,50,0.0001,0.8,0.1,0.3,4.0,243.958356,combined_G06_Re500,combined_shift,DelP_Pa,68.60861552239146,-175.34974047760855,175.34974047760855,71.87691512300917,10.0,True,0.0008753750013713562,1.6842721874553885,19.93894338471942,0.0,0.12398911742126674,1.0,1.0,1.0,0.0,0.5619945587106334,0.06199455871063337,0.5,0.37466303914042226,1.0,0.5309972793553167,1.0,abstain,0.8368661947891656,1.0
G06_R0737,737,G06,500,50,0.0001,0.8,0.2,0.3,4.0,396.65046,combined_G06_Re500,combined_shift,DelP_Pa,107.94802622135167,-288.70243377864836,288.70243377864836,72.78509995391114,10.0,True,0.0011593469125502427,1.7151150754466573,18.38385726437237,0.0,0.20856355945293653,1.0,1.0,1.0,0.0,0.6042817797264682,0.10428177972646827,0.5,0.4028545198176455,1.0,0.5521408898632342,1.0,abstain,0.8368661947891656,1.0
G06_R0738,738,G06,500,50,0.0001,0.8,0.3,0.3,4.0,674.85418,combined_G06_Re500,combined_shift,DelP_Pa,174.72818019161582,-500.1259998083842,500.1259998083842,74.10875039825406,10.0,True,0.0010944405667089156,1.6847554845271255,19.821828572136795,0.0,0.18923271098607247,1.0,1.0,1.0,0.0,0.5946163554930363,0.09461635549303624,0.5,0.3964109036620242,1.0,0.5473081777465181,1.0,abstain,0.8368661947891656,1.0
G06_R0739,739,G06,500,50,0.0001,0.75,0.1,0.3,4.0,244.904882,combined_G06_Re500,combined_shift,DelP_Pa,68.77925138221602,-176.12563061778397,176.12563061778397,71.91593290401781,10.0,True,0.0008675587809251834,1.6842721874553885,19.97137810494791,0.0,0.1216612375958034,1.0,1.0,1.0,0.0,0.5608306187979017,0.0608306187979017,0.5,0.37388707919860115,1.0,0.5304153093989509,1.0,abstain,0.8368661947891656,1.0
G06_R0740,740,G06,500,50,0.0001,0.75,0.2,0.3,4.0,399.1884,combined_G06_Re500,combined_shift,DelP_Pa,108.49806281391659,-290.6903371860834,290.6903371860834,72.8203367598065,10.0,True,0.0011055666480792442,1.6847554845271258,18.40298038325463,0.0,0.1925463560574744,1.0,1.0,1.0,0.0,0.5962731780287371,0.0962731780287372,0.5,0.3975154520191581,1.0,0.5481365890143686,1.0,abstain,0.8368661947891656,1.0
G06_R0741,741,G06,500,50,0.0001,0.75,0.3,0.3,4.0,680.44429,combined_G06_Re500,combined_shift,DelP_Pa,175.76039368493693,-504.68389631506307,504.68389631506307,74.1697599248078,10.0,True,0.0012066476965482264,1.6847554845271258,19.827640089672833,0.0,0.22265099999479332,1.0,1.0,1.0,0.0,0.6113254999973967,0.11132549999739666,0.5,0.4075503333315978,1.0,0.5556627499986984,1.0,abstain,0.8368661947891656,1.0
G06_R0742,742,G06,500,50,0.0001,0.7,0.1,0.3,4.0,245.941056,combined_G06_Re500,combined_shift,DelP_Pa,69.04754488119409,-176.89351111880592,176.89351111880592,71.9251653204278,10.0,True,0.0010015628145546183,1.7010802848104674,21.632331872512367,0.0,0.16157122843663418,1.0,1.0,1.0,0.0,0.5807856142183171,0.08078561421831709,0.5,0.38719040947887806,1.0,0.5403928071091586,1.0,abstain,0.8368661947891656,1.0
G06_R0743,743,G06,500,50,0.0001,0.7,0.2,0.3,4.0,402.0471,combined_G06_Re500,combined_shift,DelP_Pa,109.21702706361889,-292.8300729363811,292.8300729363811,72.83476809965327,10.0,True,0.000959936246312346,1.6842721874553885,20.05062254947287,0.0,0.1491737213445836,1.0,1.0,1.0,0.0,0.5745868606722918,0.0745868606722918,0.5,0.3830579071148612,1.0,0.5372934303361458,1.0,abstain,0.8368661947891656,1.0
G06_R0744,744,G06,500,50,0.0001,0.7,0.3,0.3,4.0,686.7296,combined_G06_Re500,combined_shift,DelP_Pa,176.4064758046165,-510.3231241953835,510.3231241953835,74.31209084265241,10.0,True,0.0017839122567520375,1.7499688513590346,21.46197065454486,0.0,0.3945758494674566,1.0,1.0,1.0,0.0,0.6972879247337282,0.1972879247337283,0.5,0.46485861648915217,1.0,0.5986439623668641,1.0,abstain,0.8368661947891656,1.0
G06_R0745,745,G06,500,50,1e-05,0.85,0.1,0.3,4.0,313.4253,combined_G06_Re500,combined_shift,DelP_Pa,95.20281475297791,-218.22248524702206,218.22248524702206,69.62503832556659,10.0,True,0.0014708457679867063,1.726070468233241,21.656808095661372,0.0,0.3013362628610806,1.0,1.0,1.0,0.0,0.6506681314305403,0.1506681314305403,0.5,0.43377875428702684,1.0,0.5753340657152701,1.0,abstain,0.8368661947891656,1.0
G06_R0746,746,G06,500,50,1e-05,0.85,0.2,0.3,4.0,603.35526,combined_G06_Re500,combined_shift,DelP_Pa,192.68419818664586,-410.6710618133542,410.6710618133542,68.06455318104861,10.0,True,0.0007946643849910876,1.6847554845271255,20.120930535763843,0.0,0.09995133383184217,1.0,1.0,1.0,0.0,0.549975666915921,0.049975666915921084,0.5,0.366650444610614,1.0,0.5249878334579605,1.0,abstain,0.8368661947891656,1.0
G06_R0747,747,G06,500,50,1e-05,0.85,0.3,0.3,4.0,1108.7035199999998,combined_G06_Re500,combined_shift,DelP_Pa,350.24605602677764,-758.4574639732222,758.4574639732222,68.40940344206919,10.0,True,0.0017972779599535317,1.7905636238689056,21.578110403977792,0.0,0.3985565139139313,1.0,1.0,1.0,0.0,0.6992782569569657,0.19927825695696566,0.5,0.4661855046379771,1.0,0.5996391284784828,1.0,abstain,0.8368661947891656,1.0
G06_R0748,748,G06,500,50,1e-05,0.8,0.1,0.3,4.0,314.79423,combined_G06_Re500,combined_shift,DelP_Pa,95.8875856492331,-218.90664435076692,218.90664435076692,69.53959872478187,10.0,True,0.0010140552517962813,1.6842721874553885,20.067479683425837,0.0,0.16529181088770534,1.0,1.0,1.0,0.0,0.5826459054438526,0.08264590544385267,0.5,0.3884306036292351,1.0,0.5413229527219263,1.0,abstain,0.8368661947891656,1.0
G06_R0749,749,G06,500,50,1e-05,0.8,0.2,0.3,4.0,607.89531,combined_G06_Re500,combined_shift,DelP_Pa,193.74853755342968,-414.1467724465703,414.1467724465703,68.12797625409716,10.0,True,0.0012573385706418315,1.6842721874553885,18.5182905221821,0.0,0.23774810017898587,1.0,1.0,1.0,0.0,0.6188740500894929,0.11887405008949294,0.5,0.41258270005966197,1.0,0.5594370250447465,1.0,abstain,0.8368661947891656,1.0
G06_R0750,750,G06,500,50,1e-05,0.8,0.3,0.3,4.0,1118.31249,combined_G06_Re500,combined_shift,DelP_Pa,352.12271624630944,-766.1897737536906,766.1897737536906,68.51303017761077,10.0,True,0.002086556552891139,1.8122463055565086,19.96215878904983,0.0,0.48471142792580596,1.0,1.0,1.0,0.0,0.742355713962903,0.24235571396290298,0.5,0.494903809308602,1.0,0.6211778569814514,1.0,abstain,0.8368661947891656,1.0
G06_R0751,751,G06,500,50,1e-05,0.75,0.1,0.3,4.0,316.34308000000004,combined_G06_Re500,combined_shift,DelP_Pa,96.33625564855815,-220.00682435144188,220.00682435144188,69.54690595774747,10.0,True,0.0014617285065305235,1.7151150754466573,20.106670318526277,0.0,0.29862089817126886,1.0,1.0,1.0,0.0,0.6493104490856344,0.14931044908563443,0.5,0.4328736327237563,1.0,0.5746552245428173,1.0,abstain,0.8368661947891656,1.0
G06_R0752,752,G06,500,50,1e-05,0.75,0.2,0.3,4.0,613.0855200000001,combined_G06_Re500,combined_shift,DelP_Pa,195.35278412142642,-417.73273587857364,417.73273587857364,68.13612819930466,10.0,True,0.0012512012880568162,1.6901248920238838,18.544169555936318,0.0,0.23592025302303468,1.0,1.0,1.0,0.0,0.6179601265115173,0.11796012651151734,0.5,0.41197341767434487,1.0,0.5589800632557587,1.0,abstain,0.8368661947891656,1.0
G06_R0753,753,G06,500,50,1e-05,0.75,0.3,0.3,4.0,1129.22326,combined_G06_Re500,combined_shift,DelP_Pa,354.80535217884466,-774.4179078211553,774.4179078211553,68.57969856387436,10.0,True,0.002470897426450959,1.7336440510756934,19.97472622145783,0.0,0.5991784355828051,1.0,1.0,1.0,0.0,0.7995892177914026,0.2995892177914026,0.5,0.5330594785276017,1.0,0.6497946088957013,1.0,abstain,0.8368661947891656,1.0
G06_R0754,754,G06,500,50,1e-05,0.7,0.1,0.3,4.0,318.13183,combined_G06_Re500,combined_shift,DelP_Pa,96.9484079547238,-221.1834220452762,221.1834220452762,69.52571267240886,10.0,True,0.0013892901082302926,1.6842721874553885,21.7743800009627,0.0,0.27704680271768517,1.0,1.0,1.0,0.0,0.6385234013588426,0.13852340135884258,0.5,0.4256822675725617,1.0,0.5692617006794213,1.0,abstain,0.8368661947891656,1.0
G06_R0755,755,G06,500,50,1e-05,0.7,0.2,0.3,4.0,619.04597,combined_G06_Re500,combined_shift,DelP_Pa,196.1884130415622,-422.85755695843784,422.85755695843784,68.30794116282476,10.0,True,0.0014724196682697032,1.6842721874553885,20.198567637026514,0.0,0.30180501252612796,1.0,1.0,1.0,0.0,0.650902506263064,0.15090250626306398,0.5,0.433935004175376,1.0,0.575451253131532,1.0,abstain,0.8368661947891656,1.0
G06_R0756,756,G06,500,50,1e-05,0.7,0.3,0.3,4.0,1141.83627,combined_G06_Re500,combined_shift,DelP_Pa,360.3711901752953,-781.4650798247047,781.4650798247047,68.43932885620323,10.0,True,0.0009937708774459442,1.695227580241972,21.615812701201808,0.0,0.15925058083956659,1.0,1.0,1.0,0.0,0.5796252904197833,0.07962529041978329,0.5,0.3864168602798555,1.0,0.5398126452098917,1.0,abstain,0.8368661947891656,1.0
G06_R0757,757,G06,500,50,1e-06,0.85,0.1,0.3,4.0,704.06335,combined_G06_Re500,combined_shift,DelP_Pa,279.212893488295,-424.85045651170503,424.85045651170503,60.34264622802835,10.0,True,0.0024803941713809163,1.7445994438622765,23.389534506096005,0.0,0.6020068206165006,1.0,1.0,1.0,0.0,0.8010034103082503,0.3010034103082503,0.5,0.5340022735388336,1.0,0.6505017051541251,1.0,abstain,0.8368661947891656,1.0
G06_R0758,758,G06,500,50,1e-06,0.85,0.2,0.3,4.0,2016.13166,combined_G06_Re500,combined_shift,DelP_Pa,867.3788691966607,-1148.7527908033394,1148.7527908033394,56.978064160915935,10.0,True,0.0005014186205518354,1.6847554845271255,21.859553905301784,0.0,0.012614889876380278,1.0,1.0,1.0,0.0,0.5063074449381901,0.006307444938190139,0.5,0.3375382966254601,1.0,0.5031537224690951,1.0,abstain,0.8368661947891656,1.0
G06_R0759,759,G06,500,50,1e-06,0.85,0.3,0.3,4.0,4178.114287,combined_G06_Re500,combined_shift,DelP_Pa,1826.6079305588282,-2351.506356441172,2351.506356441172,56.28152307268783,10.0,True,0.0004018821554628862,1.7117777685573234,23.322630732619043,0.0,0.0,1.0,1.0,1.0,0.0,0.5,0.0,0.5,0.3333333333333333,1.0,0.5,1.0,abstain,0.8368661947891656,1.0
G06_R0760,760,G06,500,50,1e-06,0.8,0.1,0.3,4.0,708.42279,combined_G06_Re500,combined_shift,DelP_Pa,281.14937810886744,-427.2734118911325,427.2734118911325,60.31333518944704,10.0,True,0.0012726572730811056,1.7312029616054923,21.806962008732445,0.0,0.24231042011433557,1.0,1.0,1.0,0.0,0.6211552100571678,0.12115521005716778,0.5,0.4141034733714452,1.0,0.5605776050285839,1.0,abstain,0.8368661947891656,1.0
G06_R0761,761,G06,500,50,1e-06,0.8,0.2,0.3,4.0,2030.03102,combined_G06_Re500,combined_shift,DelP_Pa,869.1176743034142,-1160.9133456965856,1160.9133456965856,57.18697567964186,10.0,True,0.0005468632943157303,1.7319231728017361,20.263669806591995,0.0,0.02614953107007041,1.0,1.0,1.0,0.0,0.5130747655350352,0.013074765535035206,0.5,0.34204984369002345,1.0,0.5065373827675176,1.0,abstain,0.8368661947891656,1.0
G06_R0762,762,G06,500,50,1e-06,0.8,0.3,0.3,4.0,4206.313764,combined_G06_Re500,combined_shift,DelP_Pa,1835.7527954550053,-2370.5609685449954,2370.5609685449954,56.357207320899114,10.0,True,0.0010677830364854005,1.745082740934014,21.713435032563034,0.0,0.18129338439832443,1.0,1.0,1.0,0.0,0.5906466921991622,0.09064669219916222,0.5,0.39376446146610816,1.0,0.5453233460995811,1.0,abstain,0.8368661947891656,1.0
G06_R0763,763,G06,500,50,1e-06,0.75,0.1,0.3,4.0,713.28219,combined_G06_Re500,combined_shift,DelP_Pa,283.71559131451573,-429.5665986854843,429.5665986854843,60.22393446911723,10.0,True,0.0009521755645276733,1.6847554845271258,21.852908558704847,0.0,0.14686238242025396,1.0,1.0,1.0,0.0,0.573431191210127,0.07343119121012698,0.5,0.3822874608067513,1.0,0.5367155956050635,1.0,abstain,0.8368661947891656,1.0
G06_R0764,764,G06,500,50,1e-06,0.75,0.2,0.3,4.0,2045.93033,combined_G06_Re500,combined_shift,DelP_Pa,873.6909340614832,-1172.2393959385167,1172.2393959385167,57.29615416271368,10.0,True,0.0005251876764076654,1.6847554845271258,20.296304755218184,0.0,0.019693951422576902,1.0,1.0,1.0,0.0,0.5098469757112885,0.009846975711288451,0.5,0.3398979838075256,1.0,0.5049234878556442,1.0,abstain,0.8368661947891656,1.0
G06_R0765,765,G06,500,50,1e-06,0.75,0.3,0.3,4.0,4239.013215,combined_G06_Re500,combined_shift,DelP_Pa,1845.4744578103,-2393.5387571897,2393.5387571897,56.46452690262962,10.0,True,0.0001951487198555391,1.6957108773137093,21.732758379842995,0.0,0.0,1.0,1.0,1.0,0.0,0.5,0.0,0.5,0.3333333333333333,1.0,0.5,1.0,abstain,0.8368661947891656,1.0
G06_R0766,766,G06,500,50,1e-06,0.7,0.1,0.3,4.0,718.74155,combined_G06_Re500,combined_shift,DelP_Pa,285.5674487265439,-433.1741012734561,433.1741012734561,60.26840959360929,10.0,True,0.00037521033377136304,1.7062127781827185,23.527374156013224,0.0,0.0,1.0,1.0,1.0,0.0,0.5,0.0,0.5,0.3333333333333333,1.0,0.5,1.0,abstain,0.8368661947891656,1.0
G06_R0767,767,G06,500,50,1e-06,0.7,0.2,0.3,4.0,2064.6295800000003,combined_G06_Re500,combined_shift,DelP_Pa,881.9731812462045,-1182.6563987537957,1182.6563987537957,57.28177152018695,10.0,True,0.000548565410152493,1.726070468233241,21.957458751180347,0.0,0.026656466761596578,1.0,1.0,1.0,0.0,0.5133282333807982,0.013328233380798289,0.5,0.3422188222538655,1.0,0.5066641166903991,1.0,abstain,0.8368661947891656,1.0
G06_R0768,768,G06,500,50,1e-06,0.7,0.3,0.3,4.0,4277.312646,combined_G06_Re500,combined_shift,DelP_Pa,1852.9225571075863,-2424.390088892414,2424.390088892414,56.68021698529853,10.0,True,0.00027391538311525367,1.6847554845271258,23.38060077445894,0.0,0.0,1.0,1.0,1.0,0.0,0.5,0.0,0.5,0.3333333333333333,1.0,0.5,1.0,abstain,0.8368661947891656,1.0
