case_uid,split
G01_R0001,train
G01_R0002,train
G01_R0003,train
G01_R0004,train
G01_R0005,train
G01_R0006,train
G01_R0007,train
G01_R0008,train
G01_R0009,test
G01_R0010,train
G01_R0011,train
G01_R0012,train
G01_R0013,test
G01_R0014,train
G01_R0015,test
G01_R0016,train
G01_R0017,train
G01_R0018,test
G01_R0019,train
G01_R0020,test
G01_R0021,train
G01_R0022,train
G01_R0023,train
G01_R0024,test
G01_R0025,train
G01_R0026,train
G01_R0027,test
G01_R0028,train
G01_R0029,train
G01_R0030,test
G01_R0031,train
G01_R0032,train
G01_R0033,train
G01_R0034,test
G01_R0035,train
G01_R0036,train
G01_R0037,train
G01_R0038,train
G01_R0039,train
G01_R0040,train
G01_R0041,train
G01_R0042,train
G01_R0043,train
G01_R0044,test
G01_R0045,train
G01_R0046,test
G01_R0047,train
G01_R0048,train
G01_R0049,train
G01_R0050,train
G01_R0051,train
G01_R0052,test
G01_R0053,train
G01_R0054,train
G01_R0055,train
G01_R0056,train
G01_R0057,train
G01_R0058,train
G01_R0059,train
G01_R0060,train
G01_R0061,train
G01_R0062,test
G01_R0063,train
G01_R0064,train
G01_R0065,train
G01_R0066,train
G01_R0067,train
G01_R0068,train
G01_R0069,train
G01_R0070,test
G01_R0071,test
G01_R0072,train
G01_R0073,train
G01_R0074,test
G01_R0075,train
G01_R0076,train
G01_R0077,train
G01_R0078,train
G01_R0079,train
G01_R0080,test
G01_R0081,test
G01_R0082,train
G01_R0083,train
G01_R0084,train
G01_R0085,test
G01_R0086,train
G01_R0087,train
G01_R0088,train
G01_R0089,train
G01_R0090,train
G01_R0091,test
G01_R0092,train
G01_R0093,train
G01_R0094,test
G01_R0095,train
G01_R0096,test
G01_R0097,test
G01_R0098,train
G01_R0099,train
G01_R0100,test
G01_R0101,test
G01_R0102,train
G01_R0103,train
G01_R0104,train
G01_R0105,train
G01_R0106,train
G01_R0107,train
G01_R0108,train
G01_R0109,train
G01_R0110,test
G01_R0111,train
G01_R0112,test
G01_R0113,train
G01_R0114,test
G01_R0115,train
G01_R0116,train
G01_R0117,train
G01_R0118,train
G01_R0119,train
G01_R0120,train
G01_R0121,test
G01_R0122,train
G01_R0123,test
G01_R0124,train
G01_R0125,train
G01_R0126,train
G01_R0127,train
G01_R0128,train
G01_R0129,train
G01_R0130,train
G01_R0131,train
G01_R0132,train
G01_R0133,test
G01_R0134,train
G01_R0135,test
G01_R0136,test
G01_R0137,train
G01_R0138,train
G01_R0139,train
G01_R0140,test
G01_R0141,train
G01_R0142,train
G01_R0143,train
G01_R0144,train
G01_R0145,test
G01_R0146,train
G01_R0147,train
G01_R0148,train
G01_R0149,train
G01_R0150,test
G01_R0151,test
G01_R0152,test
G01_R0153,test
G01_R0154,train
G01_R0155,train
G01_R0156,train
G01_R0157,train
G01_R0158,test
G01_R0159,train
G01_R0160,train
G01_R0161,train
G01_R0162,train
G01_R0163,train
G01_R0164,train
G01_R0165,train
G01_R0166,train
G01_R0167,test
G01_R0168,train
G01_R0169,test
G01_R0170,train
G01_R0171,train
G01_R0172,train
G01_R0173,train
G01_R0174,train
G01_R0175,train
G01_R0176,test
G01_R0177,train
G01_R0178,test
G01_R0179,train
G01_R0180,test
G01_R0181,test
G01_R0182,train
G01_R0183,train
G01_R0184,train
G01_R0185,test
G01_R0186,train
G01_R0187,train
G01_R0188,train
G01_R0189,test
G01_R0190,train
G01_R0191,train
G01_R0192,test
G01_R0193,test
G01_R0194,train
G01_R0195,train
G01_R0196,train
G01_R0197,test
G01_R0198,train
G01_R0199,train
G01_R0200,test
G01_R0201,train
G01_R0202,train
G01_R0203,train
G01_R0204,test
G01_R0205,train
G01_R0206,test
G01_R0207,train
G01_R0208,train
G01_R0209,train
G01_R0210,train
G01_R0211,train
G01_R0212,test
G01_R0213,train
G01_R0214,train
G01_R0215,test
G01_R0216,train
G01_R0217,train
G01_R0218,train
G01_R0219,train
G01_R0220,train
G01_R0221,test
G01_R0222,train
G01_R0223,train
G01_R0224,train
G01_R0225,train
G01_R0226,train
G01_R0227,train
G01_R0228,train
G01_R0229,train
G01_R0230,train
G01_R0231,test
G01_R0232,train
G01_R0233,train
G01_R0234,test
G01_R0235,train
G01_R0236,train
G01_R0237,train
G01_R0238,train
G01_R0239,test
G01_R0240,test
G01_R0241,test
G01_R0242,train
G01_R0243,train
G01_R0244,train
G01_R0245,train
G01_R0246,train
G01_R0247,train
G01_R0248,train
G01_R0249,train
G01_R0250,train
G01_R0251,train
G01_R0252,test
G01_R0253,test
G01_R0254,train
G01_R0255,test
G01_R0256,train
G01_R0257,train
G01_R0258,train
G01_R0259,train
G01_R0260,train
G01_R0261,train
G01_R0262,train
G01_R0263,train
G01_R0264,train
G01_R0265,train
G01_R0266,train
G01_R0267,train
G01_R0268,train
G01_R0269,train
G01_R0270,train
G01_R0271,test
G01_R0272,train
G01_R0273,train
G01_R0274,train
G01_R0275,test
G01_R0276,train
G01_R0277,train
G01_R0278,train
G01_R0279,train
G01_R0280,test
G01_R0281,train
G01_R0282,train
G01_R0283,train
G01_R0284,train
G01_R0285,train
G01_R0286,train
G01_R0287,train
G01_R0288,test
G01_R0289,train
G01_R0290,test
G01_R0291,test
G01_R0292,test
G01_R0293,train
G01_R0294,train
G01_R0295,train
G01_R0296,train
G01_R0297,test
G01_R0298,test
G01_R0299,test
G01_R0300,train
G01_R0301,train
G01_R0302,train
G01_R0303,train
G01_R0304,train
G01_R0305,train
G01_R0306,test
G01_R0307,train
G01_R0308,train
G01_R0309,test
G01_R0310,test
G01_R0311,train
G01_R0312,train
G01_R0313,train
G01_R0314,train
G01_R0315,test
G01_R0316,test
G01_R0317,train
G01_R0318,train
G01_R0319,test
G01_R0320,train
G01_R0321,train
G01_R0322,train
G01_R0323,test
G01_R0324,train
G01_R0325,train
G01_R0326,train
G01_R0327,train
G01_R0328,train
G01_R0329,train
G01_R0330,train
G01_R0331,train
G01_R0332,train
G01_R0333,test
G01_R0334,train
G01_R0335,train
G01_R0336,train
G01_R0337,train
G01_R0338,train
G01_R0339,train
G01_R0340,train
G01_R0341,train
G01_R0342,train
G01_R0343,train
G01_R0344,train
G01_R0345,train
G01_R0346,train
G01_R0347,train
G01_R0348,train
G01_R0349,train
G01_R0350,train
G01_R0351,test
G01_R0352,test
G01_R0353,train
G01_R0354,train
G01_R0355,test
G01_R0356,train
G01_R0357,test
G01_R0358,train
G01_R0359,train
G01_R0360,train
G01_R0361,test
G01_R0362,train
G01_R0363,train
G01_R0364,train
G01_R0365,train
G01_R0366,train
G01_R0367,test
G01_R0368,test
G01_R0369,train
G01_R0370,train
G01_R0371,train
G01_R0372,test
G01_R0373,train
G01_R0374,train
G01_R0375,train
G01_R0376,train
G01_R0377,test
G01_R0378,train
G01_R0379,train
G01_R0380,train
G01_R0381,train
G01_R0382,train
G01_R0383,train
G01_R0384,train
G01_R0385,train
G01_R0386,train
G01_R0387,train
G01_R0388,test
G01_R0389,train
G01_R0390,train
G01_R0391,train
G01_R0392,train
G01_R0393,train
G01_R0394,test
G01_R0395,train
G01_R0396,train
G01_R0397,train
G01_R0398,train
G01_R0399,train
G01_R0400,train
G01_R0401,train
G01_R0402,train
G01_R0403,test
G01_R0404,train
G01_R0405,train
G01_R0406,train
G01_R0407,train
G01_R0408,train
G01_R0409,train
G01_R0410,train
G01_R0411,test
G01_R0412,train
G01_R0413,train
G01_R0414,train
G01_R0415,test
G01_R0416,test
G01_R0417,test
G01_R0418,train
G01_R0419,train
G01_R0420,train
G01_R0421,train
G01_R0422,train
G01_R0423,train
G01_R0424,train
G01_R0425,train
G01_R0426,train
G01_R0427,test
G01_R0428,train
G01_R0429,train
G01_R0430,test
G01_R0431,train
G01_R0432,train
G01_R0433,test
G01_R0434,train
G01_R0435,train
G01_R0436,train
G01_R0437,train
G01_R0438,train
G01_R0439,test
G01_R0440,train
G01_R0441,train
G01_R0442,train
G01_R0443,train
G01_R0444,test
G01_R0445,train
G01_R0446,test
G01_R0447,train
G01_R0448,train
G01_R0449,train
G01_R0450,train
G01_R0451,test
G01_R0452,train
G01_R0453,test
G01_R0454,train
G01_R0455,train
G01_R0456,train
G01_R0457,train
G01_R0458,test
G01_R0459,train
G01_R0460,train
G01_R0461,train
G01_R0462,test
G01_R0463,train
G01_R0464,test
G01_R0465,train
G01_R0466,test
G01_R0467,train
G01_R0468,train
G01_R0469,test
G01_R0470,train
G01_R0471,train
G01_R0472,test
G01_R0473,test
G01_R0474,train
G01_R0475,train
G01_R0476,train
G01_R0477,train
G01_R0478,train
G01_R0479,test
G01_R0480,train
G01_R0481,train
G01_R0482,train
G01_R0483,train
G01_R0484,train
G01_R0485,train
G01_R0486,train
G01_R0487,test
G01_R0488,train
G01_R0489,train
G01_R0490,train
G01_R0491,test
G01_R0492,train
G01_R0493,train
G01_R0494,train
G01_R0495,test
G01_R0496,test
G01_R0497,train
G01_R0498,test
G01_R0499,train
G01_R0500,train
G01_R0501,train
G01_R0502,train
G01_R0503,train
G01_R0504,train
G01_R0505,train
G01_R0506,test
G01_R0507,test
G01_R0508,train
G01_R0509,train
G01_R0510,train
G01_R0511,train
G01_R0512,test
G01_R0513,train
G01_R0514,train
G01_R0515,train
G01_R0516,train
G01_R0517,train
G01_R0518,train
G01_R0519,train
G01_R0520,train
G01_R0521,train
G01_R0522,train
G01_R0523,train
G01_R0524,train
G01_R0525,train
G01_R0526,train
G01_R0527,train
G01_R0528,train
G01_R0529,train
G01_R0530,train
G01_R0531,test
G01_R0532,train
G01_R0533,train
G01_R0534,test
G01_R0535,test
G01_R0536,train
G01_R0537,train
G01_R0538,train
G01_R0539,test
G01_R0540,train
G01_R0541,train
G01_R0542,train
G01_R0543,train
G01_R0544,train
G01_R0545,test
G01_R0546,train
G01_R0547,train
G01_R0548,train
G01_R0549,train
G01_R0550,train
G01_R0551,train
G01_R0552,test
G01_R0553,train
G01_R0554,train
G01_R0555,train
G01_R0556,test
G01_R0557,train
G01_R0558,train
G01_R0559,train
G01_R0560,train
G01_R0561,train
G01_R0562,test
G01_R0563,train
G01_R0564,train
G01_R0565,train
G01_R0566,test
G01_R0567,train
G01_R0568,test
G01_R0569,test
G01_R0570,train
G01_R0571,train
G01_R0572,train
G01_R0573,train
G01_R0574,train
G01_R0575,train
G01_R0576,train
G01_R0577,train
G01_R0578,train
G01_R0579,train
G01_R0580,train
G01_R0581,train
G01_R0582,train
G01_R0583,test
G01_R0584,train
G01_R0585,test
G01_R0586,train
G01_R0587,test
G01_R0588,train
G01_R0589,train
G01_R0590,test
G01_R0591,train
G01_R0592,train
G01_R0593,train
G01_R0594,train
G01_R0595,test
G01_R0596,train
G01_R0597,test
G01_R0598,train
G01_R0599,test
G01_R0600,test
G01_R0601,train
G01_R0602,train
G01_R0603,test
G01_R0604,train
G01_R0605,train
G01_R0606,test
G01_R0607,train
G01_R0608,train
G01_R0609,train
G01_R0610,train
G01_R0611,train
G01_R0612,train
G01_R0613,train
G01_R0614,train
G01_R0615,train
G01_R0616,train
G01_R0617,train
G01_R0618,train
G01_R0619,test
G01_R0620,train
G01_R0621,train
G01_R0622,test
G01_R0623,train
G01_R0624,train
G01_R0625,train
G01_R0626,test
G01_R0627,test
G01_R0628,train
G01_R0629,train
G01_R0630,train
G01_R0631,train
G01_R0632,train
G01_R0633,train
G01_R0634,test
G01_R0635,train
G01_R0636,train
G01_R0637,train
G01_R0638,train
G01_R0639,train
G01_R0640,train
G01_R0641,train
G01_R0642,train
G01_R0643,test
G01_R0644,train
G01_R0645,train
G01_R0646,train
G01_R0647,train
G01_R0648,train
G01_R0649,train
G01_R0650,train
G01_R0651,test
G01_R0652,train
G01_R0653,train
G01_R0654,train
G01_R0655,train
G01_R0656,test
G01_R0657,train
G01_R0658,test
G01_R0659,train
G01_R0660,train
G01_R0661,train
G01_R0662,train
G01_R0663,train
G01_R0664,train
G01_R0665,train
G01_R0666,train
G01_R0667,train
G01_R0668,train
G01_R0669,test
G01_R0670,train
G01_R0671,test
G01_R0672,train
G01_R0673,train
G01_R0674,train
G01_R0675,train
G01_R0676,train
G01_R0677,test
G01_R0678,test
G01_R0679,train
G01_R0680,train
G01_R0681,test
G01_R0682,train
G01_R0683,train
G01_R0684,test
G01_R0685,train
G01_R0686,train
G01_R0687,train
G01_R0688,train
G01_R0689,train
G01_R0690,train
G01_R0691,train
G01_R0692,test
G01_R0693,train
G01_R0694,test
G01_R0695,train
G01_R0696,train
G01_R0697,train
G01_R0698,train
G01_R0699,train
G01_R0700,train
G01_R0701,train
G01_R0702,train
G01_R0703,train
G01_R0704,train
G01_R0705,train
G01_R0706,test
G01_R0707,train
G01_R0708,train
G01_R0709,train
G01_R0710,train
G01_R0711,train
G01_R0712,train
G01_R0713,train
G01_R0714,train
G01_R0715,train
G01_R0716,train
G01_R0717,train
G01_R0718,train
G01_R0719,test
G01_R0720,train
G01_R0721,test
G01_R0722,test
G01_R0723,train
G01_R0724,train
G01_R0725,train
G01_R0726,train
G01_R0727,train
G01_R0728,train
G01_R0729,train
G01_R0730,train
G01_R0731,train
G01_R0732,test
G01_R0733,train
G01_R0734,train
G01_R0735,test
G01_R0736,train
G01_R0737,train
G01_R0738,train
G01_R0739,train
G01_R0740,train
G01_R0741,train
G01_R0742,train
G01_R0743,train
G01_R0744,train
G01_R0745,train
G01_R0746,train
G01_R0747,test
G01_R0748,train
G01_R0749,train
G01_R0750,train
G01_R0751,train
G01_R0752,test
G01_R0753,train
G01_R0754,train
G01_R0755,train
G01_R0756,train
G01_R0757,train
G01_R0758,train
G01_R0759,train
G01_R0760,test
G01_R0761,train
G01_R0762,train
G01_R0763,train
G01_R0764,train
G01_R0765,test
G01_R0766,test
G01_R0767,train
G01_R0768,train
G02_R0001,train
G02_R0002,train
G02_R0003,train
G02_R0004,train
G02_R0005,train
G02_R0006,train
G02_R0007,train
G02_R0008,train
G02_R0009,test
G02_R0010,train
G02_R0011,train
G02_R0012,train
G02_R0013,train
G02_R0014,train
G02_R0015,train
G02_R0016,train
G02_R0017,train
G02_R0018,train
G02_R0019,train
G02_R0020,test
G02_R0021,train
G02_R0022,test
G02_R0023,test
G02_R0024,train
G02_R0025,train
G02_R0026,train
G02_R0027,train
G02_R0028,train
G02_R0029,train
G02_R0030,train
G02_R0031,test
G02_R0032,train
G02_R0033,test
G02_R0034,train
G02_R0035,test
G02_R0036,test
G02_R0037,train
G02_R0038,test
G02_R0039,train
G02_R0040,test
G02_R0041,train
G02_R0042,train
G02_R0043,test
G02_R0044,test
G02_R0045,test
G02_R0046,train
G02_R0047,train
G02_R0048,train
G02_R0049,train
G02_R0050,train
G02_R0051,train
G02_R0052,train
G02_R0053,train
G02_R0054,train
G02_R0055,train
G02_R0056,train
G02_R0057,train
G02_R0058,train
G02_R0059,train
G02_R0060,train
G02_R0061,test
G02_R0062,test
G02_R0063,train
G02_R0064,test
G02_R0065,train
G02_R0066,test
G02_R0067,train
G02_R0068,train
G02_R0069,train
G02_R0070,train
G02_R0071,test
G02_R0072,train
G02_R0073,train
G02_R0074,train
G02_R0075,test
G02_R0076,test
G02_R0077,train
G02_R0078,train
G02_R0079,train
G02_R0080,train
G02_R0081,train
G02_R0082,train
G02_R0083,train
G02_R0084,train
G02_R0085,train
G02_R0086,train
G02_R0087,train
G02_R0088,train
G02_R0089,test
G02_R0090,train
G02_R0091,train
G02_R0092,test
G02_R0093,train
G02_R0094,train
G02_R0095,test
G02_R0096,train
G02_R0097,train
G02_R0098,train
G02_R0099,train
G02_R0100,train
G02_R0101,train
G02_R0102,test
G02_R0103,train
G02_R0104,test
G02_R0105,train
G02_R0106,train
G02_R0107,train
G02_R0108,train
G02_R0109,train
G02_R0110,test
G02_R0111,train
G02_R0112,test
G02_R0113,train
G02_R0114,test
G02_R0115,train
G02_R0116,train
G02_R0117,train
G02_R0118,train
G02_R0119,train
G02_R0120,train
G02_R0121,train
G02_R0122,test
G02_R0123,train
G02_R0124,train
G02_R0125,train
G02_R0126,test
G02_R0127,train
G02_R0128,train
G02_R0129,test
G02_R0130,train
G02_R0131,train
G02_R0132,train
G02_R0133,train
G02_R0134,train
G02_R0135,train
G02_R0136,train
G02_R0137,train
G02_R0138,train
G02_R0139,train
G02_R0140,test
G02_R0141,train
G02_R0142,train
G02_R0143,train
G02_R0144,test
G02_R0145,train
G02_R0146,train
G02_R0147,train
G02_R0148,test
G02_R0149,train
G02_R0150,train
G02_R0151,train
G02_R0152,train
G02_R0153,train
G02_R0154,train
G02_R0155,train
G02_R0156,train
G02_R0157,train
G02_R0158,train
G02_R0159,train
G02_R0160,train
G02_R0161,train
G02_R0162,train
G02_R0163,train
G02_R0164,test
G02_R0165,train
G02_R0166,train
G02_R0167,train
G02_R0168,train
G02_R0169,train
G02_R0170,test
G02_R0171,train
G02_R0172,train
G02_R0173,train
G02_R0174,train
G02_R0175,train
G02_R0176,train
G02_R0177,test
G02_R0178,test
G02_R0179,train
G02_R0180,train
G02_R0181,train
G02_R0182,test
G02_R0183,train
G02_R0184,train
G02_R0185,train
G02_R0186,train
G02_R0187,train
G02_R0188,train
G02_R0189,train
G02_R0190,train
G02_R0191,train
G02_R0192,train
G02_R0193,test
G02_R0194,train
G02_R0195,train
G02_R0196,train
G02_R0197,test
G02_R0198,train
G02_R0199,train
G02_R0200,train
G02_R0201,train
G02_R0202,test
G02_R0203,train
G02_R0204,train
G02_R0205,train
G02_R0206,train
G02_R0207,train
G02_R0208,train
G02_R0209,train
G02_R0210,test
G02_R0211,train
G02_R0212,train
G02_R0213,train
G02_R0214,train
G02_R0215,train
G02_R0216,train
G02_R0217,train
G02_R0218,train
G02_R0219,train
G02_R0220,train
G02_R0221,train
G02_R0222,train
G02_R0223,train
G02_R0224,train
G02_R0225,train
G02_R0226,train
G02_R0227,test
G02_R0228,train
G02_R0229,test
G02_R0230,train
G02_R0231,train
G02_R0232,test
G02_R0233,train
G02_R0234,test
G02_R0235,train
G02_R0236,train
G02_R0237,train
G02_R0238,train
G02_R0239,train
G02_R0240,train
G02_R0241,train
G02_R0242,train
G02_R0243,test
G02_R0244,train
G02_R0245,train
G02_R0246,train
G02_R0247,train
G02_R0248,train
G02_R0249,train
G02_R0250,train
G02_R0251,test
G02_R0252,train
G02_R0253,test
G02_R0254,train
G02_R0255,train
G02_R0256,train
G02_R0257,test
G02_R0258,test
G02_R0259,train
G02_R0260,test
G02_R0261,train
G02_R0262,test
G02_R0263,train
G02_R0264,train
G02_R0265,test
G02_R0266,train
G02_R0267,test
G02_R0268,train
G02_R0269,train
G02_R0270,train
G02_R0271,test
G02_R0272,train
G02_R0273,train
G02_R0274,test
G02_R0275,train
G02_R0276,train
G02_R0277,test
G02_R0278,train
G02_R0279,train
G02_R0280,train
G02_R0281,train
G02_R0282,train
G02_R0283,train
G02_R0284,test
G02_R0285,test
G02_R0286,train
G02_R0287,train
G02_R0288,test
G02_R0289,test
G02_R0290,test
G02_R0291,train
G02_R0292,train
G02_R0293,train
G02_R0294,train
G02_R0295,train
G02_R0296,train
G02_R0297,train
G02_R0298,train
G02_R0299,train
G02_R0300,train
G02_R0301,test
G02_R0302,train
G02_R0303,train
G02_R0304,train
G02_R0305,train
G02_R0306,train
G02_R0307,train
G02_R0308,test
G02_R0309,train
G02_R0310,train
G02_R0311,train
G02_R0312,train
G02_R0313,train
G02_R0314,train
G02_R0315,train
G02_R0316,train
G02_R0317,test
G02_R0318,train
G02_R0319,train
G02_R0320,train
G02_R0321,train
G02_R0322,train
G02_R0323,test
G02_R0324,train
G02_R0325,train
G02_R0326,train
G02_R0327,test
G02_R0328,train
G02_R0329,train
G02_R0330,train
G02_R0331,train
G02_R0332,train
G02_R0333,train
G02_R0334,train
G02_R0335,test
G02_R0336,test
G02_R0337,train
G02_R0338,train
G02_R0339,train
G02_R0340,train
G02_R0341,test
G02_R0342,train
G02_R0343,train
G02_R0344,train
G02_R0345,train
G02_R0346,test
G02_R0347,train
G02_R0348,test
G02_R0349,test
G02_R0350,test
G02_R0351,train
G02_R0352,train
G02_R0353,train
G02_R0354,train
G02_R0355,train
G02_R0356,train
G02_R0357,train
G02_R0358,train
G02_R0359,test
G02_R0360,train
G02_R0361,test
G02_R0362,test
G02_R0363,train
G02_R0364,train
G02_R0365,train
G02_R0366,train
G02_R0367,train
G02_R0368,train
G02_R0369,train
G02_R0370,train
G02_R0371,train
G02_R0372,train
G02_R0373,train
G02_R0374,train
G02_R0375,train
G02_R0376,train
G02_R0377,train
G02_R0378,train
G02_R0379,train
G02_R0380,train
G02_R0381,train
G02_R0382,test
G02_R0383,train
G02_R0384,train
G02_R0385,train
G02_R0386,train
G02_R0387,train
G02_R0388,train
G02_R0389,train
G02_R0390,train
G02_R0391,train
G02_R0392,train
G02_R0393,train
G02_R0394,test
G02_R0395,test
G02_R0396,train
G02_R0397,test
G02_R0398,train
G02_R0399,train
G02_R0400,train
G02_R0401,train
G02_R0402,train
G02_R0403,test
G02_R0404,train
G02_R0405,train
G02_R0406,test
G02_R0407,train
G02_R0408,train
G02_R0409,train
G02_R0410,train
G02_R0411,train
G02_R0412,train
G02_R0413,train
G02_R0414,test
G02_R0415,train
G02_R0416,test
G02_R0417,train
G02_R0418,train
G02_R0419,train
G02_R0420,test
G02_R0421,train
G02_R0422,train
G02_R0423,train
G02_R0424,train
G02_R0425,test
G02_R0426,train
G02_R0427,train
G02_R0428,train
G02_R0429,test
G02_R0430,test
G02_R0431,train
G02_R0432,train
G02_R0433,test
G02_R0434,train
G02_R0435,train
G02_R0436,train
G02_R0437,test
G02_R0438,train
G02_R0439,train
G02_R0440,train
G02_R0441,train
G02_R0442,test
G02_R0443,test
G02_R0444,train
G02_R0445,test
G02_R0446,train
G02_R0447,train
G02_R0448,train
G02_R0449,train
G02_R0450,train
G02_R0451,train
G02_R0452,train
G02_R0453,test
G02_R0454,test
G02_R0455,test
G02_R0456,train
G02_R0457,train
G02_R0458,train
G02_R0459,train
G02_R0460,train
G02_R0461,test
G02_R0462,train
G02_R0463,train
G02_R0464,test
G02_R0465,train
G02_R0466,train
G02_R0467,train
G02_R0468,test
G02_R0469,train
G02_R0470,train
G02_R0471,train
G02_R0472,train
G02_R0473,train
G02_R0474,train
G02_R0475,test
G02_R0476,train
G02_R0477,test
G02_R0478,train
G02_R0479,train
G02_R0480,train
G02_R0481,train
G02_R0482,train
G02_R0483,train
G02_R0484,train
G02_R0485,train
G02_R0486,test
G02_R0487,train
G02_R0488,test
G02_R0489,train
G02_R0490,train
G02_R0491,train
G02_R0492,train
G02_R0493,test
G02_R0494,test
G02_R0495,train
G02_R0496,train
G02_R0497,test
G02_R0498,train
G02_R0499,train
G02_R0500,train
G02_R0501,test
G02_R0502,train
G02_R0503,test
G02_R0504,train
G02_R0505,train
G02_R0506,train
G02_R0507,train
G02_R0508,train
G02_R0509,train
G02_R0510,train
G02_R0511,train
G02_R0512,train
G02_R0513,train
G02_R0514,test
G02_R0515,train
G02_R0516,train
G02_R0517,train
G02_R0518,train
G02_R0519,train
G02_R0520,train
G02_R0521,test
G02_R0522,train
G02_R0523,train
G02_R0524,train
G02_R0525,train
G02_R0526,train
G02_R0527,train
G02_R0528,test
G02_R0529,train
G02_R0530,train
G02_R0531,train
G02_R0532,train
G02_R0533,train
G02_R0534,train
G02_R0535,train
G02_R0536,train
G02_R0537,train
G02_R0538,train
G02_R0539,train
G02_R0540,train
G02_R0541,train
G02_R0542,test
G02_R0543,train
G02_R0544,train
G02_R0545,train
G02_R0546,train
G02_R0547,train
G02_R0548,test
G02_R0549,train
G02_R0550,train
G02_R0551,train
G02_R0552,train
G02_R0553,train
G02_R0554,train
G02_R0555,test
G02_R0556,train
G02_R0557,train
G02_R0558,train
G02_R0559,train
G02_R0560,train
G02_R0561,train
G02_R0562,train
G02_R0563,train
G02_R0564,train
G02_R0565,train
G02_R0566,train
G02_R0567,train
G02_R0568,train
G02_R0569,train
G02_R0570,train
G02_R0571,train
G02_R0572,train
G02_R0573,train
G02_R0574,train
G02_R0575,train
G02_R0576,train
G02_R0577,test
G02_R0578,test
G02_R0579,train
G02_R0580,train
G02_R0581,train
G02_R0582,train
G02_R0583,train
G02_R0584,train
G02_R0585,train
G02_R0586,train
G02_R0587,train
G02_R0588,train
G02_R0589,train
G02_R0590,train
G02_R0591,train
G02_R0592,train
G02_R0593,test
G02_R0594,train
G02_R0595,test
G02_R0596,train
G02_R0597,train
G02_R0598,train
G02_R0599,train
G02_R0600,train
G02_R0601,train
G02_R0602,train
G02_R0603,train
G02_R0604,train
G02_R0605,train
G02_R0606,train
G02_R0607,test
G02_R0608,test
G02_R0609,train
G02_R0610,train
G02_R0611,test
G02_R0612,train
G02_R0613,train
G02_R0614,train
G02_R0615,train
G02_R0616,train
G02_R0617,train
G02_R0618,train
G02_R0619,train
G02_R0620,train
G02_R0621,train
G02_R0622,train
G02_R0623,train
G02_R0624,test
G02_R0625,train
G02_R0626,train
G02_R0627,train
G02_R0628,train
G02_R0629,train
G02_R0630,test
G02_R0631,train
G02_R0632,train
G02_R0633,train
G02_R0634,train
G02_R0635,train
G02_R0636,train
G02_R0637,train
G02_R0638,train
G02_R0639,train
G02_R0640,test
G02_R0641,train
G02_R0642,train
G02_R0643,train
G02_R0644,test
G02_R0645,train
G02_R0646,test
G02_R0647,train
G02_R0648,train
G02_R0649,train
G02_R0650,test
G02_R0651,train
G02_R0652,test
G02_R0653,train
G02_R0654,test
G02_R0655,train
G02_R0656,train
G02_R0657,train
G02_R0658,test
G02_R0659,test
G02_R0660,test
G02_R0661,train
G02_R0662,train
G02_R0663,train
G02_R0664,train
G02_R0665,test
G02_R0666,train
G02_R0667,train
G02_R0668,train
G02_R0669,train
G02_R0670,test
G02_R0671,test
G02_R0672,train
G02_R0673,train
G02_R0674,train
G02_R0675,train
G02_R0676,train
G02_R0677,train
G02_R0678,train
G02_R0679,train
G02_R0680,train
G02_R0681,test
G02_R0682,train
G02_R0683,train
G02_R0684,test
G02_R0685,train
G02_R0686,train
G02_R0687,train
G02_R0688,train
G02_R0689,train
G02_R0690,train
G02_R0691,train
G02_R0692,train
G02_R0693,train
G02_R0694,test
G02_R0695,train
G02_R0696,train
G02_R0697,train
G02_R0698,train
G02_R0699,train
G02_R0700,test
G02_R0701,train
G02_R0702,train
G02_R0703,train
G02_R0704,train
G02_R0705,train
G02_R0706,train
G02_R0707,test
G02_R0708,train
G02_R0709,test
G02_R0710,train
G02_R0711,train
G02_R0712,test
G02_R0713,train
G02_R0714,train
G02_R0715,test
G02_R0716,train
G02_R0717,train
G02_R0718,test
G02_R0719,train
G02_R0720,train
G02_R0721,train
G02_R0722,train
G02_R0723,train
G02_R0724,test
G02_R0725,train
G02_R0726,train
G02_R0727,train
G02_R0728,train
G02_R0729,train
G02_R0730,train
G02_R0731,train
G02_R0732,train
G02_R0733,train
G02_R0734,test
G02_R0735,test
G02_R0736,test
G02_R0737,test
G02_R0738,train
G02_R0739,train
G02_R0740,test
G02_R0741,train
G02_R0742,train
G02_R0743,test
G02_R0744,train
G02_R0745,test
G02_R0746,train
G02_R0747,train
G02_R0748,test
G02_R0749,train
G02_R0750,train
G02_R0751,train
G02_R0752,train
G02_R0753,train
G02_R0754,train
G02_R0755,train
G02_R0756,train
G02_R0757,train
G02_R0758,train
G02_R0759,train
G02_R0760,train
G02_R0761,train
G02_R0762,train
G02_R0763,train
G02_R0764,train
G02_R0765,test
G02_R0766,test
G02_R0767,test
G02_R0768,train
G03_R0001,test
G03_R0002,train
G03_R0003,train
G03_R0004,train
G03_R0005,train
G03_R0006,train
G03_R0007,train
G03_R0008,train
G03_R0009,train
G03_R0010,test
G03_R0011,train
G03_R0012,train
G03_R0013,train
G03_R0014,train
G03_R0015,train
G03_R0016,train
G03_R0017,train
G03_R0018,test
G03_R0019,test
G03_R0020,train
G03_R0021,train
G03_R0022,test
G03_R0023,test
G03_R0024,train
G03_R0025,train
G03_R0026,train
G03_R0027,train
G03_R0028,test
G03_R0029,test
G03_R0030,train
G03_R0031,train
G03_R0032,train
G03_R0033,train
G03_R0034,test
G03_R0035,train
G03_R0036,train
G03_R0037,train
G03_R0038,train
G03_R0039,train
G03_R0040,train
G03_R0041,train
G03_R0042,train
G03_R0043,test
G03_R0044,train
G03_R0045,train
G03_R0046,train
G03_R0047,train
G03_R0048,test
G03_R0049,train
G03_R0050,train
G03_R0051,train
G03_R0052,train
G03_R0053,train
G03_R0054,train
G03_R0055,test
G03_R0056,train
G03_R0057,train
G03_R0058,test
G03_R0059,train
G03_R0060,train
G03_R0061,train
G03_R0062,train
G03_R0063,test
G03_R0064,train
G03_R0065,train
G03_R0066,train
G03_R0067,train
G03_R0068,train
G03_R0069,train
G03_R0070,train
G03_R0071,test
G03_R0072,train
G03_R0073,train
G03_R0074,train
G03_R0075,test
G03_R0076,train
G03_R0077,test
G03_R0078,train
G03_R0079,train
G03_R0080,test
G03_R0081,train
G03_R0082,train
G03_R0083,test
G03_R0084,train
G03_R0085,train
G03_R0086,train
G03_R0087,train
G03_R0088,train
G03_R0089,train
G03_R0090,train
G03_R0091,train
G03_R0092,train
G03_R0093,train
G03_R0094,train
G03_R0095,train
G03_R0096,train
G03_R0097,train
G03_R0098,train
G03_R0099,test
G03_R0100,train
G03_R0101,train
G03_R0102,train
G03_R0103,train
G03_R0104,train
G03_R0105,train
G03_R0106,train
G03_R0107,train
G03_R0108,test
G03_R0109,train
G03_R0110,train
G03_R0111,train
G03_R0112,test
G03_R0113,train
G03_R0114,train
G03_R0115,test
G03_R0116,train
G03_R0117,test
G03_R0118,train
G03_R0119,train
G03_R0120,train
G03_R0121,train
G03_R0122,test
G03_R0123,train
G03_R0124,test
G03_R0125,train
G03_R0126,train
G03_R0127,test
G03_R0128,train
G03_R0129,train
G03_R0130,train
G03_R0131,test
G03_R0132,train
G03_R0133,train
G03_R0134,train
G03_R0135,test
G03_R0136,train
G03_R0137,test
G03_R0138,train
G03_R0139,train
G03_R0140,test
G03_R0141,train
G03_R0142,train
G03_R0143,train
G03_R0144,train
G03_R0145,train
G03_R0146,train
G03_R0147,train
G03_R0148,train
G03_R0149,test
G03_R0150,train
G03_R0151,train
G03_R0152,train
G03_R0153,train
G03_R0154,train
G03_R0155,train
G03_R0156,train
G03_R0157,train
G03_R0158,train
G03_R0159,train
G03_R0160,train
G03_R0161,train
G03_R0162,train
G03_R0163,test
G03_R0164,train
G03_R0165,train
G03_R0166,train
G03_R0167,train
G03_R0168,test
G03_R0169,train
G03_R0170,test
G03_R0171,train
G03_R0172,train
G03_R0173,train
G03_R0174,train
G03_R0175,train
G03_R0176,train
G03_R0177,train
G03_R0178,train
G03_R0179,test
G03_R0180,train
G03_R0181,train
G03_R0182,train
G03_R0183,train
G03_R0184,train
G03_R0185,test
G03_R0186,train
G03_R0187,train
G03_R0188,train
G03_R0189,train
G03_R0190,train
G03_R0191,test
G03_R0192,train
G03_R0193,train
G03_R0194,train
G03_R0195,train
G03_R0196,train
G03_R0197,test
G03_R0198,train
G03_R0199,train
G03_R0200,train
G03_R0201,train
G03_R0202,train
G03_R0203,train
G03_R0204,test
G03_R0205,train
G03_R0206,test
G03_R0207,train
G03_R0208,test
G03_R0209,train
G03_R0210,test
G03_R0211,test
G03_R0212,train
G03_R0213,train
G03_R0214,train
G03_R0215,train
G03_R0216,train
G03_R0217,train
G03_R0218,train
G03_R0219,train
G03_R0220,train
G03_R0221,test
G03_R0222,train
G03_R0223,test
G03_R0224,train
G03_R0225,test
G03_R0226,train
G03_R0227,train
G03_R0228,train
G03_R0229,train
G03_R0230,train
G03_R0231,train
G03_R0232,train
G03_R0233,train
G03_R0234,test
G03_R0235,test
G03_R0236,train
G03_R0237,train
G03_R0238,train
G03_R0239,train
G03_R0240,train
G03_R0241,train
G03_R0242,train
G03_R0243,train
G03_R0244,test
G03_R0245,test
G03_R0246,train
G03_R0247,test
G03_R0248,train
G03_R0249,train
G03_R0250,train
G03_R0251,test
G03_R0252,test
G03_R0253,test
G03_R0254,train
G03_R0255,train
G03_R0256,train
G03_R0257,train
G03_R0258,test
G03_R0259,train
G03_R0260,train
G03_R0261,train
G03_R0262,train
G03_R0263,train
G03_R0264,train
G03_R0265,test
G03_R0266,train
G03_R0267,train
G03_R0268,test
G03_R0269,train
G03_R0270,train
G03_R0271,train
G03_R0272,train
G03_R0273,train
G03_R0274,train
G03_R0275,train
G03_R0276,train
G03_R0277,test
G03_R0278,train
G03_R0279,train
G03_R0280,test
G03_R0281,train
G03_R0282,train
G03_R0283,test
G03_R0284,train
G03_R0285,train
G03_R0286,train
G03_R0287,train
G03_R0288,train
G03_R0289,train
G03_R0290,train
G03_R0291,train
G03_R0292,train
G03_R0293,train
G03_R0294,train
G03_R0295,train
G03_R0296,test
G03_R0297,test
G03_R0298,train
G03_R0299,train
G03_R0300,test
G03_R0301,train
G03_R0302,test
G03_R0303,train
G03_R0304,test
G03_R0305,train
G03_R0306,train
G03_R0307,train
G03_R0308,train
G03_R0309,train
G03_R0310,train
G03_R0311,test
G03_R0312,train
G03_R0313,train
G03_R0314,train
G03_R0315,train
G03_R0316,train
G03_R0317,train
G03_R0318,train
G03_R0319,train
G03_R0320,train
G03_R0321,train
G03_R0322,train
G03_R0323,train
G03_R0324,test
G03_R0325,train
G03_R0326,train
G03_R0327,test
G03_R0328,train
G03_R0329,test
G03_R0330,train
G03_R0331,train
G03_R0332,train
G03_R0333,train
G03_R0334,train
G03_R0335,train
G03_R0336,train
G03_R0337,train
G03_R0338,train
G03_R0339,train
G03_R0340,train
G03_R0341,train
G03_R0342,test
G03_R0343,test
G03_R0344,train
G03_R0345,train
G03_R0346,train
G03_R0347,train
G03_R0348,train
G03_R0349,train
G03_R0350,train
G03_R0351,train
G03_R0352,train
G03_R0353,train
G03_R0354,train
G03_R0355,train
G03_R0356,train
G03_R0357,train
G03_R0358,train
G03_R0359,train
G03_R0360,train
G03_R0361,train
G03_R0362,train
G03_R0363,train
G03_R0364,train
G03_R0365,train
G03_R0366,train
G03_R0367,test
G03_R0368,train
G03_R0369,test
G03_R0370,train
G03_R0371,train
G03_R0372,test
G03_R0373,train
G03_R0374,test
G03_R0375,test
G03_R0376,train
G03_R0377,train
G03_R0378,train
G03_R0379,train
G03_R0380,train
G03_R0381,train
G03_R0382,train
G03_R0383,train
G03_R0384,train
G03_R0385,train
G03_R0386,test
G03_R0387,train
G03_R0388,train
G03_R0389,test
G03_R0390,train
G03_R0391,train
G03_R0392,train
G03_R0393,train
G03_R0394,train
G03_R0395,train
G03_R0396,train
G03_R0397,train
G03_R0398,train
G03_R0399,train
G03_R0400,train
G03_R0401,train
G03_R0402,train
G03_R0403,train
G03_R0404,train
G03_R0405,train
G03_R0406,train
G03_R0407,train
G03_R0408,train
G03_R0409,train
G03_R0410,train
G03_R0411,train
G03_R0412,train
G03_R0413,train
G03_R0414,train
G03_R0415,train
G03_R0416,train
G03_R0417,train
G03_R0418,train
G03_R0419,test
G03_R0420,train
G03_R0421,train
G03_R0422,test
G03_R0423,train
G03_R0424,train
G03_R0425,train
G03_R0426,train
G03_R0427,test
G03_R0428,train
G03_R0429,train
G03_R0430,test
G03_R0431,train
G03_R0432,train
G03_R0433,train
G03_R0434,train
G03_R0435,train
G03_R0436,train
G03_R0437,test
G03_R0438,test
G03_R0439,test
G03_R0440,train
G03_R0441,train
G03_R0442,train
G03_R0443,train
G03_R0444,train
G03_R0445,train
G03_R0446,train
G03_R0447,train
G03_R0448,test
G03_R0449,train
G03_R0450,train
G03_R0451,train
G03_R0452,train
G03_R0453,train
G03_R0454,train
G03_R0455,train
G03_R0456,test
G03_R0457,test
G03_R0458,train
G03_R0459,train
G03_R0460,train
G03_R0461,train
G03_R0462,train
G03_R0463,train
G03_R0464,train
G03_R0465,train
G03_R0466,train
G03_R0467,train
G03_R0468,train
G03_R0469,test
G03_R0470,test
G03_R0471,train
G03_R0472,train
G03_R0473,train
G03_R0474,train
G03_R0475,train
G03_R0476,train
G03_R0477,train
G03_R0478,train
G03_R0479,train
G03_R0480,train
G03_R0481,test
G03_R0482,train
G03_R0483,test
G03_R0484,train
G03_R0485,train
G03_R0486,train
G03_R0487,train
G03_R0488,train
G03_R0489,test
G03_R0490,test
G03_R0491,train
G03_R0492,train
G03_R0493,test
G03_R0494,train
G03_R0495,train
G03_R0496,train
G03_R0497,train
G03_R0498,train
G03_R0499,train
G03_R0500,train
G03_R0501,train
G03_R0502,train
G03_R0503,train
G03_R0504,train
G03_R0505,train
G03_R0506,train
G03_R0507,train
G03_R0508,train
G03_R0509,train
G03_R0510,test
G03_R0511,train
G03_R0512,train
G03_R0513,train
G03_R0514,train
G03_R0515,train
G03_R0516,train
G03_R0517,train
G03_R0518,test
G03_R0519,train
G03_R0520,train
G03_R0521,train
G03_R0522,train
G03_R0523,train
G03_R0524,test
G03_R0525,train
G03_R0526,train
G03_R0527,train
G03_R0528,train
G03_R0529,train
G03_R0530,train
G03_R0531,train
G03_R0532,train
G03_R0533,train
G03_R0534,test
G03_R0535,train
G03_R0536,train
G03_R0537,train
G03_R0538,train
G03_R0539,train
G03_R0540,train
G03_R0541,train
G03_R0542,train
G03_R0543,train
G03_R0544,train
G03_R0545,test
G03_R0546,train
G03_R0547,train
G03_R0548,test
G03_R0549,train
G03_R0550,test
G03_R0551,train
G03_R0552,train
G03_R0553,test
G03_R0554,train
G03_R0555,train
G03_R0556,test
G03_R0557,train
G03_R0558,train
G03_R0559,train
G03_R0560,train
G03_R0561,test
G03_R0562,test
G03_R0563,train
G03_R0564,train
G03_R0565,train
G03_R0566,train
G03_R0567,train
G03_R0568,train
G03_R0569,train
G03_R0570,train
G03_R0571,train
G03_R0572,train
G03_R0573,train
G03_R0574,train
G03_R0575,train
G03_R0576,train
G03_R0577,train
G03_R0578,train
G03_R0579,test
G03_R0580,test
G03_R0581,train
G03_R0582,train
G03_R0583,train
G03_R0584,test
G03_R0585,train
G03_R0586,test
G03_R0587,train
G03_R0588,test
G03_R0589,train
G03_R0590,train
G03_R0591,train
G03_R0592,test
G03_R0593,train
G03_R0594,train
G03_R0595,train
G03_R0596,test
G03_R0597,train
G03_R0598,train
G03_R0599,train
G03_R0600,train
G03_R0601,train
G03_R0602,train
G03_R0603,test
G03_R0604,train
G03_R0605,train
G03_R0606,train
G03_R0607,train
G03_R0608,train
G03_R0609,train
G03_R0610,train
G03_R0611,test
G03_R0612,train
G03_R0613,train
G03_R0614,train
G03_R0615,train
G03_R0616,train
G03_R0617,train
G03_R0618,train
G03_R0619,test
G03_R0620,train
G03_R0621,train
G03_R0622,test
G03_R0623,train
G03_R0624,train
G03_R0625,train
G03_R0626,train
G03_R0627,train
G03_R0628,train
G03_R0629,test
G03_R0630,train
G03_R0631,train
G03_R0632,train
G03_R0633,train
G03_R0634,train
G03_R0635,train
G03_R0636,train
G03_R0637,test
G03_R0638,train
G03_R0639,train
G03_R0640,train
G03_R0641,train
G03_R0642,test
G03_R0643,test
G03_R0644,train
G03_R0645,train
G03_R0646,test
G03_R0647,train
G03_R0648,train
G03_R0649,test
G03_R0650,test
G03_R0651,test
G03_R0652,train
G03_R0653,train
G03_R0654,train
G03_R0655,train
G03_R0656,train
G03_R0657,train
G03_R0658,train
G03_R0659,train
G03_R0660,test
G03_R0661,train
G03_R0662,train
G03_R0663,train
G03_R0664,train
G03_R0665,train
G03_R0666,train
G03_R0667,train
G03_R0668,train
G03_R0669,train
G03_R0670,train
G03_R0671,train
G03_R0672,train
G03_R0673,train
G03_R0674,train
G03_R0675,train
G03_R0676,train
G03_R0677,train
G03_R0678,train
G03_R0679,train
G03_R0680,test
G03_R0681,train
G03_R0682,test
G03_R0683,test
G03_R0684,train
G03_R0685,train
G03_R0686,train
G03_R0687,train
G03_R0688,train
G03_R0689,train
G03_R0690,train
G03_R0691,test
G03_R0692,test
G03_R0693,test
G03_R0694,train
G03_R0695,test
G03_R0696,train
G03_R0697,train
G03_R0698,train
G03_R0699,train
G03_R0700,train
G03_R0701,train
G03_R0702,train
G03_R0703,test
G03_R0704,train
G03_R0705,train
G03_R0706,train
G03_R0707,train
G03_R0708,train
G03_R0709,test
G03_R0710,train
G03_R0711,train
G03_R0712,train
G03_R0713,train
G03_R0714,train
G03_R0715,train
G03_R0716,train
G03_R0717,test
G03_R0718,train
G03_R0719,train
G03_R0720,train
G03_R0721,test
G03_R0722,train
G03_R0723,train
G03_R0724,train
G03_R0725,test
G03_R0726,train
G03_R0727,train
G03_R0728,train
G03_R0729,test
G03_R0730,train
G03_R0731,train
G03_R0732,test
G03_R0733,train
G03_R0734,train
G03_R0735,train
G03_R0736,train
G03_R0737,train
G03_R0738,train
G03_R0739,test
G03_R0740,train
G03_R0741,train
G03_R0742,test
G03_R0743,train
G03_R0744,train
G03_R0745,train
G03_R0746,train
G03_R0747,test
G03_R0748,test
G03_R0749,test
G03_R0750,test
G03_R0751,train
G03_R0752,test
G03_R0753,test
G03_R0754,train
G03_R0755,test
G03_R0756,train
G03_R0757,train
G03_R0758,train
G03_R0759,train
G03_R0760,test
G03_R0761,train
G03_R0762,train
G03_R0763,test
G03_R0764,train
G03_R0765,train
G03_R0766,train
G03_R0767,test
G03_R0768,train
G04_R0001,test
G04_R0002,test
G04_R0003,train
G04_R0004,train
G04_R0005,train
G04_R0006,test
G04_R0007,train
G04_R0008,test
G04_R0009,test
G04_R0010,test
G04_R0011,train
G04_R0012,train
G04_R0013,train
G04_R0014,train
G04_R0015,train
G04_R0016,test
G04_R0017,train
G04_R0018,test
G04_R0019,train
G04_R0020,train
G04_R0021,train
G04_R0022,train
G04_R0023,train
G04_R0024,train
G04_R0025,train
G04_R0026,test
G04_R0027,test
G04_R0028,test
G04_R0029,train
G04_R0030,train
G04_R0031,train
G04_R0032,train
G04_R0033,train
G04_R0034,train
G04_R0035,train
G04_R0036,train
G04_R0037,train
G04_R0038,train
G04_R0039,test
G04_R0040,train
G04_R0041,train
G04_R0042,train
G04_R0043,train
G04_R0044,test
G04_R0045,test
G04_R0046,train
G04_R0047,train
G04_R0048,test
G04_R0049,train
G04_R0050,train
G04_R0051,test
G04_R0052,train
G04_R0053,train
G04_R0054,train
G04_R0055,train
G04_R0056,train
G04_R0057,train
G04_R0058,train
G04_R0059,train
G04_R0060,train
G04_R0061,train
G04_R0062,train
G04_R0063,train
G04_R0064,train
G04_R0065,train
G04_R0066,test
G04_R0067,test
G04_R0068,train
G04_R0069,test
G04_R0070,train
G04_R0071,train
G04_R0072,train
G04_R0073,train
G04_R0074,test
G04_R0075,test
G04_R0076,train
G04_R0077,test
G04_R0078,train
G04_R0079,train
G04_R0080,train
G04_R0081,test
G04_R0082,train
G04_R0083,train
G04_R0084,test
G04_R0085,train
G04_R0086,train
G04_R0087,train
G04_R0088,train
G04_R0089,test
G04_R0090,train
G04_R0091,train
G04_R0092,train
G04_R0093,train
G04_R0094,train
G04_R0095,train
G04_R0096,train
G04_R0097,train
G04_R0098,train
G04_R0099,test
G04_R0100,train
G04_R0101,train
G04_R0102,train
G04_R0103,train
G04_R0104,train
G04_R0105,train
G04_R0106,test
G04_R0107,train
G04_R0108,train
G04_R0109,train
G04_R0110,train
G04_R0111,train
G04_R0112,train
G04_R0113,train
G04_R0114,train
G04_R0115,train
G04_R0116,train
G04_R0117,test
G04_R0118,train
G04_R0119,test
G04_R0120,test
G04_R0121,train
G04_R0122,train
G04_R0123,test
G04_R0124,train
G04_R0125,train
G04_R0126,train
G04_R0127,train
G04_R0128,train
G04_R0129,train
G04_R0130,train
G04_R0131,train
G04_R0132,train
G04_R0133,test
G04_R0134,test
G04_R0135,train
G04_R0136,train
G04_R0137,train
G04_R0138,test
G04_R0139,train
G04_R0140,train
G04_R0141,train
G04_R0142,train
G04_R0143,train
G04_R0144,test
G04_R0145,train
G04_R0146,train
G04_R0147,train
G04_R0148,train
G04_R0149,train
G04_R0150,train
G04_R0151,train
G04_R0152,train
G04_R0153,test
G04_R0154,test
G04_R0155,test
G04_R0156,train
G04_R0157,test
G04_R0158,train
G04_R0159,train
G04_R0160,test
G04_R0161,train
G04_R0162,train
G04_R0163,train
G04_R0164,train
G04_R0165,train
G04_R0166,train
G04_R0167,test
G04_R0168,train
G04_R0169,train
G04_R0170,train
G04_R0171,train
G04_R0172,train
G04_R0173,train
G04_R0174,train
G04_R0175,test
G04_R0176,train
G04_R0177,train
G04_R0178,train
G04_R0179,train
G04_R0180,train
G04_R0181,train
G04_R0182,train
G04_R0183,train
G04_R0184,train
G04_R0185,train
G04_R0186,train
G04_R0187,train
G04_R0188,train
G04_R0189,train
G04_R0190,train
G04_R0191,train
G04_R0192,train
G04_R0193,test
G04_R0194,train
G04_R0195,test
G04_R0196,train
G04_R0197,train
G04_R0198,train
G04_R0199,train
G04_R0200,train
G04_R0201,train
G04_R0202,test
G04_R0203,train
G04_R0204,train
G04_R0205,train
G04_R0206,train
G04_R0207,test
G04_R0208,train
G04_R0209,train
G04_R0210,train
G04_R0211,train
G04_R0212,train
G04_R0213,train
G04_R0214,train
G04_R0215,train
G04_R0216,test
G04_R0217,test
G04_R0218,test
G04_R0219,train
G04_R0220,train
G04_R0221,train
G04_R0222,test
G04_R0223,test
G04_R0224,train
G04_R0225,train
G04_R0226,train
G04_R0227,train
G04_R0228,test
G04_R0229,train
G04_R0230,train
G04_R0231,train
G04_R0232,train
G04_R0233,train
G04_R0234,train
G04_R0235,train
G04_R0236,train
G04_R0237,train
G04_R0238,train
G04_R0239,train
G04_R0240,train
G04_R0241,train
G04_R0242,train
G04_R0243,train
G04_R0244,test
G04_R0245,train
G04_R0246,train
G04_R0247,test
G04_R0248,train
G04_R0249,train
G04_R0250,train
G04_R0251,train
G04_R0252,train
G04_R0253,train
G04_R0254,train
G04_R0255,train
G04_R0256,train
G04_R0257,train
G04_R0258,train
G04_R0259,train
G04_R0260,train
G04_R0261,train
G04_R0262,train
G04_R0263,test
G04_R0264,test
G04_R0265,train
G04_R0266,train
G04_R0267,train
G04_R0268,train
G04_R0269,train
G04_R0270,train
G04_R0271,test
G04_R0272,train
G04_R0273,train
G04_R0274,train
G04_R0275,test
G04_R0276,train
G04_R0277,train
G04_R0278,train
G04_R0279,train
G04_R0280,train
G04_R0281,train
G04_R0282,train
G04_R0283,test
G04_R0284,train
G04_R0285,test
G04_R0286,train
G04_R0287,train
G04_R0288,test
G04_R0289,test
G04_R0290,train
G04_R0291,train
G04_R0292,train
G04_R0293,train
G04_R0294,train
G04_R0295,test
G04_R0296,train
G04_R0297,train
G04_R0298,train
G04_R0299,train
G04_R0300,train
G04_R0301,train
G04_R0302,test
G04_R0303,train
G04_R0304,train
G04_R0305,train
G04_R0306,train
G04_R0307,test
G04_R0308,train
G04_R0309,train
G04_R0310,train
G04_R0311,train
G04_R0312,train
G04_R0313,train
G04_R0314,train
G04_R0315,train
G04_R0316,train
G04_R0317,test
G04_R0318,train
G04_R0319,train
G04_R0320,test
G04_R0321,train
G04_R0322,train
G04_R0323,train
G04_R0324,test
G04_R0325,test
G04_R0326,train
G04_R0327,train
G04_R0328,test
G04_R0329,train
G04_R0330,train
G04_R0331,train
G04_R0332,train
G04_R0333,train
G04_R0334,train
G04_R0335,train
G04_R0336,train
G04_R0337,train
G04_R0338,train
G04_R0339,train
G04_R0340,train
G04_R0341,train
G04_R0342,train
G04_R0343,test
G04_R0344,train
G04_R0345,test
G04_R0346,train
G04_R0347,train
G04_R0348,test
G04_R0349,train
G04_R0350,test
G04_R0351,train
G04_R0352,test
G04_R0353,train
G04_R0354,train
G04_R0355,test
G04_R0356,train
G04_R0357,train
G04_R0358,train
G04_R0359,train
G04_R0360,train
G04_R0361,train
G04_R0362,test
G04_R0363,test
G04_R0364,train
G04_R0365,train
G04_R0366,test
G04_R0367,train
G04_R0368,train
G04_R0369,test
G04_R0370,test
G04_R0371,train
G04_R0372,train
G04_R0373,train
G04_R0374,train
G04_R0375,train
G04_R0376,train
G04_R0377,train
G04_R0378,train
G04_R0379,train
G04_R0380,train
G04_R0381,train
G04_R0382,test
G04_R0383,train
G04_R0384,train
G04_R0385,train
G04_R0386,train
G04_R0387,train
G04_R0388,train
G04_R0389,train
G04_R0390,train
G04_R0391,train
G04_R0392,train
G04_R0393,train
G04_R0394,train
G04_R0395,train
G04_R0396,train
G04_R0397,train
G04_R0398,train
G04_R0399,train
G04_R0400,train
G04_R0401,test
G04_R0402,train
G04_R0403,test
G04_R0404,train
G04_R0405,train
G04_R0406,train
G04_R0407,train
G04_R0408,train
G04_R0409,train
G04_R0410,train
G04_R0411,train
G04_R0412,train
G04_R0413,train
G04_R0414,train
G04_R0415,test
G04_R0416,train
G04_R0417,train
G04_R0418,train
G04_R0419,train
G04_R0420,train
G04_R0421,train
G04_R0422,train
G04_R0423,train
G04_R0424,train
G04_R0425,train
G04_R0426,train
G04_R0427,train
G04_R0428,train
G04_R0429,test
G04_R0430,train
G04_R0431,train
G04_R0432,train
G04_R0433,train
G04_R0434,train
G04_R0435,train
G04_R0436,train
G04_R0437,test
G04_R0438,train
G04_R0439,test
G04_R0440,train
G04_R0441,train
G04_R0442,train
G04_R0443,train
G04_R0444,train
G04_R0445,train
G04_R0446,train
G04_R0447,train
G04_R0448,test
G04_R0449,train
G04_R0450,test
G04_R0451,test
G04_R0452,train
G04_R0453,train
G04_R0454,train
G04_R0455,test
G04_R0456,train
G04_R0457,train
G04_R0458,train
G04_R0459,train
G04_R0460,train
G04_R0461,test
G04_R0462,test
G04_R0463,train
G04_R0464,test
G04_R0465,train
G04_R0466,train
G04_R0467,train
G04_R0468,train
G04_R0469,test
G04_R0470,train
G04_R0471,train
G04_R0472,train
G04_R0473,test
G04_R0474,train
G04_R0475,train
G04_R0476,train
G04_R0477,test
G04_R0478,train
G04_R0479,train
G04_R0480,train
G04_R0481,test
G04_R0482,train
G04_R0483,train
G04_R0484,train
G04_R0485,train
G04_R0486,train
G04_R0487,train
G04_R0488,train
G04_R0489,train
G04_R0490,train
G04_R0491,train
G04_R0492,train
G04_R0493,test
G04_R0494,train
G04_R0495,test
G04_R0496,train
G04_R0497,train
G04_R0498,train
G04_R0499,train
G04_R0500,test
G04_R0501,train
G04_R0502,test
G04_R0503,train
G04_R0504,train
G04_R0505,train
G04_R0506,train
G04_R0507,test
G04_R0508,train
G04_R0509,train
G04_R0510,train
G04_R0511,train
G04_R0512,train
G04_R0513,train
G04_R0514,train
G04_R0515,train
G04_R0516,train
G04_R0517,test
G04_R0518,train
G04_R0519,test
G04_R0520,train
G04_R0521,train
G04_R0522,train
G04_R0523,train
G04_R0524,train
G04_R0525,train
G04_R0526,test
G04_R0527,train
G04_R0528,train
G04_R0529,train
G04_R0530,train
G04_R0531,train
G04_R0532,test
G04_R0533,train
G04_R0534,train
G04_R0535,train
G04_R0536,train
G04_R0537,train
G04_R0538,train
G04_R0539,train
G04_R0540,train
G04_R0541,train
G04_R0542,train
G04_R0543,train
G04_R0544,train
G04_R0545,train
G04_R0546,train
G04_R0547,train
G04_R0548,train
G04_R0549,train
G04_R0550,train
G04_R0551,train
G04_R0552,train
G04_R0553,test
G04_R0554,test
G04_R0555,train
G04_R0556,train
G04_R0557,test
G04_R0558,train
G04_R0559,train
G04_R0560,train
G04_R0561,train
G04_R0562,train
G04_R0563,train
G04_R0564,train
G04_R0565,train
G04_R0566,train
G04_R0567,train
G04_R0568,train
G04_R0569,train
G04_R0570,train
G04_R0571,train
G04_R0572,test
G04_R0573,train
G04_R0574,train
G04_R0575,train
G04_R0576,train
G04_R0577,train
G04_R0578,test
G04_R0579,test
G04_R0580,train
G04_R0581,test
G04_R0582,train
G04_R0583,test
G04_R0584,train
G04_R0585,train
G04_R0586,test
G04_R0587,train
G04_R0588,train
G04_R0589,train
G04_R0590,train
G04_R0591,test
G04_R0592,train
G04_R0593,train
G04_R0594,test
G04_R0595,train
G04_R0596,train
G04_R0597,train
G04_R0598,train
G04_R0599,train
G04_R0600,train
G04_R0601,train
G04_R0602,train
G04_R0603,train
G04_R0604,train
G04_R0605,train
G04_R0606,train
G04_R0607,test
G04_R0608,train
G04_R0609,train
G04_R0610,train
G04_R0611,train
G04_R0612,test
G04_R0613,train
G04_R0614,train
G04_R0615,test
G04_R0616,train
G04_R0617,train
G04_R0618,train
G04_R0619,train
G04_R0620,train
G04_R0621,train
G04_R0622,test
G04_R0623,train
G04_R0624,train
G04_R0625,train
G04_R0626,train
G04_R0627,train
G04_R0628,train
G04_R0629,train
G04_R0630,train
G04_R0631,train
G04_R0632,train
G04_R0633,train
G04_R0634,train
G04_R0635,train
G04_R0636,train
G04_R0637,test
G04_R0638,train
G04_R0639,test
G04_R0640,train
G04_R0641,test
G04_R0642,train
G04_R0643,train
G04_R0644,train
G04_R0645,train
G04_R0646,train
G04_R0647,train
G04_R0648,train
G04_R0649,train
G04_R0650,train
G04_R0651,train
G04_R0652,train
G04_R0653,train
G04_R0654,train
G04_R0655,train
G04_R0656,train
G04_R0657,test
G04_R0658,train
G04_R0659,train
G04_R0660,train
G04_R0661,train
G04_R0662,train
G04_R0663,train
G04_R0664,train
G04_R0665,train
G04_R0666,train
G04_R0667,train
G04_R0668,train
G04_R0669,train
G04_R0670,train
G04_R0671,test
G04_R0672,train
G04_R0673,train
G04_R0674,test
G04_R0675,test
G04_R0676,test
G04_R0677,train
G04_R0678,train
G04_R0679,train
G04_R0680,train
G04_R0681,train
G04_R0682,train
G04_R0683,train
G04_R0684,train
G04_R0685,test
G04_R0686,test
G04_R0687,train
G04_R0688,train
G04_R0689,train
G04_R0690,train
G04_R0691,train
G04_R0692,train
G04_R0693,train
G04_R0694,test
G04_R0695,train
G04_R0696,train
G04_R0697,train
G04_R0698,train
G04_R0699,train
G04_R0700,train
G04_R0701,train
G04_R0702,train
G04_R0703,train
G04_R0704,train
G04_R0705,train
G04_R0706,train
G04_R0707,train
G04_R0708,train
G04_R0709,train
G04_R0710,train
G04_R0711,test
G04_R0712,test
G04_R0713,train
G04_R0714,test
G04_R0715,train
G04_R0716,train
G04_R0717,train
G04_R0718,train
G04_R0719,train
G04_R0720,train
G04_R0721,train
G04_R0722,test
G04_R0723,train
G04_R0724,train
G04_R0725,train
G04_R0726,train
G04_R0727,train
G04_R0728,train
G04_R0729,test
G04_R0730,train
G04_R0731,test
G04_R0732,test
G04_R0733,train
G04_R0734,train
G04_R0735,train
G04_R0736,train
G04_R0737,train
G04_R0738,test
G04_R0739,train
G04_R0740,test
G04_R0741,train
G04_R0742,train
G04_R0743,train
G04_R0744,train
G04_R0745,test
G04_R0746,train
G04_R0747,train
G04_R0748,train
G04_R0749,train
G04_R0750,train
G04_R0751,train
G04_R0752,train
G04_R0753,train
G04_R0754,train
G04_R0755,train
G04_R0756,train
G04_R0757,train
G04_R0758,train
G04_R0759,test
G04_R0760,test
G04_R0761,train
G04_R0762,train
G04_R0763,test
G04_R0764,train
G04_R0765,train
G04_R0766,train
G04_R0767,train
G04_R0768,train
G05_R0001,train
G05_R0002,train
G05_R0003,train
G05_R0004,test
G05_R0005,test
G05_R0006,train
G05_R0007,train
G05_R0008,train
G05_R0009,train
G05_R0010,train
G05_R0011,train
G05_R0012,test
G05_R0013,test
G05_R0014,test
G05_R0015,train
G05_R0016,train
G05_R0017,train
G05_R0018,train
G05_R0019,train
G05_R0020,train
G05_R0021,train
G05_R0022,test
G05_R0023,train
G05_R0024,train
G05_R0025,train
G05_R0026,train
G05_R0027,train
G05_R0028,train
G05_R0029,train
G05_R0030,train
G05_R0031,train
G05_R0032,train
G05_R0033,train
G05_R0034,train
G05_R0035,train
G05_R0036,train
G05_R0037,train
G05_R0038,train
G05_R0039,train
G05_R0040,train
G05_R0041,train
G05_R0042,train
G05_R0043,train
G05_R0044,train
G05_R0045,test
G05_R0046,train
G05_R0047,train
G05_R0048,train
G05_R0049,train
G05_R0050,test
G05_R0051,train
G05_R0052,train
G05_R0053,train
G05_R0054,train
G05_R0055,train
G05_R0056,train
G05_R0057,test
G05_R0058,train
G05_R0059,train
G05_R0060,train
G05_R0061,train
G05_R0062,train
G05_R0063,train
G05_R0064,test
G05_R0065,train
G05_R0066,test
G05_R0067,train
G05_R0068,test
G05_R0069,train
G05_R0070,train
G05_R0071,train
G05_R0072,train
G05_R0073,train
G05_R0074,train
G05_R0075,train
G05_R0076,train
G05_R0077,test
G05_R0078,train
G05_R0079,test
G05_R0080,train
G05_R0081,train
G05_R0082,test
G05_R0083,train
G05_R0084,train
G05_R0085,train
G05_R0086,train
G05_R0087,train
G05_R0088,train
G05_R0089,train
G05_R0090,test
G05_R0091,test
G05_R0092,test
G05_R0093,train
G05_R0094,train
G05_R0095,train
G05_R0096,train
G05_R0097,test
G05_R0098,train
G05_R0099,train
G05_R0100,train
G05_R0101,train
G05_R0102,test
G05_R0103,train
G05_R0104,train
G05_R0105,train
G05_R0106,train
G05_R0107,train
G05_R0108,train
G05_R0109,train
G05_R0110,train
G05_R0111,test
G05_R0112,train
G05_R0113,train
G05_R0114,train
G05_R0115,train
G05_R0116,test
G05_R0117,test
G05_R0118,train
G05_R0119,train
G05_R0120,train
G05_R0121,train
G05_R0122,test
G05_R0123,test
G05_R0124,train
G05_R0125,train
G05_R0126,train
G05_R0127,train
G05_R0128,test
G05_R0129,train
G05_R0130,train
G05_R0131,train
G05_R0132,test
G05_R0133,train
G05_R0134,train
G05_R0135,train
G05_R0136,train
G05_R0137,train
G05_R0138,test
G05_R0139,train
G05_R0140,train
G05_R0141,train
G05_R0142,train
G05_R0143,train
G05_R0144,train
G05_R0145,train
G05_R0146,train
G05_R0147,test
G05_R0148,train
G05_R0149,train
G05_R0150,train
G05_R0151,train
G05_R0152,train
G05_R0153,train
G05_R0154,train
G05_R0155,train
G05_R0156,train
G05_R0157,train
G05_R0158,train
G05_R0159,train
G05_R0160,test
G05_R0161,train
G05_R0162,train
G05_R0163,train
G05_R0164,train
G05_R0165,train
G05_R0166,train
G05_R0167,train
G05_R0168,train
G05_R0169,train
G05_R0170,train
G05_R0171,train
G05_R0172,train
G05_R0173,train
G05_R0174,train
G05_R0175,train
G05_R0176,test
G05_R0177,train
G05_R0178,train
G05_R0179,test
G05_R0180,train
G05_R0181,train
G05_R0182,train
G05_R0183,train
G05_R0184,train
G05_R0185,train
G05_R0186,test
G05_R0187,train
G05_R0188,test
G05_R0189,train
G05_R0190,train
G05_R0191,train
G05_R0192,train
G05_R0193,train
G05_R0194,train
G05_R0195,train
G05_R0196,train
G05_R0197,train
G05_R0198,test
G05_R0199,train
G05_R0200,train
G05_R0201,train
G05_R0202,train
G05_R0203,test
G05_R0204,train
G05_R0205,test
G05_R0206,test
G05_R0207,train
G05_R0208,train
G05_R0209,train
G05_R0210,train
G05_R0211,train
G05_R0212,train
G05_R0213,train
G05_R0214,train
G05_R0215,train
G05_R0216,train
G05_R0217,test
G05_R0218,train
G05_R0219,train
G05_R0220,train
G05_R0221,train
G05_R0222,train
G05_R0223,train
G05_R0224,test
G05_R0225,test
G05_R0226,train
G05_R0227,train
G05_R0228,train
G05_R0229,train
G05_R0230,train
G05_R0231,train
G05_R0232,train
G05_R0233,train
G05_R0234,train
G05_R0235,train
G05_R0236,train
G05_R0237,test
G05_R0238,train
G05_R0239,train
G05_R0240,test
G05_R0241,train
G05_R0242,train
G05_R0243,train
G05_R0244,train
G05_R0245,test
G05_R0246,train
G05_R0247,train
G05_R0248,train
G05_R0249,test
G05_R0250,test
G05_R0251,train
G05_R0252,train
G05_R0253,train
G05_R0254,train
G05_R0255,train
G05_R0256,train
G05_R0257,train
G05_R0258,train
G05_R0259,train
G05_R0260,test
G05_R0261,train
G05_R0262,train
G05_R0263,train
G05_R0264,train
G05_R0265,train
G05_R0266,train
G05_R0267,train
G05_R0268,train
G05_R0269,train
G05_R0270,train
G05_R0271,train
G05_R0272,train
G05_R0273,train
G05_R0274,train
G05_R0275,test
G05_R0276,train
G05_R0277,train
G05_R0278,test
G05_R0279,train
G05_R0280,train
G05_R0281,train
G05_R0282,train
G05_R0283,train
G05_R0284,train
G05_R0285,train
G05_R0286,train
G05_R0287,test
G05_R0288,train
G05_R0289,train
G05_R0290,train
G05_R0291,train
G05_R0292,train
G05_R0293,train
G05_R0294,train
G05_R0295,train
G05_R0296,train
G05_R0297,train
G05_R0298,train
G05_R0299,test
G05_R0300,train
G05_R0301,train
G05_R0302,train
G05_R0303,train
G05_R0304,train
G05_R0305,train
G05_R0306,train
G05_R0307,train
G05_R0308,train
G05_R0309,train
G05_R0310,train
G05_R0311,train
G05_R0312,train
G05_R0313,train
G05_R0314,train
G05_R0315,train
G05_R0316,train
G05_R0317,train
G05_R0318,train
G05_R0319,train
G05_R0320,train
G05_R0321,train
G05_R0322,train
G05_R0323,train
G05_R0324,test
G05_R0325,train
G05_R0326,train
G05_R0327,train
G05_R0328,test
G05_R0329,train
G05_R0330,test
G05_R0331,train
G05_R0332,train
G05_R0333,train
G05_R0334,test
G05_R0335,train
G05_R0336,test
G05_R0337,train
G05_R0338,train
G05_R0339,train
G05_R0340,test
G05_R0341,test
G05_R0342,train
G05_R0343,test
G05_R0344,train
G05_R0345,train
G05_R0346,train
G05_R0347,train
G05_R0348,train
G05_R0349,train
G05_R0350,train
G05_R0351,train
G05_R0352,train
G05_R0353,train
G05_R0354,train
G05_R0355,train
G05_R0356,train
G05_R0357,train
G05_R0358,train
G05_R0359,train
G05_R0360,train
G05_R0361,train
G05_R0362,test
G05_R0363,train
G05_R0364,train
G05_R0365,train
G05_R0366,test
G05_R0367,train
G05_R0368,train
G05_R0369,train
G05_R0370,train
G05_R0371,train
G05_R0372,test
G05_R0373,train
G05_R0374,train
G05_R0375,train
G05_R0376,train
G05_R0377,train
G05_R0378,train
G05_R0379,train
G05_R0380,test
G05_R0381,train
G05_R0382,train
G05_R0383,train
G05_R0384,test
G05_R0385,train
G05_R0386,train
G05_R0387,train
G05_R0388,train
G05_R0389,train
G05_R0390,train
G05_R0391,test
G05_R0392,test
G05_R0393,train
G05_R0394,train
G05_R0395,train
G05_R0396,train
G05_R0397,train
G05_R0398,train
G05_R0399,train
G05_R0400,train
G05_R0401,train
G05_R0402,train
G05_R0403,train
G05_R0404,train
G05_R0405,train
G05_R0406,train
G05_R0407,train
G05_R0408,train
G05_R0409,train
G05_R0410,train
G05_R0411,train
G05_R0412,test
G05_R0413,test
G05_R0414,train
G05_R0415,train
G05_R0416,train
G05_R0417,train
G05_R0418,train
G05_R0419,train
G05_R0420,test
G05_R0421,train
G05_R0422,train
G05_R0423,train
G05_R0424,train
G05_R0425,train
G05_R0426,train
G05_R0427,train
G05_R0428,train
G05_R0429,train
G05_R0430,train
G05_R0431,test
G05_R0432,train
G05_R0433,train
G05_R0434,train
G05_R0435,train
G05_R0436,train
G05_R0437,train
G05_R0438,train
G05_R0439,train
G05_R0440,train
G05_R0441,train
G05_R0442,train
G05_R0443,train
G05_R0444,test
G05_R0445,train
G05_R0446,train
G05_R0447,train
G05_R0448,train
G05_R0449,train
G05_R0450,train
G05_R0451,train
G05_R0452,train
G05_R0453,train
G05_R0454,train
G05_R0455,train
G05_R0456,test
G05_R0457,test
G05_R0458,train
G05_R0459,train
G05_R0460,train
G05_R0461,train
G05_R0462,train
G05_R0463,test
G05_R0464,test
G05_R0465,train
G05_R0466,train
G05_R0467,train
G05_R0468,train
G05_R0469,train
G05_R0470,train
G05_R0471,train
G05_R0472,test
G05_R0473,train
G05_R0474,train
G05_R0475,train
G05_R0476,train
G05_R0477,train
G05_R0478,train
G05_R0479,train
G05_R0480,train
G05_R0481,train
G05_R0482,train
G05_R0483,train
G05_R0484,train
G05_R0485,train
G05_R0486,train
G05_R0487,train
G05_R0488,train
G05_R0489,train
G05_R0490,train
G05_R0491,train
G05_R0492,test
G05_R0493,train
G05_R0494,train
G05_R0495,train
G05_R0496,test
G05_R0497,train
G05_R0498,test
G05_R0499,train
G05_R0500,train
G05_R0501,train
G05_R0502,test
G05_R0503,train
G05_R0504,train
G05_R0505,train
G05_R0506,train
G05_R0507,train
G05_R0508,train
G05_R0509,train
G05_R0510,train
G05_R0511,train
G05_R0512,train
G05_R0513,train
G05_R0514,train
G05_R0515,train
G05_R0516,train
G05_R0517,train
G05_R0518,train
G05_R0519,train
G05_R0520,train
G05_R0521,test
G05_R0522,train
G05_R0523,train
G05_R0524,train
G05_R0525,train
G05_R0526,train
G05_R0527,train
G05_R0528,train
G05_R0529,test
G05_R0530,train
G05_R0531,train
G05_R0532,train
G05_R0533,test
G05_R0534,train
G05_R0535,test
G05_R0536,test
G05_R0537,train
G05_R0538,test
G05_R0539,train
G05_R0540,train
G05_R0541,train
G05_R0542,train
G05_R0543,train
G05_R0544,train
G05_R0545,test
G05_R0546,train
G05_R0547,train
G05_R0548,train
G05_R0549,train
G05_R0550,train
G05_R0551,train
G05_R0552,test
G05_R0553,train
G05_R0554,train
G05_R0555,train
G05_R0556,train
G05_R0557,test
G05_R0558,train
G05_R0559,train
G05_R0560,train
G05_R0561,train
G05_R0562,train
G05_R0563,train
G05_R0564,train
G05_R0565,train
G05_R0566,train
G05_R0567,train
G05_R0568,train
G05_R0569,train
G05_R0570,train
G05_R0571,train
G05_R0572,train
G05_R0573,train
G05_R0574,train
G05_R0575,train
G05_R0576,train
G05_R0577,train
G05_R0578,train
G05_R0579,test
G05_R0580,train
G05_R0581,test
G05_R0582,train
G05_R0583,train
G05_R0584,test
G05_R0585,train
G05_R0586,train
G05_R0587,test
G05_R0588,test
G05_R0589,test
G05_R0590,train
G05_R0591,train
G05_R0592,train
G05_R0593,train
G05_R0594,train
G05_R0595,train
G05_R0596,train
G05_R0597,train
G05_R0598,test
G05_R0599,train
G05_R0600,train
G05_R0601,train
G05_R0602,train
G05_R0603,train
G05_R0604,train
G05_R0605,train
G05_R0606,train
G05_R0607,train
G05_R0608,train
G05_R0609,train
G05_R0610,train
G05_R0611,test
G05_R0612,train
G05_R0613,train
G05_R0614,test
G05_R0615,train
G05_R0616,train
G05_R0617,test
G05_R0618,train
G05_R0619,train
G05_R0620,train
G05_R0621,test
G05_R0622,train
G05_R0623,train
G05_R0624,train
G05_R0625,train
G05_R0626,train
G05_R0627,train
G05_R0628,train
G05_R0629,train
G05_R0630,train
G05_R0631,train
G05_R0632,train
G05_R0633,test
G05_R0634,train
G05_R0635,train
G05_R0636,test
G05_R0637,train
G05_R0638,train
G05_R0639,train
G05_R0640,train
G05_R0641,test
G05_R0642,train
G05_R0643,train
G05_R0644,train
G05_R0645,train
G05_R0646,train
G05_R0647,train
G05_R0648,train
G05_R0649,train
G05_R0650,train
G05_R0651,train
G05_R0652,train
G05_R0653,test
G05_R0654,test
G05_R0655,train
G05_R0656,test
G05_R0657,train
G05_R0658,train
G05_R0659,train
G05_R0660,train
G05_R0661,test
G05_R0662,train
G05_R0663,train
G05_R0664,train
G05_R0665,train
G05_R0666,train
G05_R0667,test
G05_R0668,train
G05_R0669,train
G05_R0670,train
G05_R0671,train
G05_R0672,train
G05_R0673,train
G05_R0674,train
G05_R0675,train
G05_R0676,train
G05_R0677,train
G05_R0678,train
G05_R0679,train
G05_R0680,train
G05_R0681,train
G05_R0682,train
G05_R0683,test
G05_R0684,train
G05_R0685,train
G05_R0686,test
G05_R0687,train
G05_R0688,train
G05_R0689,train
G05_R0690,train
G05_R0691,train
G05_R0692,train
G05_R0693,train
G05_R0694,test
G05_R0695,train
G05_R0696,test
G05_R0697,train
G05_R0698,train
G05_R0699,train
G05_R0700,test
G05_R0701,train
G05_R0702,train
G05_R0703,train
G05_R0704,train
G05_R0705,train
G05_R0706,train
G05_R0707,train
G05_R0708,test
G05_R0709,train
G05_R0710,test
G05_R0711,train
G05_R0712,train
G05_R0713,train
G05_R0714,train
G05_R0715,test
G05_R0716,train
G05_R0717,train
G05_R0718,train
G05_R0719,train
G05_R0720,train
G05_R0721,train
G05_R0722,test
G05_R0723,test
G05_R0724,train
G05_R0725,train
G05_R0726,train
G05_R0727,train
G05_R0728,train
G05_R0729,test
G05_R0730,train
G05_R0731,train
G05_R0732,test
G05_R0733,train
G05_R0734,train
G05_R0735,train
G05_R0736,train
G05_R0737,train
G05_R0738,train
G05_R0739,train
G05_R0740,train
G05_R0741,train
G05_R0742,test
G05_R0743,train
G05_R0744,train
G05_R0745,train
G05_R0746,train
G05_R0747,train
G05_R0748,test
G05_R0749,train
G05_R0750,train
G05_R0751,train
G05_R0752,train
G05_R0753,train
G05_R0754,test
G05_R0755,test
G05_R0756,train
G05_R0757,train
G05_R0758,train
G05_R0759,train
G05_R0760,test
G05_R0761,train
G05_R0762,train
G05_R0763,train
G05_R0764,test
G05_R0765,train
G05_R0766,train
G05_R0767,test
G05_R0768,test
G06_R0001,train
G06_R0002,test
G06_R0003,train
G06_R0004,train
G06_R0005,train
G06_R0006,train
G06_R0007,test
G06_R0008,train
G06_R0009,train
G06_R0010,train
G06_R0011,train
G06_R0012,train
G06_R0013,test
G06_R0014,train
G06_R0015,train
G06_R0016,train
G06_R0017,train
G06_R0018,train
G06_R0019,train
G06_R0020,test
G06_R0021,train
G06_R0022,train
G06_R0023,train
G06_R0024,train
G06_R0025,test
G06_R0026,train
G06_R0027,train
G06_R0028,test
G06_R0029,train
G06_R0030,train
G06_R0031,train
G06_R0032,train
G06_R0033,train
G06_R0034,test
G06_R0035,test
G06_R0036,test
G06_R0037,train
G06_R0038,train
G06_R0039,train
G06_R0040,train
G06_R0041,train
G06_R0042,train
G06_R0043,train
G06_R0044,train
G06_R0045,train
G06_R0046,train
G06_R0047,train
G06_R0048,train
G06_R0049,train
G06_R0050,train
G06_R0051,train
G06_R0052,train
G06_R0053,test
G06_R0054,test
G06_R0055,train
G06_R0056,train
G06_R0057,train
G06_R0058,train
G06_R0059,train
G06_R0060,test
G06_R0061,train
G06_R0062,train
G06_R0063,train
G06_R0064,train
G06_R0065,train
G06_R0066,train
G06_R0067,train
G06_R0068,train
G06_R0069,train
G06_R0070,test
G06_R0071,test
G06_R0072,train
G06_R0073,test
G06_R0074,train
G06_R0075,train
G06_R0076,train
G06_R0077,train
G06_R0078,test
G06_R0079,train
G06_R0080,test
G06_R0081,train
G06_R0082,train
G06_R0083,train
G06_R0084,train
G06_R0085,test
G06_R0086,train
G06_R0087,train
G06_R0088,train
G06_R0089,train
G06_R0090,train
G06_R0091,test
G06_R0092,train
G06_R0093,train
G06_R0094,train
G06_R0095,train
G06_R0096,train
G06_R0097,train
G06_R0098,train
G06_R0099,train
G06_R0100,train
G06_R0101,train
G06_R0102,train
G06_R0103,train
G06_R0104,train
G06_R0105,test
G06_R0106,train
G06_R0107,train
G06_R0108,test
G06_R0109,train
G06_R0110,train
G06_R0111,test
G06_R0112,train
G06_R0113,train
G06_R0114,test
G06_R0115,train
G06_R0116,train
G06_R0117,train
G06_R0118,train
G06_R0119,test
G06_R0120,train
G06_R0121,train
G06_R0122,train
G06_R0123,train
G06_R0124,train
G06_R0125,train
G06_R0126,train
G06_R0127,train
G06_R0128,train
G06_R0129,test
G06_R0130,train
G06_R0131,train
G06_R0132,train
G06_R0133,train
G06_R0134,train
G06_R0135,train
G06_R0136,train
G06_R0137,train
G06_R0138,train
G06_R0139,train
G06_R0140,train
G06_R0141,train
G06_R0142,train
G06_R0143,train
G06_R0144,train
G06_R0145,train
G06_R0146,train
G06_R0147,train
G06_R0148,train
G06_R0149,test
G06_R0150,train
G06_R0151,test
G06_R0152,train
G06_R0153,train
G06_R0154,train
G06_R0155,train
G06_R0156,train
G06_R0157,train
G06_R0158,train
G06_R0159,test
G06_R0160,train
G06_R0161,train
G06_R0162,train
G06_R0163,train
G06_R0164,test
G06_R0165,train
G06_R0166,test
G06_R0167,train
G06_R0168,test
G06_R0169,test
G06_R0170,train
G06_R0171,test
G06_R0172,train
G06_R0173,train
G06_R0174,train
G06_R0175,train
G06_R0176,train
G06_R0177,test
G06_R0178,test
G06_R0179,train
G06_R0180,test
G06_R0181,train
G06_R0182,train
G06_R0183,train
G06_R0184,train
G06_R0185,train
G06_R0186,test
G06_R0187,test
G06_R0188,train
G06_R0189,train
G06_R0190,train
G06_R0191,test
G06_R0192,train
G06_R0193,train
G06_R0194,train
G06_R0195,train
G06_R0196,test
G06_R0197,test
G06_R0198,test
G06_R0199,test
G06_R0200,test
G06_R0201,test
G06_R0202,train
G06_R0203,train
G06_R0204,train
G06_R0205,train
G06_R0206,train
G06_R0207,test
G06_R0208,train
G06_R0209,train
G06_R0210,test
G06_R0211,test
G06_R0212,train
G06_R0213,train
G06_R0214,train
G06_R0215,train
G06_R0216,test
G06_R0217,train
G06_R0218,train
G06_R0219,train
G06_R0220,test
G06_R0221,train
G06_R0222,train
G06_R0223,train
G06_R0224,train
G06_R0225,test
G06_R0226,train
G06_R0227,train
G06_R0228,train
G06_R0229,train
G06_R0230,test
G06_R0231,train
G06_R0232,train
G06_R0233,train
G06_R0234,train
G06_R0235,train
G06_R0236,train
G06_R0237,train
G06_R0238,train
G06_R0239,train
G06_R0240,train
G06_R0241,train
G06_R0242,train
G06_R0243,test
G06_R0244,train
G06_R0245,train
G06_R0246,train
G06_R0247,train
G06_R0248,train
G06_R0249,train
G06_R0250,train
G06_R0251,train
G06_R0252,train
G06_R0253,train
G06_R0254,train
G06_R0255,train
G06_R0256,train
G06_R0257,train
G06_R0258,train
G06_R0259,train
G06_R0260,train
G06_R0261,train
G06_R0262,test
G06_R0263,train
G06_R0264,train
G06_R0265,train
G06_R0266,train
G06_R0267,train
G06_R0268,train
G06_R0269,train
G06_R0270,train
G06_R0271,train
G06_R0272,test
G06_R0273,train
G06_R0274,train
G06_R0275,train
G06_R0276,train
G06_R0277,train
G06_R0278,train
G06_R0279,train
G06_R0280,train
G06_R0281,train
G06_R0282,train
G06_R0283,train
G06_R0284,test
G06_R0285,train
G06_R0286,train
G06_R0287,train
G06_R0288,train
G06_R0289,train
G06_R0290,train
G06_R0291,train
G06_R0292,train
G06_R0293,train
G06_R0294,test
G06_R0295,train
G06_R0296,train
G06_R0297,train
G06_R0298,test
G06_R0299,train
G06_R0300,train
G06_R0301,train
G06_R0302,train
G06_R0303,train
G06_R0304,train
G06_R0305,train
G06_R0306,train
G06_R0307,train
G06_R0308,train
G06_R0309,train
G06_R0310,train
G06_R0311,train
G06_R0312,train
G06_R0313,train
G06_R0314,train
G06_R0315,train
G06_R0316,train
G06_R0317,test
G06_R0318,train
G06_R0319,train
G06_R0320,train
G06_R0321,train
G06_R0322,train
G06_R0323,train
G06_R0324,test
G06_R0325,train
G06_R0326,train
G06_R0327,train
G06_R0328,train
G06_R0329,test
G06_R0330,train
G06_R0331,train
G06_R0332,train
G06_R0333,test
G06_R0334,train
G06_R0335,train
G06_R0336,test
G06_R0337,train
G06_R0338,train
G06_R0339,train
G06_R0340,train
G06_R0341,train
G06_R0342,train
G06_R0343,train
G06_R0344,train
G06_R0345,train
G06_R0346,train
G06_R0347,test
G06_R0348,train
G06_R0349,train
G06_R0350,test
G06_R0351,train
G06_R0352,train
G06_R0353,train
G06_R0354,train
G06_R0355,train
G06_R0356,train
G06_R0357,train
G06_R0358,train
G06_R0359,train
G06_R0360,train
G06_R0361,train
G06_R0362,train
G06_R0363,train
G06_R0364,train
G06_R0365,test
G06_R0366,train
G06_R0367,train
G06_R0368,train
G06_R0369,train
G06_R0370,train
G06_R0371,test
G06_R0372,test
G06_R0373,train
G06_R0374,train
G06_R0375,train
G06_R0376,train
G06_R0377,test
G06_R0378,train
G06_R0379,train
G06_R0380,test
G06_R0381,test
G06_R0382,train
G06_R0383,train
G06_R0384,train
G06_R0385,train
G06_R0386,train
G06_R0387,test
G06_R0388,test
G06_R0389,train
G06_R0390,test
G06_R0391,train
G06_R0392,train
G06_R0393,train
G06_R0394,train
G06_R0395,train
G06_R0396,train
G06_R0397,train
G06_R0398,train
G06_R0399,train
G06_R0400,train
G06_R0401,test
G06_R0402,train
G06_R0403,train
G06_R0404,train
G06_R0405,train
G06_R0406,train
G06_R0407,test
G06_R0408,test
G06_R0409,train
G06_R0410,train
G06_R0411,train
G06_R0412,train
G06_R0413,test
G06_R0414,train
G06_R0415,train
G06_R0416,train
G06_R0417,train
G06_R0418,train
G06_R0419,train
G06_R0420,train
G06_R0421,test
G06_R0422,train
G06_R0423,test
G06_R0424,test
G06_R0425,train
G06_R0426,train
G06_R0427,test
G06_R0428,train
G06_R0429,train
G06_R0430,train
G06_R0431,train
G06_R0432,train
G06_R0433,train
G06_R0434,train
G06_R0435,train
G06_R0436,test
G06_R0437,train
G06_R0438,train
G06_R0439,train
G06_R0440,train
G06_R0441,train
G06_R0442,train
G06_R0443,train
G06_R0444,train
G06_R0445,test
G06_R0446,train
G06_R0447,train
G06_R0448,test
G06_R0449,train
G06_R0450,train
G06_R0451,test
G06_R0452,train
G06_R0453,train
G06_R0454,train
G06_R0455,test
G06_R0456,train
G06_R0457,train
G06_R0458,train
G06_R0459,train
G06_R0460,test
G06_R0461,train
G06_R0462,test
G06_R0463,train
G06_R0464,train
G06_R0465,train
G06_R0466,train
G06_R0467,train
G06_R0468,train
G06_R0469,train
G06_R0470,train
G06_R0471,test
G06_R0472,train
G06_R0473,train
G06_R0474,test
G06_R0475,train
G06_R0476,train
G06_R0477,train
G06_R0478,test
G06_R0479,test
G06_R0480,train
G06_R0481,test
G06_R0482,test
G06_R0483,train
G06_R0484,test
G06_R0485,test
G06_R0486,test
G06_R0487,train
G06_R0488,test
G06_R0489,test
G06_R0490,test
G06_R0491,train
G06_R0492,train
G06_R0493,test
G06_R0494,test
G06_R0495,train
G06_R0496,train
G06_R0497,train
G06_R0498,test
G06_R0499,train
G06_R0500,train
G06_R0501,train
G06_R0502,test
G06_R0503,train
G06_R0504,train
G06_R0505,train
G06_R0506,test
G06_R0507,train
G06_R0508,test
G06_R0509,train
G06_R0510,train
G06_R0511,train
G06_R0512,train
G06_R0513,train
G06_R0514,train
G06_R0515,train
G06_R0516,test
G06_R0517,train
G06_R0518,test
G06_R0519,test
G06_R0520,train
G06_R0521,train
G06_R0522,train
G06_R0523,train
G06_R0524,train
G06_R0525,test
G06_R0526,train
G06_R0527,train
G06_R0528,train
G06_R0529,train
G06_R0530,train
G06_R0531,train
G06_R0532,test
G06_R0533,train
G06_R0534,train
G06_R0535,train
G06_R0536,train
G06_R0537,train
G06_R0538,test
G06_R0539,train
G06_R0540,train
G06_R0541,train
G06_R0542,train
G06_R0543,train
G06_R0544,train
G06_R0545,train
G06_R0546,train
G06_R0547,train
G06_R0548,train
G06_R0549,train
G06_R0550,train
G06_R0551,train
G06_R0552,test
G06_R0553,test
G06_R0554,train
G06_R0555,train
G06_R0556,train
G06_R0557,train
G06_R0558,test
G06_R0559,train
G06_R0560,train
G06_R0561,train
G06_R0562,train
G06_R0563,train
G06_R0564,train
G06_R0565,train
G06_R0566,train
G06_R0567,train
G06_R0568,train
G06_R0569,train
G06_R0570,train
G06_R0571,test
G06_R0572,train
G06_R0573,train
G06_R0574,train
G06_R0575,train
G06_R0576,test
G06_R0577,train
G06_R0578,train
G06_R0579,train
G06_R0580,train
G06_R0581,test
G06_R0582,train
G06_R0583,train
G06_R0584,train
G06_R0585,train
G06_R0586,train
G06_R0587,train
G06_R0588,train
G06_R0589,train
G06_R0590,train
G06_R0591,train
G06_R0592,train
G06_R0593,train
G06_R0594,train
G06_R0595,train
G06_R0596,train
G06_R0597,train
G06_R0598,train
G06_R0599,train
G06_R0600,train
G06_R0601,train
G06_R0602,train
G06_R0603,train
G06_R0604,train
G06_R0605,train
G06_R0606,test
G06_R0607,train
G06_R0608,train
G06_R0609,test
G06_R0610,train
G06_R0611,train
G06_R0612,test
G06_R0613,test
G06_R0614,train
G06_R0615,train
G06_R0616,train
G06_R0617,train
G06_R0618,train
G06_R0619,train
G06_R0620,test
G06_R0621,train
G06_R0622,train
G06_R0623,train
G06_R0624,train
G06_R0625,train
G06_R0626,train
G06_R0627,test
G06_R0628,train
G06_R0629,train
G06_R0630,test
G06_R0631,train
G06_R0632,train
G06_R0633,train
G06_R0634,test
G06_R0635,train
G06_R0636,train
G06_R0637,test
G06_R0638,test
G06_R0639,train
G06_R0640,test
G06_R0641,test
G06_R0642,test
G06_R0643,train
G06_R0644,train
G06_R0645,train
G06_R0646,train
G06_R0647,test
G06_R0648,train
G06_R0649,train
G06_R0650,test
G06_R0651,train
G06_R0652,train
G06_R0653,train
G06_R0654,train
G06_R0655,train
G06_R0656,test
G06_R0657,test
G06_R0658,train
G06_R0659,train
G06_R0660,train
G06_R0661,train
G06_R0662,test
G06_R0663,test
G06_R0664,train
G06_R0665,train
G06_R0666,test
G06_R0667,train
G06_R0668,train
G06_R0669,test
G06_R0670,train
G06_R0671,train
G06_R0672,train
G06_R0673,train
G06_R0674,train
G06_R0675,train
G06_R0676,train
G06_R0677,train
G06_R0678,train
G06_R0679,train
G06_R0680,train
G06_R0681,train
G06_R0682,test
G06_R0683,train
G06_R0684,train
G06_R0685,train
G06_R0686,train
G06_R0687,test
G06_R0688,train
G06_R0689,test
G06_R0690,test
G06_R0691,train
G06_R0692,test
G06_R0693,test
G06_R0694,train
G06_R0695,train
G06_R0696,test
G06_R0697,train
G06_R0698,train
G06_R0699,test
G06_R0700,train
G06_R0701,train
G06_R0702,test
G06_R0703,train
G06_R0704,train
G06_R0705,train
G06_R0706,train
G06_R0707,train
G06_R0708,train
G06_R0709,train
G06_R0710,train
G06_R0711,train
G06_R0712,train
G06_R0713,train
G06_R0714,test
G06_R0715,train
G06_R0716,train
G06_R0717,train
G06_R0718,train
G06_R0719,train
G06_R0720,train
G06_R0721,train
G06_R0722,train
G06_R0723,train
G06_R0724,train
G06_R0725,test
G06_R0726,train
G06_R0727,train
G06_R0728,train
G06_R0729,train
G06_R0730,test
G06_R0731,train
G06_R0732,test
G06_R0733,train
G06_R0734,train
G06_R0735,train
G06_R0736,train
G06_R0737,test
G06_R0738,train
G06_R0739,test
G06_R0740,train
G06_R0741,train
G06_R0742,train
G06_R0743,train
G06_R0744,train
G06_R0745,test
G06_R0746,train
G06_R0747,train
G06_R0748,train
G06_R0749,train
G06_R0750,train
G06_R0751,test
G06_R0752,train
G06_R0753,test
G06_R0754,train
G06_R0755,train
G06_R0756,train
G06_R0757,test
G06_R0758,train
G06_R0759,test
G06_R0760,train
G06_R0761,train
G06_R0762,test
G06_R0763,train
G06_R0764,train
G06_R0765,test
G06_R0766,train
G06_R0767,train
G06_R0768,test
