model_family,split_name,family,target,primary_score,tau_predict,tau_warn,n_test,n_predict,n_warn,n_abstain,coverage_predict_only,coverage_warn_only,coverage_abstain_only,coverage_predict_or_warn,failure_rate_all,failure_rate_predict_only,failure_rate_warn_only,failure_rate_abstain_only,failure_rate_predict_or_warn,MAPE_all_pct,MAPE_predict_only_pct,MAPE_warn_only_pct,MAPE_abstain_only_pct,MAPE_predict_or_warn_pct,train_seconds,physics_violation_rate_all
ExtraTrees,random80_20,in_distribution,Nuavg,conservative_U_D_V_max,0.88269550276781,1.0,922,703,81,138,0.762472885032538,0.0878524945770065,0.14967462039045554,0.8503253796095445,0.008676789587852495,0.004267425320056899,0.0,0.036231884057971016,0.003826530612244898,0.3227842221555548,0.22022095690508836,0.3957057143898891,0.8024605598374159,0.23835139741053335,1.3862289000535384,0.0
ExtraTrees,random80_20,in_distribution,DelP_Pa,conservative_U_D_V_max,0.9020376813876082,1.0,922,716,66,140,0.7765726681127982,0.07158351409978309,0.15184381778741865,0.8481561822125814,0.0,0.0,0.0,0.0,0.0,0.10908894382502865,0.08402380725502981,0.14720045048916702,0.21931236056992895,0.08935585131315392,1.1742797000333667,0.0
ExtraTrees,holdout_Re25,withheld_reynolds,Nuavg,conservative_U_D_V_max,0.8835934858472438,1.0,1152,0,0,1152,0.0,0.0,1.0,0.0,1.0,,,1.0,,39.855107653526105,,,39.855107653526105,,1.1359174000099301,0.0
ExtraTrees,holdout_Re25,withheld_reynolds,DelP_Pa,conservative_U_D_V_max,0.8835934858472438,1.0,1152,0,0,1152,0.0,0.0,1.0,0.0,1.0,,,1.0,,331.3957777532744,,,331.3957777532744,,1.2350523999193683,0.0
ExtraTrees,holdout_Re100,withheld_reynolds,Nuavg,conservative_U_D_V_max,0.876249947966246,1.0,1152,0,0,1152,0.0,0.0,1.0,0.0,0.8888888888888888,,,0.8888888888888888,,8.709623468082045,,,8.709623468082045,,1.167023100075312,0.0
ExtraTrees,holdout_Re100,withheld_reynolds,DelP_Pa,conservative_U_D_V_max,0.8691539416394543,1.0,1152,0,0,1152,0.0,0.0,1.0,0.0,1.0,,,1.0,,45.834767111648134,,,45.834767111648134,,1.2970482999226078,0.0
ExtraTrees,holdout_Re250,withheld_reynolds,Nuavg,conservative_U_D_V_max,0.8692703746581659,1.0,1152,0,0,1152,0.0,0.0,1.0,0.0,0.4817708333333333,,,0.4817708333333333,,4.692423549076764,,,4.692423549076764,,1.1489743000129238,0.0
ExtraTrees,holdout_Re250,withheld_reynolds,DelP_Pa,conservative_U_D_V_max,0.8692703746581659,1.0,1152,0,0,1152,0.0,0.0,1.0,0.0,1.0,,,1.0,,27.7700200200929,,,27.7700200200929,,1.2742266999557614,0.0
ExtraTrees,holdout_Re500,withheld_reynolds,Nuavg,conservative_U_D_V_max,0.8769689276053371,1.0,1152,0,186,966,0.0,0.16145833333333334,0.8385416666666666,0.16145833333333334,1.0,,1.0,1.0,1.0,22.252512358409167,,18.45374987546068,22.983951097361984,18.45374987546068,1.1337633999064565,0.0
ExtraTrees,holdout_Re500,withheld_reynolds,DelP_Pa,conservative_U_D_V_max,0.8822717051619332,1.0,1152,0,187,965,0.0,0.1623263888888889,0.8376736111111112,0.1623263888888889,1.0,,1.0,1.0,1.0,58.35959017874128,,58.27071764206833,58.376812110718326,58.27071764206833,1.2756554998923093,0.0
ExtraTrees,holdout_G01,withheld_geometry,Nuavg,conservative_U_D_V_max,0.9081864028167135,1.0,768,0,0,768,0.0,0.0,1.0,0.0,0.12109375,,,0.12109375,,2.712306549322607,,,2.712306549322607,,1.2607148999813944,0.0
ExtraTrees,holdout_G01,withheld_geometry,DelP_Pa,conservative_U_D_V_max,0.9053282257154245,1.0,768,0,0,768,0.0,0.0,1.0,0.0,0.03125,,,0.03125,,4.759309334662876,,,4.759309334662876,,1.1707341000437737,0.0
ExtraTrees,holdout_G02,withheld_geometry,Nuavg,conservative_U_D_V_max,0.8850751178423195,1.0,768,256,48,464,0.3333333333333333,0.0625,0.6041666666666666,0.3958333333333333,0.0234375,0.015625,0.0625,0.023706896551724137,0.023026315789473683,1.10969839586656,0.6365021673443669,1.0959943389780757,1.3721898381776132,0.7090535628654789,1.270622399984859,0.0
ExtraTrees,holdout_G02,withheld_geometry,DelP_Pa,conservative_U_D_V_max,0.8825106406385969,1.0,768,17,3,748,0.022135416666666668,0.00390625,0.9739583333333334,0.026041666666666668,0.0,0.0,0.0,0.0,0.0,1.4180217588329105,0.2076563356634396,0.16268215504845465,1.4505648484121012,0.20091020857119188,1.145862599951215,0.0
ExtraTrees,holdout_G03,withheld_geometry,Nuavg,conservative_U_D_V_max,0.884940760693295,1.0,768,237,132,399,0.30859375,0.171875,0.51953125,0.48046875,0.05859375,0.0,0.0,0.11278195488721804,0.0,1.1565928660212366,0.5451474409611502,0.8291099880301448,1.6281224540765362,0.6467275390996523,1.2646386000560597,0.0
ExtraTrees,holdout_G03,withheld_geometry,DelP_Pa,conservative_U_D_V_max,0.8863101250351612,1.0,768,259,167,342,0.3372395833333333,0.21744791666666666,0.4453125,0.5546875,0.0,0.0,0.0,0.0,0.0,0.3891632346590956,0.45532504285540276,0.38365455675658,0.34174814953300353,0.4272288663800427,1.2317838000599295,0.0
ExtraTrees,holdout_G04,withheld_geometry,Nuavg,conservative_U_D_V_max,0.8666020024343264,1.0,768,119,21,628,0.15494791666666666,0.02734375,0.8177083333333334,0.18229166666666666,0.140625,0.0,0.0,0.17197452229299362,0.0,2.2765711173535057,0.6601845090088166,0.7933320491061865,2.6324596951022503,0.6801566400234221,1.2812575999414548,0.0
ExtraTrees,holdout_G04,withheld_geometry,DelP_Pa,conservative_U_D_V_max,0.8604416279573741,1.0,768,0,0,768,0.0,0.0,1.0,0.0,0.0625,,,0.0625,,3.9477023828496343,,,3.9477023828496343,,1.1607531000627205,0.0
ExtraTrees,holdout_G05,withheld_geometry,Nuavg,conservative_U_D_V_max,0.9165500849767273,1.0,768,255,124,389,0.33203125,0.16145833333333334,0.5065104166666666,0.4934895833333333,0.09375,0.09411764705882353,0.06451612903225806,0.10282776349614396,0.08443271767810026,2.047092550289887,2.116396913968078,1.2722861478303054,2.248643658688472,1.8402234706934502,1.2318451999453828,0.0
ExtraTrees,holdout_G05,withheld_geometry,DelP_Pa,conservative_U_D_V_max,0.9027813040499036,1.0,768,438,130,200,0.5703125,0.16927083333333334,0.2604166666666667,0.7395833333333334,0.0,0.0,0.0,0.0,0.0,1.5694741099668388,1.6310558738246892,1.293028588109723,1.6142996363252715,1.5536904739251371,1.1916258999845013,0.0
ExtraTrees,holdout_G06,withheld_geometry,Nuavg,conservative_U_D_V_max,0.9011412680526257,1.0,768,0,0,768,0.0,0.0,1.0,0.0,0.27734375,,,0.27734375,,4.783887355055115,,,4.783887355055115,,1.280157000059262,0.0
ExtraTrees,holdout_G06,withheld_geometry,DelP_Pa,conservative_U_D_V_max,0.8958350016820977,1.0,768,0,0,768,0.0,0.0,1.0,0.0,0.7708333333333334,,,0.7708333333333334,,19.17951976121648,,,19.17951976121648,,1.2044555000029504,0.0
ExtraTrees,combined_G06_Re500,combined_shift,Nuavg,conservative_U_D_V_max,0.8433794959363987,1.0,192,0,0,192,0.0,0.0,1.0,0.0,1.0,,,1.0,,29.01401396975886,,,29.01401396975886,,1.1616491000168025,0.0
ExtraTrees,combined_G06_Re500,combined_shift,DelP_Pa,conservative_U_D_V_max,0.8508771824529785,1.0,192,0,0,192,0.0,0.0,1.0,0.0,1.0,,,1.0,,68.17182687887687,,,68.17182687887687,,1.1372962000314146,0.0
