split_name,family,target,score_method,tolerance_pct,failure_rate,failure_AUROC,failure_AUPRC,AURC_MAPE_pct,full_MAE,full_RMSE,full_MAPE_pct,full_R2,model_family
random80_20,in_distribution,Nuavg,U_only,5.0,0.008676789587852495,0.8458698030634574,0.05542466453584644,0.1323634577270373,0.07403527762199563,0.23347585453304576,0.3227842221555548,0.9993900057246003,ExtraTrees
random80_20,in_distribution,Nuavg,D_only,5.0,0.008676789587852495,0.6583014223194747,0.013640687394526882,0.24193092853643947,0.07403527762199563,0.23347585453304576,0.3227842221555548,0.9993900057246003,ExtraTrees
random80_20,in_distribution,Nuavg,V_only,5.0,0.008676789587852495,0.5,0.008676789587852495,0.3191219110286361,0.07403527762199563,0.23347585453304576,0.3227842221555548,0.9993900057246003,ExtraTrees
random80_20,in_distribution,Nuavg,U_plus_D,5.0,0.008676789587852495,0.81085886214442,0.06785031141909277,0.1529219260747275,0.07403527762199563,0.23347585453304576,0.3227842221555548,0.9993900057246003,ExtraTrees
random80_20,in_distribution,Nuavg,U_plus_V,5.0,0.008676789587852495,0.8458698030634574,0.05542466453584644,0.1323634577270373,0.07403527762199563,0.23347585453304576,0.3227842221555548,0.9993900057246003,ExtraTrees
random80_20,in_distribution,Nuavg,D_plus_V,5.0,0.008676789587852495,0.6583014223194747,0.013640687394526882,0.24193092853643947,0.07403527762199563,0.23347585453304576,0.3227842221555548,0.9993900057246003,ExtraTrees
random80_20,in_distribution,Nuavg,U_plus_D_plus_V,5.0,0.008676789587852495,0.81085886214442,0.06785031141909277,0.1529219260747275,0.07403527762199563,0.23347585453304576,0.3227842221555548,0.9993900057246003,ExtraTrees
random80_20,in_distribution,Nuavg,U_2D_plus_V,5.0,0.008676789587852495,0.7937636761487965,0.05608218830423544,0.1720983828748835,0.07403527762199563,0.23347585453304576,0.3227842221555548,0.9993900057246003,ExtraTrees
random80_20,in_distribution,Nuavg,conservative_U_D_V_max,5.0,0.008676789587852495,0.769488512035011,0.028787579336720513,0.18632578662876137,0.07403527762199563,0.23347585453304576,0.3227842221555548,0.9993900057246003,ExtraTrees
random80_20,in_distribution,Nuavg,oracle_error_rank,5.0,0.008676789587852495,1.0,1.0,0.05914330426906151,0.07403527762199563,0.23347585453304576,0.3227842221555548,0.9993900057246003,ExtraTrees
random80_20,in_distribution,Nuavg,random_rejection,5.0,0.008676789587852495,0.6163840262582057,0.01543375613599517,0.2945457579587059,0.07403527762199563,0.23347585453304576,0.3227842221555548,0.9993900057246003,ExtraTrees
random80_20,in_distribution,DelP_Pa,U_only,10.0,0.0,,,0.041915209733737344,0.4158975924540619,2.122631272821761,0.10908894382502865,0.9999892922414421,ExtraTrees
random80_20,in_distribution,DelP_Pa,D_only,10.0,0.0,,,0.08054107841377435,0.4158975924540619,2.122631272821761,0.10908894382502865,0.9999892922414421,ExtraTrees
random80_20,in_distribution,DelP_Pa,V_only,10.0,0.0,,,0.1144784888087394,0.4158975924540619,2.122631272821761,0.10908894382502865,0.9999892922414421,ExtraTrees
random80_20,in_distribution,DelP_Pa,U_plus_D,10.0,0.0,,,0.05483502643819788,0.4158975924540619,2.122631272821761,0.10908894382502865,0.9999892922414421,ExtraTrees
random80_20,in_distribution,DelP_Pa,U_plus_V,10.0,0.0,,,0.041915209733737344,0.4158975924540619,2.122631272821761,0.10908894382502865,0.9999892922414421,ExtraTrees
random80_20,in_distribution,DelP_Pa,D_plus_V,10.0,0.0,,,0.08054107841377435,0.4158975924540619,2.122631272821761,0.10908894382502865,0.9999892922414421,ExtraTrees
random80_20,in_distribution,DelP_Pa,U_plus_D_plus_V,10.0,0.0,,,0.05483502643819788,0.4158975924540619,2.122631272821761,0.10908894382502865,0.9999892922414421,ExtraTrees
random80_20,in_distribution,DelP_Pa,U_2D_plus_V,10.0,0.0,,,0.061114745698113954,0.4158975924540619,2.122631272821761,0.10908894382502865,0.9999892922414421,ExtraTrees
random80_20,in_distribution,DelP_Pa,conservative_U_D_V_max,10.0,0.0,,,0.06982986239022812,0.4158975924540619,2.122631272821761,0.10908894382502865,0.9999892922414421,ExtraTrees
random80_20,in_distribution,DelP_Pa,oracle_error_rank,10.0,0.0,,,0.013201451164638865,0.4158975924540619,2.122631272821761,0.10908894382502865,0.9999892922414421,ExtraTrees
random80_20,in_distribution,DelP_Pa,random_rejection,10.0,0.0,,,0.10616459797901964,0.4158975924540619,2.122631272821761,0.10908894382502865,0.9999892922414421,ExtraTrees
holdout_Re25,withheld_reynolds,Nuavg,U_only,5.0,1.0,,,39.13452577841644,4.317535688773145,4.875408017408248,39.855107653526105,-2.5731099848004626,ExtraTrees
holdout_Re25,withheld_reynolds,Nuavg,D_only,5.0,1.0,,,41.15045391929987,4.317535688773145,4.875408017408248,39.855107653526105,-2.5731099848004626,ExtraTrees
holdout_Re25,withheld_reynolds,Nuavg,V_only,5.0,1.0,,,41.15045391929987,4.317535688773145,4.875408017408248,39.855107653526105,-2.5731099848004626,ExtraTrees
holdout_Re25,withheld_reynolds,Nuavg,U_plus_D,5.0,1.0,,,39.13452577841644,4.317535688773145,4.875408017408248,39.855107653526105,-2.5731099848004626,ExtraTrees
holdout_Re25,withheld_reynolds,Nuavg,U_plus_V,5.0,1.0,,,39.13452577841644,4.317535688773145,4.875408017408248,39.855107653526105,-2.5731099848004626,ExtraTrees
holdout_Re25,withheld_reynolds,Nuavg,D_plus_V,5.0,1.0,,,41.15045391929987,4.317535688773145,4.875408017408248,39.855107653526105,-2.5731099848004626,ExtraTrees
holdout_Re25,withheld_reynolds,Nuavg,U_plus_D_plus_V,5.0,1.0,,,39.13452577841644,4.317535688773145,4.875408017408248,39.855107653526105,-2.5731099848004626,ExtraTrees
holdout_Re25,withheld_reynolds,Nuavg,U_2D_plus_V,5.0,1.0,,,39.13452577841644,4.317535688773145,4.875408017408248,39.855107653526105,-2.5731099848004626,ExtraTrees
holdout_Re25,withheld_reynolds,Nuavg,conservative_U_D_V_max,5.0,1.0,,,41.15045391929987,4.317535688773145,4.875408017408248,39.855107653526105,-2.5731099848004626,ExtraTrees
holdout_Re25,withheld_reynolds,Nuavg,oracle_error_rank,5.0,1.0,,,29.798519294287434,4.317535688773145,4.875408017408248,39.855107653526105,-2.5731099848004626,ExtraTrees
holdout_Re25,withheld_reynolds,Nuavg,random_rejection,5.0,1.0,,,39.89883793496851,4.317535688773145,4.875408017408248,39.855107653526105,-2.5731099848004626,ExtraTrees
holdout_Re25,withheld_reynolds,DelP_Pa,U_only,10.0,1.0,,,329.8316444931553,98.08310760134808,174.4812217248242,331.3957777532744,-12.767452181560602,ExtraTrees
holdout_Re25,withheld_reynolds,DelP_Pa,D_only,10.0,1.0,,,327.89040984986246,98.08310760134808,174.4812217248242,331.3957777532744,-12.767452181560602,ExtraTrees
holdout_Re25,withheld_reynolds,DelP_Pa,V_only,10.0,1.0,,,327.89040984986246,98.08310760134808,174.4812217248242,331.3957777532744,-12.767452181560602,ExtraTrees
holdout_Re25,withheld_reynolds,DelP_Pa,U_plus_D,10.0,1.0,,,329.8316444931553,98.08310760134808,174.4812217248242,331.3957777532744,-12.767452181560602,ExtraTrees
holdout_Re25,withheld_reynolds,DelP_Pa,U_plus_V,10.0,1.0,,,329.8316444931553,98.08310760134808,174.4812217248242,331.3957777532744,-12.767452181560602,ExtraTrees
holdout_Re25,withheld_reynolds,DelP_Pa,D_plus_V,10.0,1.0,,,327.89040984986246,98.08310760134808,174.4812217248242,331.3957777532744,-12.767452181560602,ExtraTrees
holdout_Re25,withheld_reynolds,DelP_Pa,U_plus_D_plus_V,10.0,1.0,,,329.8316444931553,98.08310760134808,174.4812217248242,331.3957777532744,-12.767452181560602,ExtraTrees
holdout_Re25,withheld_reynolds,DelP_Pa,U_2D_plus_V,10.0,1.0,,,329.8316444931553,98.08310760134808,174.4812217248242,331.3957777532744,-12.767452181560602,ExtraTrees
holdout_Re25,withheld_reynolds,DelP_Pa,conservative_U_D_V_max,10.0,1.0,,,327.89040984986246,98.08310760134808,174.4812217248242,331.3957777532744,-12.767452181560602,ExtraTrees
holdout_Re25,withheld_reynolds,DelP_Pa,oracle_error_rank,10.0,1.0,,,318.38180782715915,98.08310760134808,174.4812217248242,331.3957777532744,-12.767452181560602,ExtraTrees
holdout_Re25,withheld_reynolds,DelP_Pa,random_rejection,10.0,1.0,,,331.0522691209868,98.08310760134808,174.4812217248242,331.3957777532744,-12.767452181560602,ExtraTrees
holdout_Re100,withheld_reynolds,Nuavg,U_only,5.0,0.8888888888888888,0.5,0.8888888888888888,8.3287151583236,1.3618585797739755,1.6079076184554604,8.709623468082045,0.8871914401495687,ExtraTrees
holdout_Re100,withheld_reynolds,Nuavg,D_only,5.0,0.8888888888888888,0.4750823974609375,0.883437776601996,8.018324336500243,1.3618585797739755,1.6079076184554604,8.709623468082045,0.8871914401495687,ExtraTrees
holdout_Re100,withheld_reynolds,Nuavg,V_only,5.0,0.8888888888888888,0.5,0.8888888888888888,8.3287151583236,1.3618585797739755,1.6079076184554604,8.709623468082045,0.8871914401495687,ExtraTrees
holdout_Re100,withheld_reynolds,Nuavg,U_plus_D,5.0,0.8888888888888888,0.4750823974609375,0.883437776601996,8.018324336500243,1.3618585797739755,1.6079076184554604,8.709623468082045,0.8871914401495687,ExtraTrees
holdout_Re100,withheld_reynolds,Nuavg,U_plus_V,5.0,0.8888888888888888,0.5,0.8888888888888888,8.3287151583236,1.3618585797739755,1.6079076184554604,8.709623468082045,0.8871914401495687,ExtraTrees
holdout_Re100,withheld_reynolds,Nuavg,D_plus_V,5.0,0.8888888888888888,0.4750823974609375,0.883437776601996,8.018324336500243,1.3618585797739755,1.6079076184554604,8.709623468082045,0.8871914401495687,ExtraTrees
holdout_Re100,withheld_reynolds,Nuavg,U_plus_D_plus_V,5.0,0.8888888888888888,0.4750823974609375,0.883437776601996,8.018324336500243,1.3618585797739755,1.6079076184554604,8.709623468082045,0.8871914401495687,ExtraTrees
holdout_Re100,withheld_reynolds,Nuavg,U_2D_plus_V,5.0,0.8888888888888888,0.4750823974609375,0.883437776601996,8.018324336500243,1.3618585797739755,1.6079076184554604,8.709623468082045,0.8871914401495687,ExtraTrees
holdout_Re100,withheld_reynolds,Nuavg,conservative_U_D_V_max,5.0,0.8888888888888888,0.5,0.8888888888888888,8.3287151583236,1.3618585797739755,1.6079076184554604,8.709623468082045,0.8871914401495687,ExtraTrees
holdout_Re100,withheld_reynolds,Nuavg,oracle_error_rank,5.0,0.8888888888888888,1.0,1.0,6.091648471170406,1.3618585797739755,1.6079076184554604,8.709623468082045,0.8871914401495687,ExtraTrees
holdout_Re100,withheld_reynolds,Nuavg,random_rejection,5.0,0.8888888888888888,0.4699249267578125,0.8769154907416742,8.784633421692428,1.3618585797739755,1.6079076184554604,8.709623468082045,0.8871914401495687,ExtraTrees
holdout_Re100,withheld_reynolds,DelP_Pa,U_only,10.0,1.0,,,45.74261079998135,60.14349297962493,108.06522184647028,45.834767111648134,0.6809672441067876,ExtraTrees
holdout_Re100,withheld_reynolds,DelP_Pa,D_only,10.0,1.0,,,45.7935004715249,60.14349297962493,108.06522184647028,45.834767111648134,0.6809672441067876,ExtraTrees
holdout_Re100,withheld_reynolds,DelP_Pa,V_only,10.0,1.0,,,45.74261079998135,60.14349297962493,108.06522184647028,45.834767111648134,0.6809672441067876,ExtraTrees
holdout_Re100,withheld_reynolds,DelP_Pa,U_plus_D,10.0,1.0,,,45.7935004715249,60.14349297962493,108.06522184647028,45.834767111648134,0.6809672441067876,ExtraTrees
holdout_Re100,withheld_reynolds,DelP_Pa,U_plus_V,10.0,1.0,,,45.74261079998135,60.14349297962493,108.06522184647028,45.834767111648134,0.6809672441067876,ExtraTrees
holdout_Re100,withheld_reynolds,DelP_Pa,D_plus_V,10.0,1.0,,,45.7935004715249,60.14349297962493,108.06522184647028,45.834767111648134,0.6809672441067876,ExtraTrees
holdout_Re100,withheld_reynolds,DelP_Pa,U_plus_D_plus_V,10.0,1.0,,,45.7935004715249,60.14349297962493,108.06522184647028,45.834767111648134,0.6809672441067876,ExtraTrees
holdout_Re100,withheld_reynolds,DelP_Pa,U_2D_plus_V,10.0,1.0,,,45.7935004715249,60.14349297962493,108.06522184647028,45.834767111648134,0.6809672441067876,ExtraTrees
holdout_Re100,withheld_reynolds,DelP_Pa,conservative_U_D_V_max,10.0,1.0,,,45.74261079998135,60.14349297962493,108.06522184647028,45.834767111648134,0.6809672441067876,ExtraTrees
holdout_Re100,withheld_reynolds,DelP_Pa,oracle_error_rank,10.0,1.0,,,45.08540428230284,60.14349297962493,108.06522184647028,45.834767111648134,0.6809672441067876,ExtraTrees
holdout_Re100,withheld_reynolds,DelP_Pa,random_rejection,10.0,1.0,,,45.849972720650314,60.14349297962493,108.06522184647028,45.834767111648134,0.6809672441067876,ExtraTrees
holdout_Re250,withheld_reynolds,Nuavg,U_only,5.0,0.4817708333333333,0.5,0.4817708333333333,5.22636986932649,0.9733798298999662,1.2003901215832484,4.692423549076764,0.9729863814396282,ExtraTrees
holdout_Re250,withheld_reynolds,Nuavg,D_only,5.0,0.4817708333333333,0.496154948918768,0.4803702876229865,4.655630134190615,0.9733798298999662,1.2003901215832484,4.692423549076764,0.9729863814396282,ExtraTrees
holdout_Re250,withheld_reynolds,Nuavg,V_only,5.0,0.4817708333333333,0.5,0.4817708333333333,5.22636986932649,0.9733798298999662,1.2003901215832484,4.692423549076764,0.9729863814396282,ExtraTrees
holdout_Re250,withheld_reynolds,Nuavg,U_plus_D,5.0,0.4817708333333333,0.496154948918768,0.4803702876229865,4.655630134190615,0.9733798298999662,1.2003901215832484,4.692423549076764,0.9729863814396282,ExtraTrees
holdout_Re250,withheld_reynolds,Nuavg,U_plus_V,5.0,0.4817708333333333,0.5,0.4817708333333333,5.22636986932649,0.9733798298999662,1.2003901215832484,4.692423549076764,0.9729863814396282,ExtraTrees
holdout_Re250,withheld_reynolds,Nuavg,D_plus_V,5.0,0.4817708333333333,0.496154948918768,0.4803702876229865,4.655630134190615,0.9733798298999662,1.2003901215832484,4.692423549076764,0.9729863814396282,ExtraTrees
holdout_Re250,withheld_reynolds,Nuavg,U_plus_D_plus_V,5.0,0.4817708333333333,0.496154948918768,0.4803702876229865,4.655630134190615,0.9733798298999662,1.2003901215832484,4.692423549076764,0.9729863814396282,ExtraTrees
holdout_Re250,withheld_reynolds,Nuavg,U_2D_plus_V,5.0,0.4817708333333333,0.496154948918768,0.4803702876229865,4.655630134190615,0.9733798298999662,1.2003901215832484,4.692423549076764,0.9729863814396282,ExtraTrees
holdout_Re250,withheld_reynolds,Nuavg,conservative_U_D_V_max,5.0,0.4817708333333333,0.5,0.4817708333333333,5.22636986932649,0.9733798298999662,1.2003901215832484,4.692423549076764,0.9729863814396282,ExtraTrees
holdout_Re250,withheld_reynolds,Nuavg,oracle_error_rank,5.0,0.4817708333333333,1.0,1.0,3.1259136941516346,0.9733798298999662,1.2003901215832484,4.692423549076764,0.9729863814396282,ExtraTrees
holdout_Re250,withheld_reynolds,Nuavg,random_rejection,5.0,0.4817708333333333,0.46877027781550396,0.45735235042095923,4.7939523422298596,0.9733798298999662,1.2003901215832484,4.692423549076764,0.9729863814396282,ExtraTrees
holdout_Re250,withheld_reynolds,DelP_Pa,U_only,10.0,1.0,,,27.46620752935736,95.43806762885453,164.0126820981508,27.7700200200929,0.8908552962539698,ExtraTrees
holdout_Re250,withheld_reynolds,DelP_Pa,D_only,10.0,1.0,,,27.77958523189138,95.43806762885453,164.0126820981508,27.7700200200929,0.8908552962539698,ExtraTrees
holdout_Re250,withheld_reynolds,DelP_Pa,V_only,10.0,1.0,,,27.46620752935736,95.43806762885453,164.0126820981508,27.7700200200929,0.8908552962539698,ExtraTrees
holdout_Re250,withheld_reynolds,DelP_Pa,U_plus_D,10.0,1.0,,,27.77958523189138,95.43806762885453,164.0126820981508,27.7700200200929,0.8908552962539698,ExtraTrees
holdout_Re250,withheld_reynolds,DelP_Pa,U_plus_V,10.0,1.0,,,27.46620752935736,95.43806762885453,164.0126820981508,27.7700200200929,0.8908552962539698,ExtraTrees
holdout_Re250,withheld_reynolds,DelP_Pa,D_plus_V,10.0,1.0,,,27.77958523189138,95.43806762885453,164.0126820981508,27.7700200200929,0.8908552962539698,ExtraTrees
holdout_Re250,withheld_reynolds,DelP_Pa,U_plus_D_plus_V,10.0,1.0,,,27.77958523189138,95.43806762885453,164.0126820981508,27.7700200200929,0.8908552962539698,ExtraTrees
holdout_Re250,withheld_reynolds,DelP_Pa,U_2D_plus_V,10.0,1.0,,,27.77958523189138,95.43806762885453,164.0126820981508,27.7700200200929,0.8908552962539698,ExtraTrees
holdout_Re250,withheld_reynolds,DelP_Pa,conservative_U_D_V_max,10.0,1.0,,,27.46620752935736,95.43806762885453,164.0126820981508,27.7700200200929,0.8908552962539698,ExtraTrees
holdout_Re250,withheld_reynolds,DelP_Pa,oracle_error_rank,10.0,1.0,,,27.07275263962217,95.43806762885453,164.0126820981508,27.7700200200929,0.8908552962539698,ExtraTrees
holdout_Re250,withheld_reynolds,DelP_Pa,random_rejection,10.0,1.0,,,27.737117794737973,95.43806762885453,164.0126820981508,27.7700200200929,0.8908552962539698,ExtraTrees
holdout_Re500,withheld_reynolds,Nuavg,U_only,5.0,1.0,,,22.670130942192785,6.024181774432872,7.102331164915029,22.252512358409167,0.560129557006102,ExtraTrees
holdout_Re500,withheld_reynolds,Nuavg,D_only,5.0,1.0,,,20.896797474233995,6.024181774432872,7.102331164915029,22.252512358409167,0.560129557006102,ExtraTrees
holdout_Re500,withheld_reynolds,Nuavg,V_only,5.0,1.0,,,22.472543438100573,6.024181774432872,7.102331164915029,22.252512358409167,0.560129557006102,ExtraTrees
holdout_Re500,withheld_reynolds,Nuavg,U_plus_D,5.0,1.0,,,21.484392324246702,6.024181774432872,7.102331164915029,22.252512358409167,0.560129557006102,ExtraTrees
holdout_Re500,withheld_reynolds,Nuavg,U_plus_V,5.0,1.0,,,22.670130942192785,6.024181774432872,7.102331164915029,22.252512358409167,0.560129557006102,ExtraTrees
holdout_Re500,withheld_reynolds,Nuavg,D_plus_V,5.0,1.0,,,20.896797474233995,6.024181774432872,7.102331164915029,22.252512358409167,0.560129557006102,ExtraTrees
holdout_Re500,withheld_reynolds,Nuavg,U_plus_D_plus_V,5.0,1.0,,,21.484392324246702,6.024181774432872,7.102331164915029,22.252512358409167,0.560129557006102,ExtraTrees
holdout_Re500,withheld_reynolds,Nuavg,U_2D_plus_V,5.0,1.0,,,21.229523757646717,6.024181774432872,7.102331164915029,22.252512358409167,0.560129557006102,ExtraTrees
holdout_Re500,withheld_reynolds,Nuavg,conservative_U_D_V_max,5.0,1.0,,,20.894227556020738,6.024181774432872,7.102331164915029,22.252512358409167,0.560129557006102,ExtraTrees
holdout_Re500,withheld_reynolds,Nuavg,oracle_error_rank,5.0,1.0,,,19.021565678858206,6.024181774432872,7.102331164915029,22.252512358409167,0.560129557006102,ExtraTrees
holdout_Re500,withheld_reynolds,Nuavg,random_rejection,5.0,1.0,,,22.15881282685048,6.024181774432872,7.102331164915029,22.252512358409167,0.560129557006102,ExtraTrees
holdout_Re500,withheld_reynolds,DelP_Pa,U_only,10.0,1.0,,,58.21405586679784,437.8956591777452,710.6325841292377,58.35959017874128,0.5469075949209639,ExtraTrees
holdout_Re500,withheld_reynolds,DelP_Pa,D_only,10.0,1.0,,,58.19529611314599,437.8956591777452,710.6325841292377,58.35959017874128,0.5469075949209639,ExtraTrees
holdout_Re500,withheld_reynolds,DelP_Pa,V_only,10.0,1.0,,,57.90342131283612,437.8956591777452,710.6325841292377,58.35959017874128,0.5469075949209639,ExtraTrees
holdout_Re500,withheld_reynolds,DelP_Pa,U_plus_D,10.0,1.0,,,58.31420599653301,437.8956591777452,710.6325841292377,58.35959017874128,0.5469075949209639,ExtraTrees
holdout_Re500,withheld_reynolds,DelP_Pa,U_plus_V,10.0,1.0,,,58.21405586679784,437.8956591777452,710.6325841292377,58.35959017874128,0.5469075949209639,ExtraTrees
holdout_Re500,withheld_reynolds,DelP_Pa,D_plus_V,10.0,1.0,,,58.19529611314599,437.8956591777452,710.6325841292377,58.35959017874128,0.5469075949209639,ExtraTrees
holdout_Re500,withheld_reynolds,DelP_Pa,U_plus_D_plus_V,10.0,1.0,,,58.31420599653301,437.8956591777452,710.6325841292377,58.35959017874128,0.5469075949209639,ExtraTrees
holdout_Re500,withheld_reynolds,DelP_Pa,U_2D_plus_V,10.0,1.0,,,58.3142059490688,437.8956591777452,710.6325841292377,58.35959017874128,0.5469075949209639,ExtraTrees
holdout_Re500,withheld_reynolds,DelP_Pa,conservative_U_D_V_max,10.0,1.0,,,58.19529611314599,437.8956591777452,710.6325841292377,58.35959017874128,0.5469075949209639,ExtraTrees
holdout_Re500,withheld_reynolds,DelP_Pa,oracle_error_rank,10.0,1.0,,,55.92813353325587,437.8956591777452,710.6325841292377,58.35959017874128,0.5469075949209639,ExtraTrees
holdout_Re500,withheld_reynolds,DelP_Pa,random_rejection,10.0,1.0,,,58.289117725957894,437.8956591777452,710.6325841292377,58.35959017874128,0.5469075949209639,ExtraTrees
holdout_G01,withheld_geometry,Nuavg,U_only,5.0,0.12109375,0.7259020310633214,0.36946355724097796,2.556309128592744,0.6083803761822876,0.8791777404681581,2.712306549322607,0.9907569113682524,ExtraTrees
holdout_G01,withheld_geometry,Nuavg,D_only,5.0,0.12109375,0.5,0.12109375,2.1641153885251585,0.6083803761822876,0.8791777404681581,2.712306549322607,0.9907569113682524,ExtraTrees
holdout_G01,withheld_geometry,Nuavg,V_only,5.0,0.12109375,0.5,0.12109375,2.1641153885251585,0.6083803761822876,0.8791777404681581,2.712306549322607,0.9907569113682524,ExtraTrees
holdout_G01,withheld_geometry,Nuavg,U_plus_D,5.0,0.12109375,0.7259020310633214,0.36946355724097796,2.556309128592744,0.6083803761822876,0.8791777404681581,2.712306549322607,0.9907569113682524,ExtraTrees
holdout_G01,withheld_geometry,Nuavg,U_plus_V,5.0,0.12109375,0.7259020310633214,0.36946355724097796,2.556309128592744,0.6083803761822876,0.8791777404681581,2.712306549322607,0.9907569113682524,ExtraTrees
holdout_G01,withheld_geometry,Nuavg,D_plus_V,5.0,0.12109375,0.5,0.12109375,2.1641153885251585,0.6083803761822876,0.8791777404681581,2.712306549322607,0.9907569113682524,ExtraTrees
holdout_G01,withheld_geometry,Nuavg,U_plus_D_plus_V,5.0,0.12109375,0.7259020310633214,0.36946355724097796,2.556309128592744,0.6083803761822876,0.8791777404681581,2.712306549322607,0.9907569113682524,ExtraTrees
holdout_G01,withheld_geometry,Nuavg,U_2D_plus_V,5.0,0.12109375,0.7259020310633214,0.36946355724097796,2.556309128592744,0.6083803761822876,0.8791777404681581,2.712306549322607,0.9907569113682524,ExtraTrees
holdout_G01,withheld_geometry,Nuavg,conservative_U_D_V_max,5.0,0.12109375,0.5,0.12109375,2.1641153885251585,0.6083803761822876,0.8791777404681581,2.712306549322607,0.9907569113682524,ExtraTrees
holdout_G01,withheld_geometry,Nuavg,oracle_error_rank,5.0,0.12109375,1.0,1.0,1.4255546002918689,0.6083803761822876,0.8791777404681581,2.712306549322607,0.9907569113682524,ExtraTrees
holdout_G01,withheld_geometry,Nuavg,random_rejection,5.0,0.12109375,0.48705694942254085,0.12606744114791438,2.745470096998235,0.6083803761822876,0.8791777404681581,2.712306549322607,0.9907569113682524,ExtraTrees
holdout_G01,withheld_geometry,DelP_Pa,U_only,10.0,0.03125,0.7016129032258064,0.09320104579250921,4.241800729079575,7.835789296855573,12.431264080284167,4.759309334662876,0.9996175069635147,ExtraTrees
holdout_G01,withheld_geometry,DelP_Pa,D_only,10.0,0.03125,0.5,0.03125,4.067773478124342,7.835789296855573,12.431264080284167,4.759309334662876,0.9996175069635147,ExtraTrees
holdout_G01,withheld_geometry,DelP_Pa,V_only,10.0,0.03125,0.5,0.03125,4.067773478124342,7.835789296855573,12.431264080284167,4.759309334662876,0.9996175069635147,ExtraTrees
holdout_G01,withheld_geometry,DelP_Pa,U_plus_D,10.0,0.03125,0.7016129032258064,0.09320104579250921,4.241800729079575,7.835789296855573,12.431264080284167,4.759309334662876,0.9996175069635147,ExtraTrees
holdout_G01,withheld_geometry,DelP_Pa,U_plus_V,10.0,0.03125,0.7016129032258064,0.09320104579250921,4.241800729079575,7.835789296855573,12.431264080284167,4.759309334662876,0.9996175069635147,ExtraTrees
holdout_G01,withheld_geometry,DelP_Pa,D_plus_V,10.0,0.03125,0.5,0.03125,4.067773478124342,7.835789296855573,12.431264080284167,4.759309334662876,0.9996175069635147,ExtraTrees
holdout_G01,withheld_geometry,DelP_Pa,U_plus_D_plus_V,10.0,0.03125,0.7016129032258064,0.09320104579250921,4.241800729079575,7.835789296855573,12.431264080284167,4.759309334662876,0.9996175069635147,ExtraTrees
holdout_G01,withheld_geometry,DelP_Pa,U_2D_plus_V,10.0,0.03125,0.7016129032258064,0.09320104579250921,4.241800729079575,7.835789296855573,12.431264080284167,4.759309334662876,0.9996175069635147,ExtraTrees
holdout_G01,withheld_geometry,DelP_Pa,conservative_U_D_V_max,10.0,0.03125,0.5,0.03125,4.067773478124342,7.835789296855573,12.431264080284167,4.759309334662876,0.9996175069635147,ExtraTrees
holdout_G01,withheld_geometry,DelP_Pa,oracle_error_rank,10.0,0.03125,1.0,1.0,2.4551251942866745,7.835789296855573,12.431264080284167,4.759309334662876,0.9996175069635147,ExtraTrees
holdout_G01,withheld_geometry,DelP_Pa,random_rejection,10.0,0.03125,0.4613015232974911,0.030483168402283045,4.789396113964382,7.835789296855573,12.431264080284167,4.759309334662876,0.9996175069635147,ExtraTrees
holdout_G02,withheld_geometry,Nuavg,U_only,5.0,0.0234375,0.6062962962962962,0.029118674169450336,0.7354673923956226,0.26473176595077336,0.586443923460146,1.10969839586656,0.9953004745997761,ExtraTrees
holdout_G02,withheld_geometry,Nuavg,D_only,5.0,0.0234375,0.494962962962963,0.02280721173508842,1.3174941351758704,0.26473176595077336,0.586443923460146,1.10969839586656,0.9953004745997761,ExtraTrees
holdout_G02,withheld_geometry,Nuavg,V_only,5.0,0.0234375,0.5,0.0234375,1.2526383373816765,0.26473176595077336,0.586443923460146,1.10969839586656,0.9953004745997761,ExtraTrees
holdout_G02,withheld_geometry,Nuavg,U_plus_D,5.0,0.0234375,0.6962222222222222,0.03838841890750089,0.699564559282463,0.26473176595077336,0.586443923460146,1.10969839586656,0.9953004745997761,ExtraTrees
holdout_G02,withheld_geometry,Nuavg,U_plus_V,5.0,0.0234375,0.6062962962962962,0.029118674169450336,0.7354673923956226,0.26473176595077336,0.586443923460146,1.10969839586656,0.9953004745997761,ExtraTrees
holdout_G02,withheld_geometry,Nuavg,D_plus_V,5.0,0.0234375,0.494962962962963,0.02280721173508842,1.3174941351758704,0.26473176595077336,0.586443923460146,1.10969839586656,0.9953004745997761,ExtraTrees
holdout_G02,withheld_geometry,Nuavg,U_plus_D_plus_V,5.0,0.0234375,0.6962222222222222,0.03838841890750089,0.699564559282463,0.26473176595077336,0.586443923460146,1.10969839586656,0.9953004745997761,ExtraTrees
holdout_G02,withheld_geometry,Nuavg,U_2D_plus_V,5.0,0.0234375,0.6757037037037038,0.036922227829293934,0.8080502564264561,0.26473176595077336,0.586443923460146,1.10969839586656,0.9953004745997761,ExtraTrees
holdout_G02,withheld_geometry,Nuavg,conservative_U_D_V_max,5.0,0.0234375,0.5566296296296296,0.026008899341794785,0.86191381971446,0.26473176595077336,0.586443923460146,1.10969839586656,0.9953004745997761,ExtraTrees
holdout_G02,withheld_geometry,Nuavg,oracle_error_rank,5.0,0.0234375,0.9999999999999999,1.0,0.37306306244378923,0.26473176595077336,0.586443923460146,1.10969839586656,0.9953004745997761,ExtraTrees
holdout_G02,withheld_geometry,Nuavg,random_rejection,5.0,0.0234375,0.4186666666666667,0.022156877205561178,1.2144149242419766,0.26473176595077336,0.586443923460146,1.10969839586656,0.9953004745997761,ExtraTrees
holdout_G02,withheld_geometry,DelP_Pa,U_only,10.0,0.0,,,1.2949572500020117,2.3930244065018265,4.312805159873561,1.4180217588329105,0.9999548584592701,ExtraTrees
holdout_G02,withheld_geometry,DelP_Pa,D_only,10.0,0.0,,,1.5393872454440742,2.3930244065018265,4.312805159873561,1.4180217588329105,0.9999548584592701,ExtraTrees
holdout_G02,withheld_geometry,DelP_Pa,V_only,10.0,0.0,,,1.407370142706834,2.3930244065018265,4.312805159873561,1.4180217588329105,0.9999548584592701,ExtraTrees
holdout_G02,withheld_geometry,DelP_Pa,U_plus_D,10.0,0.0,,,1.4577843070164256,2.3930244065018265,4.312805159873561,1.4180217588329105,0.9999548584592701,ExtraTrees
holdout_G02,withheld_geometry,DelP_Pa,U_plus_V,10.0,0.0,,,1.2949572500020117,2.3930244065018265,4.312805159873561,1.4180217588329105,0.9999548584592701,ExtraTrees
holdout_G02,withheld_geometry,DelP_Pa,D_plus_V,10.0,0.0,,,1.5393872454440742,2.3930244065018265,4.312805159873561,1.4180217588329105,0.9999548584592701,ExtraTrees
holdout_G02,withheld_geometry,DelP_Pa,U_plus_D_plus_V,10.0,0.0,,,1.4577843070164256,2.3930244065018265,4.312805159873561,1.4180217588329105,0.9999548584592701,ExtraTrees
holdout_G02,withheld_geometry,DelP_Pa,U_2D_plus_V,10.0,0.0,,,1.509563272412003,2.3930244065018265,4.312805159873561,1.4180217588329105,0.9999548584592701,ExtraTrees
holdout_G02,withheld_geometry,DelP_Pa,conservative_U_D_V_max,10.0,0.0,,,1.3379753322526258,2.3930244065018265,4.312805159873561,1.4180217588329105,0.9999548584592701,ExtraTrees
holdout_G02,withheld_geometry,DelP_Pa,oracle_error_rank,10.0,0.0,,,0.7219215749152367,2.3930244065018265,4.312805159873561,1.4180217588329105,0.9999548584592701,ExtraTrees
holdout_G02,withheld_geometry,DelP_Pa,random_rejection,10.0,0.0,,,1.39441871705872,2.3930244065018265,4.312805159873561,1.4180217588329105,0.9999548584592701,ExtraTrees
holdout_G03,withheld_geometry,Nuavg,U_only,5.0,0.05859375,0.9515905947441217,0.391304347826087,0.6189465709919788,0.30903357679203014,0.6958875838286228,1.1565928660212366,0.9936619338833196,ExtraTrees
holdout_G03,withheld_geometry,Nuavg,D_only,5.0,0.05859375,0.554433686798832,0.06717248657572596,1.1776318054500639,0.30903357679203014,0.6958875838286228,1.1565928660212366,0.9936619338833196,ExtraTrees
holdout_G03,withheld_geometry,Nuavg,V_only,5.0,0.05859375,0.5,0.05859375,0.9729563426066997,0.30903357679203014,0.6958875838286228,1.1565928660212366,0.9936619338833196,ExtraTrees
holdout_G03,withheld_geometry,Nuavg,U_plus_D,5.0,0.05859375,0.9525895189795605,0.41633337344565374,0.6182620651740008,0.30903357679203014,0.6958875838286228,1.1565928660212366,0.9936619338833196,ExtraTrees
holdout_G03,withheld_geometry,Nuavg,U_plus_V,5.0,0.05859375,0.9515905947441217,0.391304347826087,0.6189465709919788,0.30903357679203014,0.6958875838286228,1.1565928660212366,0.9936619338833196,ExtraTrees
holdout_G03,withheld_geometry,Nuavg,D_plus_V,5.0,0.05859375,0.554433686798832,0.06717248657572596,1.1776318054500639,0.30903357679203014,0.6958875838286228,1.1565928660212366,0.9936619338833196,ExtraTrees
holdout_G03,withheld_geometry,Nuavg,U_plus_D_plus_V,5.0,0.05859375,0.9525895189795605,0.41633337344565374,0.6182620651740008,0.30903357679203014,0.6958875838286228,1.1565928660212366,0.9936619338833196,ExtraTrees
holdout_G03,withheld_geometry,Nuavg,U_2D_plus_V,5.0,0.05859375,0.9501306285538651,0.41164910304011243,0.6222977243347221,0.30903357679203014,0.6958875838286228,1.1565928660212366,0.9936619338833196,ExtraTrees
holdout_G03,withheld_geometry,Nuavg,conservative_U_D_V_max,5.0,0.05859375,0.7551867219917012,0.11278195488721804,0.7811758414905029,0.30903357679203014,0.6958875838286228,1.1565928660212366,0.9936619338833196,ExtraTrees
holdout_G03,withheld_geometry,Nuavg,oracle_error_rank,5.0,0.05859375,0.9999999999999999,1.0,0.2878887769787764,0.30903357679203014,0.6958875838286228,1.1565928660212366,0.9936619338833196,ExtraTrees
holdout_G03,withheld_geometry,Nuavg,random_rejection,5.0,0.05859375,0.42760104502843094,0.058205600889426126,1.2030406091800705,0.30903357679203014,0.6958875838286228,1.1565928660212366,0.9936619338833196,ExtraTrees
holdout_G03,withheld_geometry,DelP_Pa,U_only,10.0,0.0,,,0.3793464703820956,0.7191568324639616,1.1782749852310324,0.3891632346590956,0.999996623242226,ExtraTrees
holdout_G03,withheld_geometry,DelP_Pa,D_only,10.0,0.0,,,0.4425476585823561,0.7191568324639616,1.1782749852310324,0.3891632346590956,0.999996623242226,ExtraTrees
holdout_G03,withheld_geometry,DelP_Pa,V_only,10.0,0.0,,,0.33792760778320224,0.7191568324639616,1.1782749852310324,0.3891632346590956,0.999996623242226,ExtraTrees
holdout_G03,withheld_geometry,DelP_Pa,U_plus_D,10.0,0.0,,,0.44073002858994054,0.7191568324639616,1.1782749852310324,0.3891632346590956,0.999996623242226,ExtraTrees
holdout_G03,withheld_geometry,DelP_Pa,U_plus_V,10.0,0.0,,,0.3793464703820956,0.7191568324639616,1.1782749852310324,0.3891632346590956,0.999996623242226,ExtraTrees
holdout_G03,withheld_geometry,DelP_Pa,D_plus_V,10.0,0.0,,,0.4425476585823561,0.7191568324639616,1.1782749852310324,0.3891632346590956,0.999996623242226,ExtraTrees
holdout_G03,withheld_geometry,DelP_Pa,U_plus_D_plus_V,10.0,0.0,,,0.44073002858994054,0.7191568324639616,1.1782749852310324,0.3891632346590956,0.999996623242226,ExtraTrees
holdout_G03,withheld_geometry,DelP_Pa,U_2D_plus_V,10.0,0.0,,,0.44141588919339453,0.7191568324639616,1.1782749852310324,0.3891632346590956,0.999996623242226,ExtraTrees
holdout_G03,withheld_geometry,DelP_Pa,conservative_U_D_V_max,10.0,0.0,,,0.4410419381676075,0.7191568324639616,1.1782749852310324,0.3891632346590956,0.999996623242226,ExtraTrees
holdout_G03,withheld_geometry,DelP_Pa,oracle_error_rank,10.0,0.0,,,0.19369402369018648,0.7191568324639616,1.1782749852310324,0.3891632346590956,0.999996623242226,ExtraTrees
holdout_G03,withheld_geometry,DelP_Pa,random_rejection,10.0,0.0,,,0.3860852812953951,0.7191568324639616,1.1782749852310324,0.3891632346590956,0.999996623242226,ExtraTrees
holdout_G04,withheld_geometry,Nuavg,U_only,5.0,0.140625,0.6227272727272727,0.1782178217821782,1.2644198903181707,0.5489322597361163,1.1315568392001725,2.2765711173535057,0.9825084730909104,ExtraTrees
holdout_G04,withheld_geometry,Nuavg,D_only,5.0,0.140625,0.4374649270482604,0.1263569057345174,2.723156715340159,0.5489322597361163,1.1315568392001725,2.2765711173535057,0.9825084730909104,ExtraTrees
holdout_G04,withheld_geometry,Nuavg,V_only,5.0,0.140625,0.5,0.140625,1.5891448661697043,0.5489322597361163,1.1315568392001725,2.2765711173535057,0.9825084730909104,ExtraTrees
holdout_G04,withheld_geometry,Nuavg,U_plus_D,5.0,0.140625,0.586945847362514,0.16553836640907374,1.9065722765993893,0.5489322597361163,1.1315568392001725,2.2765711173535057,0.9825084730909104,ExtraTrees
holdout_G04,withheld_geometry,Nuavg,U_plus_V,5.0,0.140625,0.6227272727272727,0.1782178217821782,1.2644198903181707,0.5489322597361163,1.1315568392001725,2.2765711173535057,0.9825084730909104,ExtraTrees
holdout_G04,withheld_geometry,Nuavg,D_plus_V,5.0,0.140625,0.4374649270482604,0.1263569057345174,2.723156715340159,0.5489322597361163,1.1315568392001725,2.2765711173535057,0.9825084730909104,ExtraTrees
holdout_G04,withheld_geometry,Nuavg,U_plus_D_plus_V,5.0,0.140625,0.586945847362514,0.16553836640907377,1.9065722765993893,0.5489322597361163,1.1315568392001725,2.2765711173535057,0.9825084730909104,ExtraTrees
holdout_G04,withheld_geometry,Nuavg,U_2D_plus_V,5.0,0.140625,0.551648428731762,0.15658829543050562,2.0993111419034514,0.5489322597361163,1.1315568392001725,2.2765711173535057,0.9825084730909104,ExtraTrees
holdout_G04,withheld_geometry,Nuavg,conservative_U_D_V_max,5.0,0.140625,0.6060606060606061,0.17197452229299362,1.3224496289037166,0.5489322597361163,1.1315568392001725,2.2765711173535057,0.9825084730909104,ExtraTrees
holdout_G04,withheld_geometry,Nuavg,oracle_error_rank,5.0,0.140625,1.0,1.0,0.5802000509560543,0.5489322597361163,1.1315568392001725,2.2765711173535057,0.9825084730909104,ExtraTrees
holdout_G04,withheld_geometry,Nuavg,random_rejection,5.0,0.140625,0.4499438832772166,0.13751609441505486,2.4720076976843663,0.5489322597361163,1.1315568392001725,2.2765711173535057,0.9825084730909104,ExtraTrees
holdout_G04,withheld_geometry,DelP_Pa,U_only,10.0,0.0625,0.5,0.0625,3.7596664903754338,8.184716293164279,14.24985068298499,3.9477023828496343,0.9995372822487393,ExtraTrees
holdout_G04,withheld_geometry,DelP_Pa,D_only,10.0,0.0625,0.41769386574074074,0.05273609893801213,4.182824977611155,8.184716293164279,14.24985068298499,3.9477023828496343,0.9995372822487393,ExtraTrees
holdout_G04,withheld_geometry,DelP_Pa,V_only,10.0,0.0625,0.5,0.0625,3.7596664903754338,8.184716293164279,14.24985068298499,3.9477023828496343,0.9995372822487393,ExtraTrees
holdout_G04,withheld_geometry,DelP_Pa,U_plus_D,10.0,0.0625,0.41769386574074074,0.05273609893801213,4.182824977611155,8.184716293164279,14.24985068298499,3.9477023828496343,0.9995372822487393,ExtraTrees
holdout_G04,withheld_geometry,DelP_Pa,U_plus_V,10.0,0.0625,0.5,0.0625,3.7596664903754338,8.184716293164279,14.24985068298499,3.9477023828496343,0.9995372822487393,ExtraTrees
holdout_G04,withheld_geometry,DelP_Pa,D_plus_V,10.0,0.0625,0.41769386574074074,0.05273609893801213,4.182824977611155,8.184716293164279,14.24985068298499,3.9477023828496343,0.9995372822487393,ExtraTrees
holdout_G04,withheld_geometry,DelP_Pa,U_plus_D_plus_V,10.0,0.0625,0.41769386574074074,0.05273609893801212,4.182458785175946,8.184716293164279,14.24985068298499,3.9477023828496343,0.9995372822487393,ExtraTrees
holdout_G04,withheld_geometry,DelP_Pa,U_2D_plus_V,10.0,0.0625,0.41769386574074074,0.05273609893801213,4.182824977611155,8.184716293164279,14.24985068298499,3.9477023828496343,0.9995372822487393,ExtraTrees
holdout_G04,withheld_geometry,DelP_Pa,conservative_U_D_V_max,10.0,0.0625,0.5,0.0625,3.7596664903754338,8.184716293164279,14.24985068298499,3.9477023828496343,0.9995372822487393,ExtraTrees
holdout_G04,withheld_geometry,DelP_Pa,oracle_error_rank,10.0,0.0625,1.0,1.0,1.868723606694542,8.184716293164279,14.24985068298499,3.9477023828496343,0.9995372822487393,ExtraTrees
holdout_G04,withheld_geometry,DelP_Pa,random_rejection,10.0,0.0625,0.5224537037037037,0.06531046728860103,3.842100677897298,8.184716293164279,14.24985068298499,3.9477023828496343,0.9995372822487393,ExtraTrees
holdout_G05,withheld_geometry,Nuavg,U_only,5.0,0.09375,0.6784003831417624,0.1430750688194751,1.9765852278884932,0.4988936924504912,0.9934381755744646,2.047092550289887,0.9852287022031635,ExtraTrees
holdout_G05,withheld_geometry,Nuavg,D_only,5.0,0.09375,0.4608776340996169,0.08696227712184923,2.305205206673143,0.4988936924504912,0.9934381755744646,2.047092550289887,0.9852287022031635,ExtraTrees
holdout_G05,withheld_geometry,Nuavg,V_only,5.0,0.09375,0.5,0.09375,2.1192574163827476,0.4988936924504912,0.9934381755744646,2.047092550289887,0.9852287022031635,ExtraTrees
holdout_G05,withheld_geometry,Nuavg,U_plus_D,5.0,0.09375,0.681852650063857,0.17776580684673204,1.9198812086371815,0.4988936924504912,0.9934381755744646,2.047092550289887,0.9852287022031635,ExtraTrees
holdout_G05,withheld_geometry,Nuavg,U_plus_V,5.0,0.09375,0.6784003831417624,0.1430750688194751,1.9765852278884932,0.4988936924504912,0.9934381755744646,2.047092550289887,0.9852287022031635,ExtraTrees
holdout_G05,withheld_geometry,Nuavg,D_plus_V,5.0,0.09375,0.4608776340996169,0.08696227712184923,2.305205206673143,0.4988936924504912,0.9934381755744646,2.047092550289887,0.9852287022031635,ExtraTrees
holdout_G05,withheld_geometry,Nuavg,U_plus_D_plus_V,5.0,0.09375,0.681852650063857,0.17776580684673204,1.9198812086371815,0.4988936924504912,0.9934381755744646,2.047092550289887,0.9852287022031635,ExtraTrees
holdout_G05,withheld_geometry,Nuavg,U_2D_plus_V,5.0,0.09375,0.6611190932311621,0.1767274622649787,1.9466020661961814,0.4988936924504912,0.9934381755744646,2.047092550289887,0.9852287022031635,ExtraTrees
holdout_G05,withheld_geometry,Nuavg,conservative_U_D_V_max,5.0,0.09375,0.516952027458493,0.09998126284050968,2.1399710498696267,0.4988936924504912,0.9934381755744646,2.047092550289887,0.9852287022031635,ExtraTrees
holdout_G05,withheld_geometry,Nuavg,oracle_error_rank,5.0,0.09375,1.0,0.9999999999999998,0.6637927730310761,0.4988936924504912,0.9934381755744646,2.047092550289887,0.9852287022031635,ExtraTrees
holdout_G05,withheld_geometry,Nuavg,random_rejection,5.0,0.09375,0.4315932311621967,0.0841225564866668,2.1948679674600835,0.4988936924504912,0.9934381755744646,2.047092550289887,0.9852287022031635,ExtraTrees
holdout_G05,withheld_geometry,DelP_Pa,U_only,10.0,0.0,,,1.2964310970305164,3.2949564486674663,5.714350050182215,1.5694741099668388,0.9999248366722598,ExtraTrees
holdout_G05,withheld_geometry,DelP_Pa,D_only,10.0,0.0,,,1.6443819141921496,3.2949564486674663,5.714350050182215,1.5694741099668388,0.9999248366722598,ExtraTrees
holdout_G05,withheld_geometry,DelP_Pa,V_only,10.0,0.0,,,1.3476587069742643,3.2949564486674663,5.714350050182215,1.5694741099668388,0.9999248366722598,ExtraTrees
holdout_G05,withheld_geometry,DelP_Pa,U_plus_D,10.0,0.0,,,1.5891553227050497,3.2949564486674663,5.714350050182215,1.5694741099668388,0.9999248366722598,ExtraTrees
holdout_G05,withheld_geometry,DelP_Pa,U_plus_V,10.0,0.0,,,1.2964310970305164,3.2949564486674663,5.714350050182215,1.5694741099668388,0.9999248366722598,ExtraTrees
holdout_G05,withheld_geometry,DelP_Pa,D_plus_V,10.0,0.0,,,1.6443819141921496,3.2949564486674663,5.714350050182215,1.5694741099668388,0.9999248366722598,ExtraTrees
holdout_G05,withheld_geometry,DelP_Pa,U_plus_D_plus_V,10.0,0.0,,,1.5891553227050497,3.2949564486674663,5.714350050182215,1.5694741099668388,0.9999248366722598,ExtraTrees
holdout_G05,withheld_geometry,DelP_Pa,U_2D_plus_V,10.0,0.0,,,1.5983794666645208,3.2949564486674663,5.714350050182215,1.5694741099668388,0.9999248366722598,ExtraTrees
holdout_G05,withheld_geometry,DelP_Pa,conservative_U_D_V_max,10.0,0.0,,,1.6328427065838322,3.2949564486674663,5.714350050182215,1.5694741099668388,0.9999248366722598,ExtraTrees
holdout_G05,withheld_geometry,DelP_Pa,oracle_error_rank,10.0,0.0,,,0.7147156858874716,3.2949564486674663,5.714350050182215,1.5694741099668388,0.9999248366722598,ExtraTrees
holdout_G05,withheld_geometry,DelP_Pa,random_rejection,10.0,0.0,,,1.5373060553710993,3.2949564486674663,5.714350050182215,1.5694741099668388,0.9999248366722598,ExtraTrees
holdout_G06,withheld_geometry,Nuavg,U_only,5.0,0.27734375,0.5365816520746098,0.3677391378780096,4.398268850955708,1.3595656464505275,2.7618455033385096,4.783887355055115,0.933926191645515,ExtraTrees
holdout_G06,withheld_geometry,Nuavg,D_only,5.0,0.27734375,0.5,0.27734375,4.228435399423877,1.3595656464505275,2.7618455033385096,4.783887355055115,0.933926191645515,ExtraTrees
holdout_G06,withheld_geometry,Nuavg,V_only,5.0,0.27734375,0.5,0.27734375,4.228435399423877,1.3595656464505275,2.7618455033385096,4.783887355055115,0.933926191645515,ExtraTrees
holdout_G06,withheld_geometry,Nuavg,U_plus_D,5.0,0.27734375,0.5365816520746098,0.3677391378780096,4.398268850955708,1.3595656464505275,2.7618455033385096,4.783887355055115,0.933926191645515,ExtraTrees
holdout_G06,withheld_geometry,Nuavg,U_plus_V,5.0,0.27734375,0.5365816520746098,0.3677391378780096,4.398268850955708,1.3595656464505275,2.7618455033385096,4.783887355055115,0.933926191645515,ExtraTrees
holdout_G06,withheld_geometry,Nuavg,D_plus_V,5.0,0.27734375,0.5,0.27734375,4.228435399423877,1.3595656464505275,2.7618455033385096,4.783887355055115,0.933926191645515,ExtraTrees
holdout_G06,withheld_geometry,Nuavg,U_plus_D_plus_V,5.0,0.27734375,0.5365816520746098,0.3677391378780096,4.398268850955708,1.3595656464505275,2.7618455033385096,4.783887355055115,0.933926191645515,ExtraTrees
holdout_G06,withheld_geometry,Nuavg,U_2D_plus_V,5.0,0.27734375,0.5365816520746098,0.3677391378780096,4.398268850955708,1.3595656464505275,2.7618455033385096,4.783887355055115,0.933926191645515,ExtraTrees
holdout_G06,withheld_geometry,Nuavg,conservative_U_D_V_max,5.0,0.27734375,0.5,0.27734375,4.228435399423877,1.3595656464505275,2.7618455033385096,4.783887355055115,0.933926191645515,ExtraTrees
holdout_G06,withheld_geometry,Nuavg,oracle_error_rank,5.0,0.27734375,1.0,1.0,1.585967233310691,1.3595656464505275,2.7618455033385096,4.783887355055115,0.933926191645515,ExtraTrees
holdout_G06,withheld_geometry,Nuavg,random_rejection,5.0,0.27734375,0.49793173455145284,0.2841397214129111,5.22300369875094,1.3595656464505275,2.7618455033385096,4.783887355055115,0.933926191645515,ExtraTrees
holdout_G06,withheld_geometry,DelP_Pa,U_only,10.0,0.7708333333333334,0.581023495085995,0.8263155426505366,18.04065374144425,51.662095180016,84.44378467650476,19.17951976121648,0.9858429374878347,ExtraTrees
holdout_G06,withheld_geometry,DelP_Pa,D_only,10.0,0.7708333333333334,0.5,0.7708333333333334,17.774463007090574,51.662095180016,84.44378467650476,19.17951976121648,0.9858429374878347,ExtraTrees
holdout_G06,withheld_geometry,DelP_Pa,V_only,10.0,0.7708333333333334,0.5,0.7708333333333334,17.774463007090574,51.662095180016,84.44378467650476,19.17951976121648,0.9858429374878347,ExtraTrees
holdout_G06,withheld_geometry,DelP_Pa,U_plus_D,10.0,0.7708333333333334,0.581023495085995,0.8263155426505366,18.04065374144425,51.662095180016,84.44378467650476,19.17951976121648,0.9858429374878347,ExtraTrees
holdout_G06,withheld_geometry,DelP_Pa,U_plus_V,10.0,0.7708333333333334,0.581023495085995,0.8263155426505366,18.04065374144425,51.662095180016,84.44378467650476,19.17951976121648,0.9858429374878347,ExtraTrees
holdout_G06,withheld_geometry,DelP_Pa,D_plus_V,10.0,0.7708333333333334,0.5,0.7708333333333334,17.774463007090574,51.662095180016,84.44378467650476,19.17951976121648,0.9858429374878347,ExtraTrees
holdout_G06,withheld_geometry,DelP_Pa,U_plus_D_plus_V,10.0,0.7708333333333334,0.581023495085995,0.8263155426505366,18.04065374144425,51.662095180016,84.44378467650476,19.17951976121648,0.9858429374878347,ExtraTrees
holdout_G06,withheld_geometry,DelP_Pa,U_2D_plus_V,10.0,0.7708333333333334,0.581023495085995,0.8263155426505366,18.04065374144425,51.662095180016,84.44378467650476,19.17951976121648,0.9858429374878347,ExtraTrees
holdout_G06,withheld_geometry,DelP_Pa,conservative_U_D_V_max,10.0,0.7708333333333334,0.5,0.7708333333333334,17.774463007090574,51.662095180016,84.44378467650476,19.17951976121648,0.9858429374878347,ExtraTrees
holdout_G06,withheld_geometry,DelP_Pa,oracle_error_rank,10.0,0.7708333333333334,1.0,0.9999999999999999,11.472633407131651,51.662095180016,84.44378467650476,19.17951976121648,0.9858429374878347,ExtraTrees
holdout_G06,withheld_geometry,DelP_Pa,random_rejection,10.0,0.7708333333333334,0.48990325552825553,0.7626472279180248,19.167890431119353,51.662095180016,84.44378467650476,19.17951976121648,0.9858429374878347,ExtraTrees
combined_G06_Re500,combined_shift,Nuavg,U_only,5.0,1.0,,,26.51695026249243,9.425936337500005,12.133013084103302,29.01401396975886,0.2396810548468491,ExtraTrees
combined_G06_Re500,combined_shift,Nuavg,D_only,5.0,1.0,,,21.38250921600896,9.425936337500005,12.133013084103302,29.01401396975886,0.2396810548468491,ExtraTrees
combined_G06_Re500,combined_shift,Nuavg,V_only,5.0,1.0,,,21.38250921600896,9.425936337500005,12.133013084103302,29.01401396975886,0.2396810548468491,ExtraTrees
combined_G06_Re500,combined_shift,Nuavg,U_plus_D,5.0,1.0,,,26.51695026249243,9.425936337500005,12.133013084103302,29.01401396975886,0.2396810548468491,ExtraTrees
combined_G06_Re500,combined_shift,Nuavg,U_plus_V,5.0,1.0,,,26.51695026249243,9.425936337500005,12.133013084103302,29.01401396975886,0.2396810548468491,ExtraTrees
combined_G06_Re500,combined_shift,Nuavg,D_plus_V,5.0,1.0,,,21.38250921600896,9.425936337500005,12.133013084103302,29.01401396975886,0.2396810548468491,ExtraTrees
combined_G06_Re500,combined_shift,Nuavg,U_plus_D_plus_V,5.0,1.0,,,26.51695026249243,9.425936337500005,12.133013084103302,29.01401396975886,0.2396810548468491,ExtraTrees
combined_G06_Re500,combined_shift,Nuavg,U_2D_plus_V,5.0,1.0,,,26.51695026249243,9.425936337500005,12.133013084103302,29.01401396975886,0.2396810548468491,ExtraTrees
combined_G06_Re500,combined_shift,Nuavg,conservative_U_D_V_max,5.0,1.0,,,21.38250921600896,9.425936337500005,12.133013084103302,29.01401396975886,0.2396810548468491,ExtraTrees
combined_G06_Re500,combined_shift,Nuavg,oracle_error_rank,5.0,1.0,,,21.085749788892212,9.425936337500005,12.133013084103302,29.01401396975886,0.2396810548468491,ExtraTrees
combined_G06_Re500,combined_shift,Nuavg,random_rejection,5.0,1.0,,,28.964529518001523,9.425936337500005,12.133013084103302,29.01401396975886,0.2396810548468491,ExtraTrees
combined_G06_Re500,combined_shift,DelP_Pa,U_only,10.0,1.0,,,68.44367869538007,589.6150585603591,847.081322028234,68.17182687887687,0.40994443913652356,ExtraTrees
combined_G06_Re500,combined_shift,DelP_Pa,D_only,10.0,1.0,,,69.40647866619594,589.6150585603591,847.081322028234,68.17182687887687,0.40994443913652356,ExtraTrees
combined_G06_Re500,combined_shift,DelP_Pa,V_only,10.0,1.0,,,69.40647866619594,589.6150585603591,847.081322028234,68.17182687887687,0.40994443913652356,ExtraTrees
combined_G06_Re500,combined_shift,DelP_Pa,U_plus_D,10.0,1.0,,,68.44367869538007,589.6150585603591,847.081322028234,68.17182687887687,0.40994443913652356,ExtraTrees
combined_G06_Re500,combined_shift,DelP_Pa,U_plus_V,10.0,1.0,,,68.44367869538007,589.6150585603591,847.081322028234,68.17182687887687,0.40994443913652356,ExtraTrees
combined_G06_Re500,combined_shift,DelP_Pa,D_plus_V,10.0,1.0,,,69.40647866619594,589.6150585603591,847.081322028234,68.17182687887687,0.40994443913652356,ExtraTrees
combined_G06_Re500,combined_shift,DelP_Pa,U_plus_D_plus_V,10.0,1.0,,,68.44367869538007,589.6150585603591,847.081322028234,68.17182687887687,0.40994443913652356,ExtraTrees
combined_G06_Re500,combined_shift,DelP_Pa,U_2D_plus_V,10.0,1.0,,,68.44367869538007,589.6150585603591,847.081322028234,68.17182687887687,0.40994443913652356,ExtraTrees
combined_G06_Re500,combined_shift,DelP_Pa,conservative_U_D_V_max,10.0,1.0,,,69.40647866619594,589.6150585603591,847.081322028234,68.17182687887687,0.40994443913652356,ExtraTrees
combined_G06_Re500,combined_shift,DelP_Pa,oracle_error_rank,10.0,1.0,,,62.91875755898992,589.6150585603591,847.081322028234,68.17182687887687,0.40994443913652356,ExtraTrees
combined_G06_Re500,combined_shift,DelP_Pa,random_rejection,10.0,1.0,,,68.1729312620059,589.6150585603591,847.081322028234,68.17182687887687,0.40994443913652356,ExtraTrees
